ICON,places/great-barrier-reef,explore/icons/great-barrier-reef
ICON,places/red-centre,explore/icons/red-centre
ICON,places/great-ocean-road,explore/icons/great-ocean-road
ICON,places/kakadu,explore/icons/kakadu
ICON,places/kimberley,explore/icons/kimberley
ICON,places/kangaroo-island,explore/icons/kangaroo-island
ICON,places/byron-bay,explore/icons/byron-bay
ICON,places/tas-wilderness,explore/icons/tas-wilderness
ICON,places/alps,explore/icons/alps
ICON,places/ningaloo,explore/icons/ningaloo
ICON,places/flinders,explore/icons/flinders
ICON,places/fraser-island,explore/icons/fraser-island
ICON,places/freycinet,explore/icons/freycinet
ICON,places/gippsland,explore/icons/gippsland
ICON,places/blue-mountains,explore/icons/blue-mountains
ICON,places/namadgi,explore/icons/namadgi
CITY,places/sydney,explore/cities/sydney
CITY,places/melbourne,explore/cities/melbourne
CITY,places/brisbane,explore/cities/brisbane
CITY,places/perth,explore/cities/perth
CITY,places/darwin,explore/cities/darwin
CITY,places/adelaide,explore/cities/adelaide
CITY,places/hobart,explore/cities/hobart
CITY,places/canberra,explore/cities/canberra
CITY,places/gold-coast,explore/cities/gold-coast
CITY,places/cairns,explore/cities/cairns
CITY,places/alice-springs,explore/cities/alice-springs
CITY,places/broome,explore/cities/broome
CATEGORY PAGE,places/regional-cities,explore/cities/regional-cities
CITY,places/nsw/orange,explore/events/nsw-taste-of-orange
CITY,places/qld/bundaberg-natural-attraction,explore/cities/regional-cities/bundaberg-natural-attraction
CITY,places/tas/launceston-devonport-burnie,explore/cities/regional-cities/tas-launceston-devonport-burnie
CITY,places/vic/bendigo,explore/states/vic/vic-bendigo
CITY,places/wa/albany,explore/cities/regional-cities/wa-albany
CITY,places/wa/kalgoorlie,explore/states/wa/wa-kalgoorlie
CITY,places/wa/kununurra,explore/states/wa/wa-kununurra
STATE,places/nsw,explore/states/nsw
ARTICLE,places/nsw/anz-stadium,about/culture-history/stadiums/anz-stadium
ARTICLE,places/nsw/allianz-stadium,about/culture-history/stadiums/allianz-stadium
ARTICLE,places/nsw/nsw-glebe,explore/cities/sydney/nsw-glebe
ARTICLE,places/nsw/sydney-the-rocks,explore/cities/sydney/sydney-the-rocks
ARTICLE,places/nsw/sydney-harbour-np,explore/cities/sydney/sydney-harbour-np
ARTICLE,places/nsw/nsw-manly-beach,explore/cities/sydney/nsw-manly-beach
ARTICLE,places/nsw/nsw-palm-beach,explore/cities/sydney/nsw-palm-beach
ARTICLE,places/nsw/nsw-bondi-beach,explore/cities/sydney/nsw-bondi-beach
ARTICLE,places/nsw/nsw-bondi-bronte,explore/cities/sydney/nsw-bondi-bronte
ARTICLE,places/nsw/nsw-coogee-beach,explore/cities/sydney/nsw-coogee-beach
ARTICLE,places/nsw/nsw-sydney-beaches,explore/cities/sydney/nsw-sydney-beaches
ARTICLE,places/nsw/coffs-harbour,explore/states/nsw/coffs-harbour
ARTICLE,places/nsw/nsw-spring-hunter-valley,explore/states/nsw/nsw-spring-hunter-valley
ARTICLE,places/nsw/nsw-jervis-bay,explore/states/nsw/nsw-jervis-bay
STATE,places/vic,explore/states/vic
ARTICLE,places/vic/flemington-racecourse-stadium,about/culture-history/stadiums/flemington-racecourse-stadium
ARTICLE,places/vic/melbourne-cricket-ground,about/culture-history/stadiums/melbourne-cricket-ground
ARTICLE,places/vic/rod-laver-arena,about/culture-history/stadiums/rod-laver-arena
ARTICLE,places/vic/etihad-stadium,about/culture-history/stadiums/etihad-stadium
ARTICLE,places/vic/melbourne-hidden-laneways,explore/cities/melbourne/melbourne-hidden-laneways
ARTICLE,places/vic/melbourne-rooftop-culture,explore/cities/melbourne/melbourne-rooftop-culture
ARTICLE,places/vic/vic-brunswick,explore/cities/melbourne/vic-brunswick
ARTICLE,places/vic/fed-square,explore/cities/melbourne/fed-square
ARTICLE,places/vic/st-kilda,explore/cities/melbourne/st-kilda
ARTICLE,places/vic/mornington-peninsula,explore/cities/melbourne/mornington-peninsula
ARTICLE,places/vic/vic-torquay,explore/states/vic/vic-torquay
ARTICLE,places/vic/vic-grampians,explore/states/vic/vic-grampians
ARTICLE,places/vic/vic-12-apostles,explore/states/vic/vic-12-apostles
ARTICLE,places/vic/vic-bendigo,explore/states/vic/vic-bendigo
ARTICLE,places/vic/vic-snow-play,explore/states/vic/vic-snow-play
STATE,places/qld,explore/states/qld
ARTICLE,places/qld/suncorp-stadium,about/culture-history/stadiums/suncorp-stadium
ARTICLE,places/qld/the-gabba,about/culture-history/stadiums/the-gabba
ARTICLE,places/qld/brisbane-culture-life,explore/cities/brisbane/brisbane-culture-life
ARTICLE,places/qld/qld-adventure-on-brisbane-river,explore/cities/brisbane/qld-adventure-on-brisbane-river
ARTICLE,places/qld/qld-surfing,explore/cities/gold-coast/qld-surfing
ARTICLE,places/qld/port-douglas,explore/cities/cairns/port-douglas
ARTICLE,places/qld/kuranda,explore/cities/cairns/kuranda
STATE,places/nt,explore/states/nt
ARTICLE,places/nt/darwin-historical-attractions,explore/cities/darwin/nt-darwin-historical-attractions
ARTICLE,places/nt/darwin-art-precincts,explore/cities/darwin/darwin-art-precincts
ARTICLE,places/nt/darwin-waterfront,explore/cities/darwin/darwin-waterfront
ARTICLE,places/nt/mindil-markets,explore/cities/darwin/nt-mindil-markets
STATE,places/wa,explore/states/wa
ARTICLE,places/wa/the-waca,about/culture-history/stadiums/the-waca
ARTICLE,places/wa/perth-city-precincts,explore/cities/perth/perth-city-precincts
ARTICLE,places/wa/cottesloe-beach,explore/cities/perth/wa-cottesloe-beach
ARTICLE,places/wa/rottnest-island,explore/cities/perth/rottnest-island
ARTICLE,places/wa/cable-beach,explore/cities/broome/wa-cable-beach
ARTICLE,places/wa/albany,explore/cities/regional-cities/wa-albany
STATE,places/sa,explore/states/sa
ARTICLE,places/sa/adelaide-oval,about/culture-history/stadiums/adelaide-oval
ARTICLE,places/sa/adelaide-central-market,explore/cities/adelaide/adelaide-central-market
ARTICLE,places/sa/glenelg-beach,explore/cities/adelaide/sa-glenelg-beach
ARTICLE,places/sa/hahndorf,explore/cities/adelaide/sa-hahndorf
STATE,places/tas,explore/states/tas
ARTICLE,places/tas/hobart-salamanca-place,explore/cities/hobart/hobart-salamanca-place
ARTICLE,places/tas/winter-secrets,explore/states/tas/tas-winter-secrets
STATE,places/act,explore/states/act
ARTICLE,places/act/canberra-stadium,about/culture-history/stadiums/canberra-stadium
ARTICLE,places/act/manuka-oval,about/culture-history/stadiums/manuka-oval
ARTICLE,places/act/canberra-aboriginal-art,explore/cities/canberra/canberra-aboriginal-art
ARTICLE,places/act/canberra-home-grown-shopping,explore/cities/canberra/canberra-home-grown-shopping
ARTICLE,places/act/fireside-festival,explore/cities/canberra/act-fireside-festival
CATEGORY,itineraries/holiday-ideas,explore/itineraries-ideas/holiday-ideas
CATEGORY,itineraries/drive-australia,explore/itineraries-ideas/drive-australia
ITINERARY,itineraries/nsw-pacific-coast-touring-route,explore/itineraries/nsw-pacific-coast-touring-route
ITINERARY,itineraries/nt-red-centre-way,explore/itineraries/nt-red-centre-way
ITINERARY,itineraries/qld-pacific-coast,explore/itineraries/qld-pacific-coast
ITINERARY,itineraries/nt-natures-way,explore/itineraries/nt-natures-way
ITINERARY,itineraries/nsw-sydney-to-melbourne-coastal-drive,explore/itineraries/nsw-sydney-to-melbourne-coastal-drive
ITINERARY,itineraries/wa-indian-ocean-drive,explore/itineraries/wa-indian-ocean-drive
ITINERARY,itineraries/vic-great-southern-touring-route,explore/itineraries/vic-great-southern-touring-route
ITINERARY,itineraries/wa-gibb-river-rd,explore/itineraries/wa-gibb-river-rd
ITINERARY,itineraries/melbourne-adelaide-gor,explore/itineraries/melbourne-adelaide-gor
ITINERARY,itineraries/tas-circle-tas,explore/itineraries/tas-circle-tas
ITINERARY,itineraries/sa-loop,explore/itineraries/sa-loop
ITINERARY,itineraries/tas-east-coast,explore/itineraries/tas-east-coast
ITINERARY,itineraries/sa-explorers-highway,explore/itineraries/sa-explorers-highway
CATEGORY,itineraries/coastal-journeys,explore/itineraries-ideas/coastal-journeys
ITINERARY,itineraries/vic-great-southern-touring-route,explore/itineraries/vic-great-southern-touring-route
ITINERARY,itineraries/nsw-pacific-coast-touring-route,explore/itineraries/nsw-pacific-coast-touring-route
ITINERARY,itineraries/qld-pacific-coast,explore/itineraries/qld-pacific-coast
ITINERARY,itineraries/nsw-sydney-to-melbourne-coastal-drive,explore/itineraries/nsw-sydney-to-melbourne-coastal-drive
ITINERARY,itineraries/wa-south-west-beaches-goldfields,explore/itineraries/wa-south-west-beaches-goldfields
ITINERARY,itineraries/vic-wilsons-prom,explore/itineraries/vic-wilsons-prom
ITINERARY,itineraries/qld-3days-gold-coast,explore/itineraries/qld-3days-gold-coast
ITINERARY,itineraries/wa-3days-broome,explore/itineraries/wa-3days-broome
ITINERARY,itineraries/tas-east-coast,explore/itineraries/tas-east-coast
ITINERARY,itineraries/qld-whitsundays-sailing,explore/itineraries/qld-whitsundays-sailing
ITINERARY,itineraries/qld-great-sunshine-way,explore/itineraries/qld-great-sunshine-way
ITINERARY,itineraries/qld-3days-cairns,explore/itineraries/qld-3days-cairns
ITINERARY,itineraries/wa-indian-ocean-drive,explore/itineraries/wa-indian-ocean-drive
ITINERARY,itineraries/qld-tropical-drive,explore/itineraries/qld-tropical-drive
ITINERARY,itineraries/melbourne-adelaide-gor,explore/itineraries/melbourne-adelaide-gor
ITINERARY,itineraries/big-pacific-coast-touring-route,explore/itineraries/big-pacific-coast-touring-route
CATEGORY,itineraries/outback-journeys,explore/itineraries-ideas/outback-journeys
ITINERARY,itineraries/wa-gibb-river-rd,explore/itineraries/wa-gibb-river-rd
ITINERARY,itineraries/nt-red-centre-way,explore/itineraries/nt-red-centre-way
ITINERARY,itineraries/sa-explorers-highway,explore/itineraries/sa-explorers-highway
ITINERARY,itineraries/wa-savannah,explore/itineraries/wa-savannah
ITINERARY,itineraries/qld-savannah-way,explore/itineraries/qld-savannah-way
ITINERARY,itineraries/sa-loop,explore/itineraries/sa-loop
ITINERARY,itineraries/nt-natures-way,explore/itineraries/nt-natures-way
ITINERARY,itineraries/nt-larapinta-trail,explore/itineraries/nt-larapinta-trail
ITINERARY,itineraries/wa-sa-nsw-indian-pacific,explore/itineraries/wa-sa-nsw-indian-pacific
ITINERARY,itineraries/sa-ghan,explore/itineraries/sa-ghan
ITINERARY,itineraries/crossing-nullarbor,explore/itineraries/crossing-nullarbor
CATEGORY,itineraries/nature-discovery,explore/itineraries-ideas/nature-discovery
ITINERARY,itineraries/nt-natures-way,explore/itineraries/nt-natures-way
ITINERARY,itineraries/vic-great-alpine-way,explore/itineraries/vic-great-alpine-way
ITINERARY,itineraries/tas-circle-tas,explore/itineraries/tas-circle-tas
ITINERARY,itineraries/tas-east-coast,explore/itineraries/tas-east-coast
ITINERARY,itineraries/sa-loop,explore/itineraries/sa-loop
ITINERARY,itineraries/tas-overland-track,explore/itineraries/tas-overland-track
ITINERARY,itineraries/act-australian-alps-walking-track,explore/itineraries/act-australian-alps-walking-track
ITINERARY,itineraries/qld-goldcoast-hinterland,explore/itineraries/qld-goldcoast-hinterland
ITINERARY,itineraries/sa-heysen-trail,explore/itineraries/sa-heysen-trail
ITINERARY,itineraries/vic-wilsons-prom,explore/itineraries/vic-wilsons-prom
ITINERARY,itineraries/nsw-six-foot-track,explore/itineraries/nsw-six-foot-track
ITINERARY,itineraries/act-capital-country,explore/itineraries/act-capital-country
ITINERARY,itineraries/act-poachers-way,explore/itineraries/act-poachers-way
ITINERARY,itineraries/rainforest-way,explore/itineraries/rainforest-way
CATEGORY,itineraries/adventure-journeys,explore/itineraries-ideas/adventure-journeys
ITINERARY,itineraries/wa-gibb-river-rd,explore/itineraries/wa-gibb-river-rd
ITINERARY,itineraries/nt-red-centre-way,explore/itineraries/nt-red-centre-way
ITINERARY,itineraries/sa-explorers-highway,explore/itineraries/sa-explorers-highway
ITINERARY,itineraries/wa-savannah,explore/itineraries/wa-savannah
ITINERARY,itineraries/qld-savannah-way,explore/itineraries/qld-savannah-way
ITINERARY,itineraries/sa-loop,explore/itineraries/sa-loop
ITINERARY,itineraries/nt-natures-way,explore/itineraries/nt-natures-way
ITINERARY,itineraries/nt-larapinta-trail,explore/itineraries/nt-larapinta-trail
ITINERARY,itineraries/sa-heysen-trail,explore/itineraries/sa-heysen-trail
ITINERARY,itineraries/qld-whitsundays-sailing,explore/itineraries/qld-whitsundays-sailing
ITINERARY,itineraries/wa-munda-biddi-trail,explore/itineraries/wa-munda-biddi-trail
ITINERARY,itineraries/crossing-nullarbor,explore/itineraries/crossing-nullarbor
CATEGORY,itineraries/aboriginal-discovery,explore/itineraries-ideas/aboriginal-discovery
ITINERARY,itineraries/nt-red-centre-way,explore/itineraries/nt-red-centre-way
ITINERARY,itineraries/nt-natures-way,explore/itineraries/nt-natures-way
ITINERARY,itineraries/sa-loop,explore/itineraries/sa-loop
ITINERARY,itineraries/vic-great-southern-touring-route,explore/itineraries/vic-great-southern-touring-route
ITINERARY,itineraries/tas-east-coast,explore/itineraries/tas-east-coast
ITINERARY,itineraries/sa-explorers-highway,explore/itineraries/sa-explorers-highway
ITINERARY,itineraries/wa-savannah,explore/itineraries/wa-savannah
ITINERARY,itineraries/wa-south-west-beaches-goldfields,explore/itineraries/wa-south-west-beaches-goldfields
CATEGORY,itineraries/walking-australia,explore/itineraries-ideas/walking-australia
ITINERARY,itineraries/tas-overland-track,explore/itineraries/tas-overland-track
ITINERARY,itineraries/act-australian-alps-walking-track,explore/itineraries/act-australian-alps-walking-track
ITINERARY,itineraries/qld-goldcoast-hinterland,explore/itineraries/qld-goldcoast-hinterland
ITINERARY,itineraries/sa-heysen-trail,explore/itineraries/sa-heysen-trail
ITINERARY,itineraries/nt-larapinta-trail,explore/itineraries/nt-larapinta-trail
ITINERARY,itineraries/vic-wilsons-prom,explore/itineraries/vic-wilsons-prom
ITINERARY,itineraries/nsw-six-foot-track,explore/itineraries/nsw-six-foot-track
ITINERARY,itineraries/wa-bibbulmun-track,explore/itineraries/wa-bibbulmun-track
ITINERARY,itineraries/nsw-kanangra-katoomba,explore/itineraries/nsw-kanangra-katoomba
ITINERARY,itineraries/sydney-coastal-walks,explore/itineraries/sydney-coastal-walks
ITINERARY,itineraries/hinchinbrook-island,explore/itineraries/hinchinbrook-island
CATEGORY,itineraries/holiday-ideas,explore/itineraries-ideas/holiday-ideas
ITINERARY,itineraries/nsw-3weeks-sydney,explore/itineraries/nsw-3weeks-sydney
ITINERARY,itineraries/vic-3weeks-melbourne,explore/itineraries/vic-3weeks-melbourne
ITINERARY,itineraries/qld-3weeks-brisbane,explore/itineraries/qld-3weeks-brisbane
ITINERARY,itineraries/wa-3weeks-perth,explore/itineraries/wa-3weeks-perth
ITINERARY,itineraries/sa-3weeks-adelaide,explore/itineraries/sa-3weeks-adelaide
ITINERARY,itineraries/nt-3weeks-darwin,explore/itineraries/nt-3weeks-darwin
ITINERARY,itineraries/qld-3weeks-cairns,explore/itineraries/qld-3weeks-cairns
CATEGORY,itineraries/city-journeys,explore/itineraries-ideas/city-journeys
ITINERARY,itineraries/nsw-3days-sydney,explore/itineraries/nsw-3days-sydney
ITINERARY,itineraries/vic-3days-melbourne,explore/itineraries/vic-3days-melbourne
ITINERARY,itineraries/qld-3days-brisbane,explore/itineraries/qld-3days-brisbane
ITINERARY,itineraries/wa-3days-perth,explore/itineraries/wa-3days-perth
ITINERARY,itineraries/sa-3days-adelaide,explore/itineraries/sa-3days-adelaide
ITINERARY,itineraries/nt-3days-darwin,explore/itineraries/nt-3days-darwin
ITINERARY,itineraries/tas-3days-hobart,explore/itineraries/tas-3days-hobart
ITINERARY,itineraries/act-3days-canberra,explore/itineraries/act-3days-canberra
ITINERARY,itineraries/qld-3days-cairns,explore/itineraries/qld-3days-cairns
ITINERARY,itineraries/nt-3days-alice-springs,explore/itineraries/nt-3days-alice-springs
ITINERARY,itineraries/wa-3days-broome,explore/itineraries/wa-3days-broome
ITINERARY,itineraries/qld-3days-gold-coast,explore/itineraries/qld-3days-gold-coast
CATEGORY,itineraries/australian-holiday-stories,explore/things-to-do/australian-holiday-stories
ITINERARY,itineraries/nsw-sydney-story,explore/cities/sydney/nsw-sydney-story
ITINERARY,itineraries/nt-uluru-story,explore/icons/red-centre/nt-uluru-story
ITINERARY,itineraries/wa-pinnacles-travel-story,explore/states/wa/wa-pinnacles-travel-story
ITINERARY,itineraries/tasman-national-park-story,explore/states/tas/tasman-national-park-story
ITINERARY,itineraries/margaret-river-story,explore/states/wa/margaret-river-story
ITINERARY,itineraries/sa-kangaroo-Island-story,explore/icons/kangaroo-island/sa-kangaroo-Island-story
ITINERARY,itineraries/nt-kakadu-story,explore/icons/kakadu/nt-kakadu-story
ITINERARY,itineraries/wa-kimberley-travel-story,explore/icons/kimberley/wa-kimberley-travel-story
ITINERARY,itineraries/liffey-falls-story,explore/cities/hobart/liffey-falls-story
ITINERARY,itineraries/port-campbell-travel-story,explore/icons/great-ocean-road/port-campbell-travel-story
ITINERARY,itineraries/qld-surfers-paradise-story,explore/cities/gold-coast/qld-surfers-paradise-story
ITINERARY,itineraries/bruny-travel-story,explore/states/tas/bruny-travel-story
ITINERARY,itineraries/qld-tangalooma-story,explore/cities/brisbane/qld-tangalooma-story
ITINERARY,itineraries/wa-karijini-story,explore/states/wa/wa-karijini-story
ITINERARY,itineraries/act-tharwa-story,explore/cities/canberra/act-tharwa-story
ITINERARY,itineraries/wa-valley-of-the-giants-story,explore/states/wa/wa-valley-of-the-giants-story
ITINERARY,itineraries/wa-wave-rock-story,explore/states/wa/wa-wave-rock-story
EVENT LANDING,events/major-events,explore/australian-events/major-events
EVENT LANDING,events/sporting-events,explore/australian-events/sporting-events
EVENT LANDING,events/horse-racing-events,explore/australian-events/horse-racing-events
EVENT LANDING,events/beaches-events,explore/australian-events/beaches-events
EVENT LANDING,events/culture-events,explore/australian-events/culture-events
EVENT LANDING,events/art-events,explore/australian-events/art-events
EVENT LANDING,events/music-festivals-events,explore/australian-events/music-festivals-events
EVENT LANDING,events/food-wine-events,explore/australian-events/food-wine-events
EVENT LANDING,events/regional-outback-events,explore/australian-events/regional-outback-events
EVENT LANDING,events/aboriginal-events,explore/australian-events/aboriginal-events
EVENT LANDING,events/natural-events,explore/australian-events/natural-events
EVENT LANDING,events/nat-uniquely-australian-events,explore/australian-events/nat-uniquely-australian-events
EVENT ARTICLE ,events/2014/january/tour-down-under,explore/events/tour-down-under
EVENT ARTICLE ,events/2014/february/australian-open,explore/events/australian-open
EVENT ARTICLE ,events/2014/march/australia-day,explore/events/australia-day
EVENT ARTICLE ,events/2014/april/melbourne-food-and-wine-festival,explore/events/melbourne-food-and-wine-festival
EVENT ARTICLE ,events/2014/may/vic-australian-grand-prix,explore/events/vic-australian-grand-prix
EVENT ARTICLE ,events/2014/june/opera-sydney-harbour,explore/events/opera-sydney-harbour
EVENT ARTICLE ,events/2014/july/sydney-royal-easter-show,explore/events/sydney-royal-easter-show
EVENT ARTICLE ,events/2014/august/vivid-sydney,explore/events/vivid-sydney
EVENT ARTICLE ,events/2014/september/british-lions-2013,explore/events/british-lions-2013
EVENT ARTICLE ,events/2014/october/australias-running-events,explore/events/australias-running-events
EVENT ARTICLE ,events/2014/november/floriade,explore/events/floriade
EVENT ARTICLE ,events/2014/december/afl-events,explore/events/afl-events
EVENT ARTICLE ,events/2014/january/melbourne-cup-carnival,explore/events/melbourne-cup-carnival
EVENT ARTICLE ,events/2014/february/syd-hobart-yacht-race,explore/events/syd-hobart-yacht-race
EVENT ARTICLE ,events/2014/march/nat-new-years-fireworks,explore/events/nat-new-years-fireworks
EVENT ARTICLE ,events/2014/april/sydney-mardi-gras,explore/events/sydney-mardi-gras
EVENT ARTICLE ,events/2014/may/jazz-blues-classical-festivals,explore/events/jazz-blues-classical-festivals
EVENT ARTICLE ,events/2014/june/indie-alternative-rock-festivals,explore/events/indie-alternative-rock-festivals
EVENT ARTICLE ,events/2014/july/folk-country-world-music-festivals,explore/events/folk-country-world-music-festivals
EVENT ARTICLE ,events/2014/august/horse-racing-events-article,explore/events/horse-racing-events-article
EVENT ARTICLE ,events/2014/september/act-canberra-balloon-fiesta,explore/events/act-canberra-balloon-fiesta
EVENT ARTICLE ,events/2014/october/nat-film-festivals,explore/events/nat-film-festivals
EVENT ARTICLE ,events/2014/november/nsw-taste-of-orange,explore/events/nsw-taste-of-orange
EVENT ARTICLE ,events/2014/december/nt-henley-on-todd,explore/events/nt-henley-on-todd
EVENT ARTICLE ,events/2014/january/tas-taste-festival,explore/events/tas-taste-festival
EVENT ARTICLE ,events/2014/february/vic-spring-racing,explore/events/vic-spring-racing
EVENT ARTICLE ,events/2014/march/australias-motorsport-events,explore/events/australias-motorsport-events
EVENT ARTICLE ,events/2014/april/nsw-orange-food-week,explore/events/nsw-orange-food-week
EVENT ARTICLE ,events/2014/may/qld-coolangatta-ocean-swim,explore/events/qld-coolangatta-ocean-swim
EVENT ARTICLE ,events/2014/june/summer-cricket,explore/events/summer-cricket
EVENT ARTICLE ,events/2014/july/wa-ord-valley-muster,explore/events/wa-ord-valley-muster
EVENT ARTICLE ,events/2014/august/australias-grand-slam-tennis,explore/events/australias-grand-slam-tennis
EVENT ARTICLE ,events/2014/september/surfing-events,explore/events/surfing-events
EVENT ARTICLE ,events/2014/october/australian-theatre,explore/events/australian-theatre
EVENT ARTICLE ,events/2014/november/ashes-2013,explore/events/ashes-2013
EVENT ARTICLE ,events/2014/december/australias-cycling-events,explore/events/australias-cycling-events
EVENT ARTICLE ,events/2014/january/australias-golf-events,explore/events/australias-golf-events
EVENT ARTICLE ,events/2014/february/australias-oceans-swims,explore/events/australias-oceans-swims
EVENT ARTICLE ,events/2014/march/bledisloe-cup,explore/events/bledisloe-cup
EVENT ARTICLE ,events/2014/april/endurance-events,explore/events/endurance-events
EVENT ARTICLE ,events/2014/may/sa-tasting-australia,explore/events/sa-tasting-australia
EVENT ARTICLE ,events/2014/june/australian-opera,explore/events/australian-opera
EVENT ARTICLE ,events/2014/july/sa-outback-cattle-drive,explore/events/sa-outback-cattle-drive
EVENT ARTICLE ,events/2014/august/wa-margaret-river-wine-festival,explore/events/wa-margaret-river-wine-festival
EVENT ARTICLE ,events/2014/september/surf-life-saving-events,explore/events/surf-life-saving-events
CATEGORY,categories/outback-australia,about/australias-landscapes/outback-australia
ARTICLE,places/nsw/mungo,explore/states/nsw/nsw-mungo
ARTICLE,articles/outback,about/australias-landscapes/outback/outback
ARTICLE,articles/houseboating-murray-river,explore/things-to-do/australian-adventure/houseboating-murray-river
ARTICLE,articles/glamping-australia,explore/things-to-do/australian-adventure/glamping-australia
ARTICLE,articles/outback-cattle-drive,explore/events/sa-outback-cattle-drive
CATEGORY,categories/aboriginal-australia,explore/things-to-do/aboriginal-australia
ARTICLE,articles/aboriginal,explore/things-to-do/aboriginal-australia/aboriginal
CITY ,places/nt/alice-springs,explore/cities/alice-springs
CATEGORY,categories/food-and-wine,explore/things-to-do/food-and-wine
ARTICLE,articles/australian-wineries,about/australias-landscapes/australian-wineries
ARTICLE,articles/ultimate-wineries,explore/things-to-do/ultimate-wineries
CATEGORY,categories/art-music-culture,about/culture-history/culture
ARTICLE,articles/australian-art,about/culture-history/australian-art
ARTICLE,articles/shopping,explore/things-to-do/shopping
ARTICLE,articles/shopping/nat-shopping,explore/things-to-do/shopping/nat-shopping
ARTICLE,articles/shopping/nat-australias-markets,explore/things-to-do/shopping/nat-australias-markets
ARTICLE,articles/shopping/australias-opals,explore/things-to-do/shopping/australias-opals
ARTICLE,articles/shopping/australian-souvenirs,explore/things-to-do/shopping/australian-souvenirs
ARTICLE,articles/famous-australians,about/culture-history/famous-australians
CATEGORY,categories/australias-islands,about/australias-landscapes/australias-islands
ARTICLE,places/qld/tangalooma,explore/states/qld/tangalooma
ARTICLE,places/qld/whitsundays-islands,explore/icons/great-barrier-reef/whitsundays-islands
ARTICLE,places/tas/tas-bass-strait-islands,explore/states/tas/tas-bass-strait-islands
ARTICLE,places/nsw/nsw-lord-howe-island,explore/states/nsw/nsw-lord-howe-island
ARTICLE,places/nt/tiwi-islands,about/australias-landscapes/australias-islands/tiwi-islands
CATEGORY,categories/nature and wildlife,about/australias-landscapes/nature
ARTICLE,articles/natural-australia,explore/things-to-do/natural-australia
ARTICLE,articles/nat-australias-rainforests,explore/things-to-do/nature/nat-australias-rainforests
ARTICLE,articles/world-heritage-sites-australia,explore/things-to-do/nature/world-heritage-sites-australia
ARTICLE,facts/plants,about/key-facts/plants
CATEGORY,categories/beaches ,about/australias-landscapes/australian-beaches
ARTICLE,articles/coastal,about/australias-landscapes/coastal
ARTICLE,articles/sydney-beaches,explore/cities/sydney/nsw-sydney-beaches
CATEGORY,categories/australian-sport ,explore/things-to-do/australian-adventure/nat-australian-sport
ARTICLE,articles/australias-stadiums-venues,about/culture-history/australias-stadiums-venues
ARTICLE,articles/great-golf-courses,explore/things-to-do/great-golf-courses
CATEGORY,categories/australian-adventure,explore/things-to-do/australian-adventure
ARTICLE,articles/great-walks,explore/things-to-do/great-walks
ARTICLE,articles/great-luxury-lodges,explore/things-to-do/great-luxury-lodges
CATEGORY  ,categories/youthful-travellers,explore/things-to-do/youthful-travellers
ARTICLE,planning/working-holiday-visa,plan/before-you-go/working-holiday-visa
ARTICLE,planning/working-holiday-visa-faq,plan/before-you-go/working-holiday-visa-faq
ARTICLE,planning/work-study-abroad,plan/before-you-go/work-study-abroad
CATEGORY ,facts,about
CATEGORY ,facts/weather,about/key-facts/weather
ARTICLE,facts/sydney-weather,about/key-facts/weather/sydney-weather
ARTICLE,facts/melbourne-weather,about/key-facts/weather/melbourne-weather
ARTICLE,facts/adelaide-weather,about/key-facts/weather/adelaide-weather
ARTICLE,facts/perth-weather,about/key-facts/weather/perth-weather
ARTICLE,facts/brisbane-weather,about/key-facts/weather/brisbane-weather
ARTICLE,facts/cairns-weather,about/key-facts/weather/cairns-weather
ARTICLE,facts/hobart-weather,about/key-facts/weather/hobart-weather
ARTICLE,facts/canberra-weather,about/key-facts/weather/canberra-weather
ARTICLE,facts/alice-springs-weather,about/key-facts/weather/alice-springs-weather
ARTICLE,facts/broome-weather,about/key-facts/weather/broome-weather
ARTICLE,facts/darwin-weather,about/key-facts/weather/darwin-weather
ARTICLE,facts/gold-coast-weather,about/key-facts/weather/gold-coast-weather
ARTICLE,planning/tips-hazards,plan/while-your-here/tips-hazards
CATEGORY ,facts/australias-seasons,about/australias-landscapes/australias-seasons
ARTICLE,facts/australias-seasons/summer,about/australias-landscapes/australias-seasons/summer
ARTICLE,facts/australias-seasons/autumn,about/australias-landscapes/australias-seasons/autumn
ARTICLE,facts/australias-seasons/winter,about/australias-landscapes/australias-seasons/winter
ARTICLE,facts/australias-seasons/spring,about/australias-landscapes/australias-seasons/spring
ARTICLE,planning/getting-there,plan/plan-your-trip/getting-there
CATEGORY ,planning/planning-a-trip,plan/before-you-go/planning-a-trip
ARTICLE,facts/currency,about/key-facts/currency
ARTICLE,facts/time-zones,about/key-facts/time-zones
ARTICLE,planning/getting-around,plan/while-your-here/getting-around
ARTICLE,planning/road-safety,plan/while-your-here/road-safety
ARTICLE,facts/cities-states-territories,about/key-facts/cities-states-territories
ARTICLE,planning/visa-information,plan/before-you-go/visa-information
ARTICLE,planning/customs-quarantine,plan/before-you-go/customs-quarantine
ASP SEARCH,planning/find-travel-agent,plan/plan-your-trip/find-travel-agent
ARTICLE,facts/emergency-services,about/key-facts/emergency-services
MAP IFRAME,explore,explore
SITE MAP,sitemap,sitemap
PRIVACY POLICY ,privacypolicy,privacypolicy
TERMS&CONDS,terms-conditions,terms-conditions
DISCLAIMER ,disclaimer,disclaimer
CAMPAIGN,nationallandscapes,nationallandscapes
CAMPAIGN,campaigns/nationallandscapes/AustralianAlps,campaigns/nationallandscapes/AustralianAlps.htm
CAMPAIGN,campaigns/nationallandscapes/AustraliasCoastalWilderness,campaigns/nationallandscapes/AustraliasCoastalWilderness.htm
CAMPAIGN,campaigns/nationallandscapes/AustraliasGreenCauldron,campaigns/nationallandscapes/AustraliasGreenCauldron.htm
CAMPAIGN,campaigns/nationallandscapes/FlindersRanges,campaigns/nationallandscapes/FlindersRanges.htm
CAMPAIGN,campaigns/nationallandscapes/AustraliasRedCentre,campaigns/nationallandscapes/AustraliasRedCentre.htm
CAMPAIGN,campaigns/nationallandscapes/GreatBarrierReef,campaigns/nationallandscapes/GreatBarrierReef.htm
CAMPAIGN,campaigns/nationallandscapes/GreatOceanRoad,campaigns/nationallandscapes/GreatOceanRoad.htm
CAMPAIGN,campaigns/nationallandscapes/GreaterBlueMountains,campaigns/nationallandscapes/GreaterBlueMountains.htm
CAMPAIGN,campaigns/nationallandscapes/Great-South-West-Edge,campaigns/nationallandscapes/Great-South-West-Edge.htm
CAMPAIGN,campaigns/nationallandscapes/Australias-Timeless-North,campaigns/nationallandscapes/Australias-Timeless-North.htm
CAMPAIGN,campaigns/nationallandscapes/KangarooIsland,campaigns/nationallandscapes/KangarooIsland.htm
CAMPAIGN,campaigns/nationallandscapes/NingalooSharkBay,campaigns/nationallandscapes/NingalooSharkBay.htm
CAMPAIGN,campaigns/nationallandscapes/SydneyHarbour,campaigns/nationallandscapes/SydneyHarbour.htm
CAMPAIGN,campaigns/nationallandscapes/TasmaniasIslandHeritage,campaigns/nationallandscapes/TasmaniasIslandHeritage.htm
CAMPAIGN,campaigns/nationallandscapes/TheKimberley,campaigns/nationallandscapes/TheKimberley.htm
CAMPAIGN,campaigns/nationallandscapes/wettropics,campaigns/nationallandscapes/wettropics.htm
CAMPAIGN,campaigns/nothinglike/au,campaigns/nothinglike/au/index.htm
CAMPAIGN,campaigns/nothinglike/au/bungle-bungles,campaigns/nothinglike/au/bungle-bungles.htm
CAMPAIGN,campaigns/nothinglike/au/bungle-bungles-product1,campaigns/nothinglike/au/bungle-bungles-product1.htm
CAMPAIGN,campaigns/nothinglike/au/bungle-bungles-product2,campaigns/nothinglike/au/bungle-bungles-product2.htm
CAMPAIGN,campaigns/nothinglike/au/bungle-bungles-product3,campaigns/nothinglike/au/bungle-bungles-product3.htm
CAMPAIGN,campaigns/nothinglike/au/bungle-bungles-product4,campaigns/nothinglike/au/bungle-bungles-product4.htm
CAMPAIGN,campaigns/nothinglike/au/bungle-bungles-product5,campaigns/nothinglike/au/bungle-bungles-product5.htm
CAMPAIGN,campaigns/nothinglike/au/bungle-bungles-product6,campaigns/nothinglike/au/bungle-bungles-product6.htm
CAMPAIGN,campaigns/nothinglike/au/bungle-bungles-product7,campaigns/nothinglike/au/bungle-bungles-product7.htm
CAMPAIGN,campaigns/nothinglike/au/bungle-bungles-product8,campaigns/nothinglike/au/bungle-bungles-product8.htm
CAMPAIGN,campaigns/nothinglike/au/bungle-bungles-product9,campaigns/nothinglike/au/bungle-bungles-product9.htm
CAMPAIGN,campaigns/nothinglike/au/bungle-bungles-product10,campaigns/nothinglike/au/bungle-bungles-product10.htm
CAMPAIGN,campaigns/nothinglike/au/bungle-bungles-itinerary,campaigns/nothinglike/au/bungle-bungles-itinerary.htm
CAMPAIGN,campaigns/nothinglike/au/bungle-bungles-itinerary2,campaigns/nothinglike/au/bungle-bungles-itinerary2.htm
CAMPAIGN,campaigns/nothinglike/au/bungle-bungles-itinerary3,campaigns/nothinglike/au/bungle-bungles-itinerary3.htm
CAMPAIGN,campaigns/nothinglike/au/bungle-bungles-itinerary4,campaigns/nothinglike/au/bungle-bungles-itinerary4.htm
CAMPAIGN,campaigns/nothinglike/au/bungle-bungles-experiences,campaigns/nothinglike/au/bungle-bungles-experiences.htm
CAMPAIGN,campaigns/nothinglike/au/canberra,campaigns/nothinglike/au/canberra.htm
CAMPAIGN,campaigns/nothinglike/au/canberra-product1,campaigns/nothinglike/au/canberra-product1.htm
CAMPAIGN,campaigns/nothinglike/au/canberra-product2,campaigns/nothinglike/au/canberra-product2.htm
CAMPAIGN,campaigns/nothinglike/au/canberra-product3,campaigns/nothinglike/au/canberra-product3.htm
CAMPAIGN,campaigns/nothinglike/au/canberra-product4,campaigns/nothinglike/au/canberra-product4.htm
CAMPAIGN,campaigns/nothinglike/au/canberra-product5,campaigns/nothinglike/au/canberra-product5.htm
CAMPAIGN,campaigns/nothinglike/au/canberra-product6,campaigns/nothinglike/au/canberra-product6.htm
CAMPAIGN,campaigns/nothinglike/au/canberra-product7,campaigns/nothinglike/au/canberra-product7.htm
CAMPAIGN,campaigns/nothinglike/au/canberra-product8,campaigns/nothinglike/au/canberra-product8.htm
CAMPAIGN,campaigns/nothinglike/au/canberra-product9,campaigns/nothinglike/au/canberra-product9.htm
CAMPAIGN,campaigns/nothinglike/au/canberra-product10,campaigns/nothinglike/au/canberra-product10.htm
CAMPAIGN,campaigns/nothinglike/au/canberra-product11,campaigns/nothinglike/au/canberra-product11.htm
CAMPAIGN,campaigns/nothinglike/au/canberra-itinerary,campaigns/nothinglike/au/canberra-itinerary.htm
CAMPAIGN,campaigns/nothinglike/au/canberra-itinerary2,campaigns/nothinglike/au/canberra-itinerary2.htm
CAMPAIGN,campaigns/nothinglike/au/canberra-itinerary3,campaigns/nothinglike/au/canberra-itinerary3.htm
CAMPAIGN,campaigns/nothinglike/au/canberra-itinerary4,campaigns/nothinglike/au/canberra-itinerary4.htm
CAMPAIGN,campaigns/nothinglike/au/canberra-experiences,campaigns/nothinglike/au/canberra-experiences.htm
CAMPAIGN,campaigns/nothinglike/au/cape-leveque,campaigns/nothinglike/au/cape-leveque.htm
CAMPAIGN,campaigns/nothinglike/au/cape-leveque-product1,campaigns/nothinglike/au/cape-leveque-product1.htm
CAMPAIGN,campaigns/nothinglike/au/cape-leveque-product2,campaigns/nothinglike/au/cape-leveque-product2.htm
CAMPAIGN,campaigns/nothinglike/au/cape-leveque-product3,campaigns/nothinglike/au/cape-leveque-product3.htm
CAMPAIGN,campaigns/nothinglike/au/cape-leveque-product4,campaigns/nothinglike/au/cape-leveque-product4.htm
CAMPAIGN,campaigns/nothinglike/au/cape-leveque-product5,campaigns/nothinglike/au/cape-leveque-product5.htm
CAMPAIGN,campaigns/nothinglike/au/cape-leveque-product6,campaigns/nothinglike/au/cape-leveque-product6.htm
CAMPAIGN,campaigns/nothinglike/au/cape-leveque-product7,campaigns/nothinglike/au/cape-leveque-product7.htm
CAMPAIGN,campaigns/nothinglike/au/cape-leveque-product8,campaigns/nothinglike/au/cape-leveque-product8.htm
CAMPAIGN,campaigns/nothinglike/au/cape-leveque-product9,campaigns/nothinglike/au/cape-leveque-product9.htm
CAMPAIGN,campaigns/nothinglike/au/cape-leveque-product10,campaigns/nothinglike/au/cape-leveque-product10.htm
CAMPAIGN,campaigns/nothinglike/au/cape-leveque-itinerary,campaigns/nothinglike/au/cape-leveque-itinerary.htm
CAMPAIGN,campaigns/nothinglike/au/cape-leveque-itinerary2,campaigns/nothinglike/au/cape-leveque-itinerary2.htm
CAMPAIGN,campaigns/nothinglike/au/cape-leveque-itinerary3,campaigns/nothinglike/au/cape-leveque-itinerary3.htm
CAMPAIGN,campaigns/nothinglike/au/cape-leveque-itinerary4,campaigns/nothinglike/au/cape-leveque-itinerary4.htm
CAMPAIGN,campaigns/nothinglike/au/cape-leveque-itinerary5,campaigns/nothinglike/au/cape-leveque-itinerary5.htm
CAMPAIGN,campaigns/nothinglike/au/cape-leveque-experiences,campaigns/nothinglike/au/cape-leveque-experiences.htm
CAMPAIGN,campaigns/nothinglike/au/el-questro,campaigns/nothinglike/au/el-questro.htm
CAMPAIGN,campaigns/nothinglike/au/el-questro-product1,campaigns/nothinglike/au/el-questro-product1.htm
CAMPAIGN,campaigns/nothinglike/au/el-questro-product2,campaigns/nothinglike/au/el-questro-product2.htm
CAMPAIGN,campaigns/nothinglike/au/el-questro-product3,campaigns/nothinglike/au/el-questro-product3.htm
CAMPAIGN,campaigns/nothinglike/au/el-questro-product4,campaigns/nothinglike/au/el-questro-product4.htm
CAMPAIGN,campaigns/nothinglike/au/el-questro-product5,campaigns/nothinglike/au/el-questro-product5.htm
CAMPAIGN,campaigns/nothinglike/au/el-questro-product6,campaigns/nothinglike/au/el-questro-product6.htm
CAMPAIGN,campaigns/nothinglike/au/el-questro-product7,campaigns/nothinglike/au/el-questro-product7.htm
CAMPAIGN,campaigns/nothinglike/au/el-questro-product8,campaigns/nothinglike/au/el-questro-product8.htm
CAMPAIGN,campaigns/nothinglike/au/el-questro-product9,campaigns/nothinglike/au/el-questro-product9.htm
CAMPAIGN,campaigns/nothinglike/au/el-questro-product10,campaigns/nothinglike/au/el-questro-product10.htm
CAMPAIGN,campaigns/nothinglike/au/el-questro-itinerary,campaigns/nothinglike/au/el-questro-itinerary.htm
CAMPAIGN,campaigns/nothinglike/au/el-questro-itinerary2,campaigns/nothinglike/au/el-questro-itinerary2.htm
CAMPAIGN,campaigns/nothinglike/au/el-questro-itinerary3,campaigns/nothinglike/au/el-questro-itinerary3.htm
CAMPAIGN,campaigns/nothinglike/au/el-questro-itinerary4,campaigns/nothinglike/au/el-questro-itinerary4.htm
CAMPAIGN,campaigns/nothinglike/au/el-questro-experiences,campaigns/nothinglike/au/el-questro-experiences.htm
CAMPAIGN,campaigns/nothinglike/au/freycinet,campaigns/nothinglike/au/freycinet.htm
CAMPAIGN,campaigns/nothinglike/au/freycinet-product1,campaigns/nothinglike/au/freycinet-product1.htm
CAMPAIGN,campaigns/nothinglike/au/freycinet-product2,campaigns/nothinglike/au/freycinet-product2.htm
CAMPAIGN,campaigns/nothinglike/au/freycinet-product3,campaigns/nothinglike/au/freycinet-product3.htm
CAMPAIGN,campaigns/nothinglike/au/freycinet-product5,campaigns/nothinglike/au/freycinet-product5.htm
CAMPAIGN,campaigns/nothinglike/au/freycinet-product6,campaigns/nothinglike/au/freycinet-product6.htm
CAMPAIGN,campaigns/nothinglike/au/freycinet-product7,campaigns/nothinglike/au/freycinet-product7.htm
CAMPAIGN,campaigns/nothinglike/au/freycinet-product8,campaigns/nothinglike/au/freycinet-product8.htm
CAMPAIGN,campaigns/nothinglike/au/freycinet-product9,campaigns/nothinglike/au/freycinet-product9.htm
CAMPAIGN,campaigns/nothinglike/au/freycinet-product10,campaigns/nothinglike/au/freycinet-product10.htm
CAMPAIGN,campaigns/nothinglike/au/freycinet-itinerary,campaigns/nothinglike/au/freycinet-itinerary.htm
CAMPAIGN,campaigns/nothinglike/au/freycinet-itinerary2,campaigns/nothinglike/au/freycinet-itinerary2.htm
CAMPAIGN,campaigns/nothinglike/au/freycinet-itinerary3,campaigns/nothinglike/au/freycinet-itinerary3.htm
CAMPAIGN,campaigns/nothinglike/au/freycinet-itinerary4,campaigns/nothinglike/au/freycinet-itinerary4.htm
CAMPAIGN,campaigns/nothinglike/au/freycinet-itinerary5,campaigns/nothinglike/au/freycinet-itinerary5.htm
CAMPAIGN,campaigns/nothinglike/au/freycinet-experiences,campaigns/nothinglike/au/freycinet-experiences.htm
CAMPAIGN,campaigns/nothinglike/au/gold-coast,campaigns/nothinglike/au/gold-coast.htm
CAMPAIGN,campaigns/nothinglike/au/gold-coast-product1,campaigns/nothinglike/au/gold-coast-product1.htm
CAMPAIGN,campaigns/nothinglike/au/gold-coast-product2,campaigns/nothinglike/au/gold-coast-product2.htm
CAMPAIGN,campaigns/nothinglike/au/gold-coast-product3,campaigns/nothinglike/au/gold-coast-product3.htm
CAMPAIGN,campaigns/nothinglike/au/gold-coast-product4,campaigns/nothinglike/au/gold-coast-product4.htm
CAMPAIGN,campaigns/nothinglike/au/gold-coast-product5,campaigns/nothinglike/au/gold-coast-product5.htm
CAMPAIGN,campaigns/nothinglike/au/gold-coast-product6,campaigns/nothinglike/au/gold-coast-product6.htm
CAMPAIGN,campaigns/nothinglike/au/gold-coast-product7,campaigns/nothinglike/au/gold-coast-product7.htm
CAMPAIGN,campaigns/nothinglike/au/gold-coast-product8,campaigns/nothinglike/au/gold-coast-product8.htm
CAMPAIGN,campaigns/nothinglike/au/gold-coast-product9,campaigns/nothinglike/au/gold-coast-product9.htm
CAMPAIGN,campaigns/nothinglike/au/gold-coast-product10,campaigns/nothinglike/au/gold-coast-product10.htm
CAMPAIGN,campaigns/nothinglike/au/gold-coast-itinerary,campaigns/nothinglike/au/gold-coast-itinerary.htm
CAMPAIGN,campaigns/nothinglike/au/gold-coast-itinerary2,campaigns/nothinglike/au/gold-coast-itinerary2.htm
CAMPAIGN,campaigns/nothinglike/au/gold-coast-itinerary3,campaigns/nothinglike/au/gold-coast-itinerary3.htm
CAMPAIGN,campaigns/nothinglike/au/gold-coast-itinerary4,campaigns/nothinglike/au/gold-coast-itinerary4.htm
CAMPAIGN,campaigns/nothinglike/au/gold-coast-experiences,campaigns/nothinglike/au/gold-coast-experiences.htm
CAMPAIGN,campaigns/nothinglike/au/great-ocean-road,campaigns/nothinglike/au/great-ocean-road.htm
CAMPAIGN,campaigns/nothinglike/au/great-ocean-road-product1,campaigns/nothinglike/au/great-ocean-road-product1.htm
CAMPAIGN,campaigns/nothinglike/au/great-ocean-road-product2,campaigns/nothinglike/au/great-ocean-road-product2.htm
CAMPAIGN,campaigns/nothinglike/au/great-ocean-road-product3,campaigns/nothinglike/au/great-ocean-road-product3.htm
CAMPAIGN,campaigns/nothinglike/au/great-ocean-road-product4,campaigns/nothinglike/au/great-ocean-road-product4.htm
CAMPAIGN,campaigns/nothinglike/au/great-ocean-road-product5,campaigns/nothinglike/au/great-ocean-road-product5.htm
CAMPAIGN,campaigns/nothinglike/au/great-ocean-road-product6,campaigns/nothinglike/au/great-ocean-road-product6.htm
CAMPAIGN,campaigns/nothinglike/au/great-ocean-road-product7,campaigns/nothinglike/au/great-ocean-road-product7.htm
CAMPAIGN,campaigns/nothinglike/au/great-ocean-road-product8,campaigns/nothinglike/au/great-ocean-road-product8.htm
CAMPAIGN,campaigns/nothinglike/au/great-ocean-road-itinerary,campaigns/nothinglike/au/great-ocean-road-itinerary.htm
CAMPAIGN,campaigns/nothinglike/au/great-ocean-road-itinerary2,campaigns/nothinglike/au/great-ocean-road-itinerary2.htm
CAMPAIGN,campaigns/nothinglike/au/great-ocean-road-itinerary3,campaigns/nothinglike/au/great-ocean-road-itinerary3.htm
CAMPAIGN,campaigns/nothinglike/au/great-ocean-road-itinerary4,campaigns/nothinglike/au/great-ocean-road-itinerary4.htm
CAMPAIGN,campaigns/nothinglike/au/great-ocean-road-itinerary5,campaigns/nothinglike/au/great-ocean-road-itinerary5.htm
CAMPAIGN,campaigns/nothinglike/au/great-ocean-road-experiences,campaigns/nothinglike/au/great-ocean-road-experiences.htm
CAMPAIGN,campaigns/nothinglike/au/hayman-island,campaigns/nothinglike/au/hayman-island.htm
CAMPAIGN,campaigns/nothinglike/au/hayman-island-product1,campaigns/nothinglike/au/hayman-island-product1.htm
CAMPAIGN,campaigns/nothinglike/au/hayman-island-product2,campaigns/nothinglike/au/hayman-island-product2.htm
CAMPAIGN,campaigns/nothinglike/au/hayman-island-product3,campaigns/nothinglike/au/hayman-island-product3.htm
CAMPAIGN,campaigns/nothinglike/au/hayman-island-product4,campaigns/nothinglike/au/hayman-island-product4.htm
CAMPAIGN,campaigns/nothinglike/au/hayman-island-product6,campaigns/nothinglike/au/hayman-island-product6.htm
CAMPAIGN,campaigns/nothinglike/au/hayman-island-product7,campaigns/nothinglike/au/hayman-island-product7.htm
CAMPAIGN,campaigns/nothinglike/au/hayman-island-product8,campaigns/nothinglike/au/hayman-island-product8.htm
CAMPAIGN,campaigns/nothinglike/au/hayman-island-product9,campaigns/nothinglike/au/hayman-island-product9.htm
CAMPAIGN,campaigns/nothinglike/au/hayman-island-product10,campaigns/nothinglike/au/hayman-island-product10.htm
CAMPAIGN,campaigns/nothinglike/au/hayman-island-itinerary,campaigns/nothinglike/au/hayman-island-itinerary.htm
CAMPAIGN,campaigns/nothinglike/au/hayman-island-itinerary2,campaigns/nothinglike/au/hayman-island-itinerary2.htm
CAMPAIGN,campaigns/nothinglike/au/hayman-island-itinerary3,campaigns/nothinglike/au/hayman-island-itinerary3.htm
CAMPAIGN,campaigns/nothinglike/au/hayman-island-itinerary4,campaigns/nothinglike/au/hayman-island-itinerary4.htm
CAMPAIGN,campaigns/nothinglike/au/hayman-island-experiences,campaigns/nothinglike/au/hayman-island-experiences.htm
CAMPAIGN,campaigns/nothinglike/au/kangaroo-island,campaigns/nothinglike/au/kangaroo-island.htm
CAMPAIGN,campaigns/nothinglike/au/kangaroo-island-product1,campaigns/nothinglike/au/kangaroo-island-product1.htm
CAMPAIGN,campaigns/nothinglike/au/kangaroo-island-product2,campaigns/nothinglike/au/kangaroo-island-product2.htm
CAMPAIGN,campaigns/nothinglike/au/kangaroo-island-product3,campaigns/nothinglike/au/kangaroo-island-product3.htm
CAMPAIGN,campaigns/nothinglike/au/kangaroo-island-product4,campaigns/nothinglike/au/kangaroo-island-product4.htm
CAMPAIGN,campaigns/nothinglike/au/kangaroo-island-product5,campaigns/nothinglike/au/kangaroo-island-product5.htm
CAMPAIGN,campaigns/nothinglike/au/kangaroo-island-product6,campaigns/nothinglike/au/kangaroo-island-product6.htm
CAMPAIGN,campaigns/nothinglike/au/kangaroo-island-product7,campaigns/nothinglike/au/kangaroo-island-product7.htm
CAMPAIGN,campaigns/nothinglike/au/kangaroo-island-product8,campaigns/nothinglike/au/kangaroo-island-product8.htm
CAMPAIGN,campaigns/nothinglike/au/kangaroo-island-product9,campaigns/nothinglike/au/kangaroo-island-product9.htm
CAMPAIGN,campaigns/nothinglike/au/kangaroo-island-product10,campaigns/nothinglike/au/kangaroo-island-product10.htm
CAMPAIGN,campaigns/nothinglike/au/kangaroo-island-itinerary,campaigns/nothinglike/au/kangaroo-island-itinerary.htm
CAMPAIGN,campaigns/nothinglike/au/kangaroo-island-itinerary2,campaigns/nothinglike/au/kangaroo-island-itinerary2.htm
CAMPAIGN,campaigns/nothinglike/au/kangaroo-island-itinerary3,campaigns/nothinglike/au/kangaroo-island-itinerary3.htm
CAMPAIGN,campaigns/nothinglike/au/kangaroo-island-experiences,campaigns/nothinglike/au/kangaroo-island-experiences.htm
CAMPAIGN,campaigns/nothinglike/au/lizard-island,campaigns/nothinglike/au/lizard-island.htm
CAMPAIGN,campaigns/nothinglike/au/lizard-island-product1,campaigns/nothinglike/au/lizard-island-product1.htm
CAMPAIGN,campaigns/nothinglike/au/lizard-island-product2,campaigns/nothinglike/au/lizard-island-product2.htm
CAMPAIGN,campaigns/nothinglike/au/lizard-island-product3,campaigns/nothinglike/au/lizard-island-product3.htm
CAMPAIGN,campaigns/nothinglike/au/lizard-island-product5,campaigns/nothinglike/au/lizard-island-product5.htm
CAMPAIGN,campaigns/nothinglike/au/lizard-island-product6,campaigns/nothinglike/au/lizard-island-product6.htm
CAMPAIGN,campaigns/nothinglike/au/lizard-island-product7,campaigns/nothinglike/au/lizard-island-product7.htm
CAMPAIGN,campaigns/nothinglike/au/lizard-island-product8,campaigns/nothinglike/au/lizard-island-product8.htm
CAMPAIGN,campaigns/nothinglike/au/lizard-island-product9,campaigns/nothinglike/au/lizard-island-product9.htm
CAMPAIGN,campaigns/nothinglike/au/melbourne,campaigns/nothinglike/au/melbourne.htm
CAMPAIGN,campaigns/nothinglike/au/melbourne-product1,campaigns/nothinglike/au/melbourne-product1.htm
CAMPAIGN,campaigns/nothinglike/au/melbourne-product2,campaigns/nothinglike/au/melbourne-product2.htm
CAMPAIGN,campaigns/nothinglike/au/melbourne-product3,campaigns/nothinglike/au/melbourne-product3.htm
CAMPAIGN,campaigns/nothinglike/au/melbourne-product4,campaigns/nothinglike/au/melbourne-product4.htm
CAMPAIGN,campaigns/nothinglike/au/melbourne-product5,campaigns/nothinglike/au/melbourne-product5.htm
CAMPAIGN,campaigns/nothinglike/au/melbourne-product6,campaigns/nothinglike/au/melbourne-product6.htm
CAMPAIGN,campaigns/nothinglike/au/melbourne-product7,campaigns/nothinglike/au/melbourne-product7.htm
CAMPAIGN,campaigns/nothinglike/au/melbourne-product8,campaigns/nothinglike/au/melbourne-product8.htm
CAMPAIGN,campaigns/nothinglike/au/melbourne-product9,campaigns/nothinglike/au/melbourne-product9.htm
CAMPAIGN,campaigns/nothinglike/au/melbourne-product10,campaigns/nothinglike/au/melbourne-product10.htm
CAMPAIGN,campaigns/nothinglike/au/melbourne-itinerary,campaigns/nothinglike/au/melbourne-itinerary.htm
CAMPAIGN,campaigns/nothinglike/au/melbourne-itinerary2,campaigns/nothinglike/au/melbourne-itinerary2.htm
CAMPAIGN,campaigns/nothinglike/au/melbourne-itinerary3,campaigns/nothinglike/au/melbourne-itinerary3.htm
CAMPAIGN,campaigns/nothinglike/au/melbourne-itinerary4,campaigns/nothinglike/au/melbourne-itinerary4.htm
CAMPAIGN,campaigns/nothinglike/au/melbourne-experiences,campaigns/nothinglike/au/melbourne-experiences.htm
CAMPAIGN,campaigns/nothinglike/au/sydney,campaigns/nothinglike/au/sydney.htm
CAMPAIGN,campaigns/nothinglike/au/sydney-product1,campaigns/nothinglike/au/sydney-product1.htm
CAMPAIGN,campaigns/nothinglike/au/sydney-product2,campaigns/nothinglike/au/sydney-product2.htm
CAMPAIGN,campaigns/nothinglike/au/sydney-product3,campaigns/nothinglike/au/sydney-product3.htm
CAMPAIGN,campaigns/nothinglike/au/sydney-product4,campaigns/nothinglike/au/sydney-product4.htm
CAMPAIGN,campaigns/nothinglike/au/sydney-product5,campaigns/nothinglike/au/sydney-product5.htm
CAMPAIGN,campaigns/nothinglike/au/sydney-product6,campaigns/nothinglike/au/sydney-product6.htm
CAMPAIGN,campaigns/nothinglike/au/sydney-product7,campaigns/nothinglike/au/sydney-product7.htm
CAMPAIGN,campaigns/nothinglike/au/sydney-product8,campaigns/nothinglike/au/sydney-product8.htm
CAMPAIGN,campaigns/nothinglike/au/sydney-product9,campaigns/nothinglike/au/sydney-product9.htm
CAMPAIGN,campaigns/nothinglike/au/sydney-product10,campaigns/nothinglike/au/sydney-product10.htm
CAMPAIGN,campaigns/nothinglike/au/sydney-product11,campaigns/nothinglike/au/sydney-product11.htm
CAMPAIGN,campaigns/nothinglike/au/sydney-itinerary,campaigns/nothinglike/au/sydney-itinerary.htm
CAMPAIGN,campaigns/nothinglike/au/sydney-itinerary2,campaigns/nothinglike/au/sydney-itinerary2.htm
CAMPAIGN,campaigns/nothinglike/au/sydney-itinerary3,campaigns/nothinglike/au/sydney-itinerary3.htm
CAMPAIGN,campaigns/nothinglike/au/sydney-itinerary4,campaigns/nothinglike/au/sydney-itinerary4.htm
CAMPAIGN,campaigns/nothinglike/au/sydney-experiences,campaigns/nothinglike/au/sydney-experiences.htm
CAMPAIGN,campaigns/nothinglike/au/uluru,campaigns/nothinglike/au/uluru.htm
CAMPAIGN,campaigns/nothinglike/au/uluru-product1,campaigns/nothinglike/au/uluru-product1.htm
CAMPAIGN,campaigns/nothinglike/au/uluru-product2,campaigns/nothinglike/au/uluru-product2.htm
CAMPAIGN,campaigns/nothinglike/au/uluru-product3,campaigns/nothinglike/au/uluru-product3.htm
CAMPAIGN,campaigns/nothinglike/au/uluru-product4,campaigns/nothinglike/au/uluru-product4.htm
CAMPAIGN,campaigns/nothinglike/au/uluru-product5,campaigns/nothinglike/au/uluru-product5.htm
CAMPAIGN,campaigns/nothinglike/au/uluru-product6,campaigns/nothinglike/au/uluru-product6.htm
CAMPAIGN,campaigns/nothinglike/au/uluru-product7,campaigns/nothinglike/au/uluru-product7.htm
CAMPAIGN,campaigns/nothinglike/au/uluru-product8,campaigns/nothinglike/au/uluru-product8.htm
CAMPAIGN,campaigns/nothinglike/au/uluru-product9,campaigns/nothinglike/au/uluru-product9.htm
CAMPAIGN,campaigns/nothinglike/au/uluru-itinerary,campaigns/nothinglike/au/uluru-itinerary.htm
CAMPAIGN,campaigns/nothinglike/au/uluru-experiences,campaigns/nothinglike/au/uluru-experiences.htm
CAMPAIGN,campaigns/nothinglike/au/wolgan-valley,campaigns/nothinglike/au/wolgan-valley.htm
CAMPAIGN,campaigns/nothinglike/au/wolgan-valley-product1,campaigns/nothinglike/au/wolgan-valley-product1.htm
CAMPAIGN,campaigns/nothinglike/au/wolgan-valley-product2,campaigns/nothinglike/au/wolgan-valley-product2.htm
CAMPAIGN,campaigns/nothinglike/au/wolgan-valley-product3,campaigns/nothinglike/au/wolgan-valley-product3.htm
CAMPAIGN,campaigns/nothinglike/au/wolgan-valley-product4,campaigns/nothinglike/au/wolgan-valley-product4.htm
CAMPAIGN,campaigns/nothinglike/au/wolgan-valley-product5,campaigns/nothinglike/au/wolgan-valley-product5.htm
CAMPAIGN,campaigns/nothinglike/au/wolgan-valley-product6,campaigns/nothinglike/au/wolgan-valley-product6.htm
CAMPAIGN,campaigns/nothinglike/au/wolgan-valley-product7,campaigns/nothinglike/au/wolgan-valley-product7.htm
CAMPAIGN,campaigns/nothinglike/au/wolgan-valley-product8,campaigns/nothinglike/au/wolgan-valley-product8.htm
CAMPAIGN,campaigns/nothinglike/au/wolgan-valley-product9,campaigns/nothinglike/au/wolgan-valley-product9.htm
CAMPAIGN,campaigns/nothinglike/au/wolgan-valley-product10,campaigns/nothinglike/au/wolgan-valley-product10.htm
CAMPAIGN,campaigns/nothinglike/au/wolgan-valley-itinerary,campaigns/nothinglike/au/wolgan-valley-itinerary.htm
CAMPAIGN,campaigns/nothinglike/au/wolgan-valley-itinerary2,campaigns/nothinglike/au/wolgan-valley-itinerary2.htm
CAMPAIGN,campaigns/nothinglike/au/wolgan-valley-itinerary3,campaigns/nothinglike/au/wolgan-valley-itinerary3.htm
CAMPAIGN,campaigns/nothinglike/au/wolgan-valley-itinerary4,campaigns/nothinglike/au/wolgan-valley-itinerary4.htm
CAMPAIGN,campaigns/nothinglike/au/wolgan-valley-itinerary5,campaigns/nothinglike/au/wolgan-valley-itinerary5.htm
CAMPAIGN,campaigns/nothinglike/au/wolgan-valley-itinerary6,campaigns/nothinglike/au/wolgan-valley-itinerary6.htm
CAMPAIGN,campaigns/nothinglike/au/wolgan-valley-experiences,campaigns/nothinglike/au/wolgan-valley-experiences.htm
ARTICLE,planning/australian-public-holidays,plan/before-you-go/australian-public-holidays
ARTICLE,planning/australian-school-holidays,plan/before-you-go/australian-school-holidays
ARTICLE,planning/health-safety,plan/before-you-go/health-safety
ARTICLE,planning/useful-tips,plan/before-you-go/useful-tips
ARTICLE,articles/australias-animals,about/key-facts/australias-animals
ARTICLE,articles/heritage-attractions,about/culture-history/australian-culture/heritage-attractions
ARTICLE,planning/backpacker-essentials,plan/before-you-go/work-volunteer-study/backpacker-essentials
ARTICLE,planning/backpacker-precincts,plan/before-you-go/work-volunteer-study/backpacker-precincts
ARTICLE,planning/youth-visa,plan/before-you-go/work-volunteer-study/youth-visa
ARTICLE,planning/planning-a-trip,plan/before-you-go/planning-a-trip
ARTICLE,articles/foa-holiday-favourites-au,foa-holiday-favourites-au
ARTICLE,articles/foa-holiday-favourites-john-bertrand-au,foa-holiday-favourites-john-bertrand-au
ARTICLE,articles/foa-holiday-favourites-terri-irwin-au,foa-holiday-favourites-terri-irwin-au
ARTICLE,articles/foa-holiday-favourites-david-whitehill-au,foa-holiday-favourites-david-whitehill-au
ARTICLE,articles/foa-holiday-favourites-steve-liebman-au,foa-holiday-favourites-steve-liebman-au
ARTICLE,articles/foa-holiday-favourites-sophie-falkiner-au,foa-holiday-favourites-sophie-falkiner-au
CAMPAIGN,campaigns/makingtracks/index,campaigns/makingtracks/index.htm
CAMPAIGN,campaigns/makingtracks/meet-the-musician-Andy-Bull,campaigns/makingtracks/meet-the-musician-Andy-Bull.htm
CAMPAIGN,campaigns/makingtracks/meet-the-musician-Desmond-NeySmith,campaigns/makingtracks/meet-the-musician-Desmond-NeySmith.htm
CAMPAIGN,campaigns/makingtracks/meet-the-musician-Dewayne-Everett-Smith,campaigns/makingtracks/meet-the-musician-Dewayne-Everett-Smith.htm
CAMPAIGN,campaigns/makingtracks/meet-the-musician-Irene-Chen,campaigns/makingtracks/meet-the-musician-Irene-Chen.htm
CAMPAIGN,campaigns/makingtracks/meet-the-musician-Jasmine-Beam,campaigns/makingtracks/meet-the-musician-Jasmine-Beam.htm
CAMPAIGN,campaigns/makingtracks/meet-the-musician-Luke-Web,campaigns/makingtracks/meet-the-musician-Luke-Web.htm
CAMPAIGN,campaigns/makingtracks/meet-the-musician-Samuel-Blair,campaigns/makingtracks/meet-the-musician-Samuel-Blair.htm
CAMPAIGN,campaigns/makingtracks/meet-the-musician-Stu-Cullen,campaigns/makingtracks/meet-the-musician-Stu-Cullen.htm
CAMPAIGN,campaigns/makingtracks/musical-pairs-luke-desmond,campaigns/makingtracks/musical-pairs-luke-desmond.htm
CAMPAIGN,campaigns/makingtracks/musical-pairs-andy-irene,campaigns/makingtracks/musical-pairs-andy-irene.htm
CAMPAIGN,campaigns/makingtracks/musical-pairs-dewayne-jasmine,campaigns/makingtracks/musical-pairs-dewayne-jasmine.htm
CAMPAIGN,campaigns/makingtracks/musical-pairs-stu-samuel,campaigns/makingtracks/musical-pairs-stu-samuel.htm
ARTICLE,nta13-au,nta13-au
ARTICLE,australias-food-wine-trends-2014,australias-food-wine-trends-2014
ARTICLE,apps,apps
