ICON,it/places/great-barrier-reef,it/explore/icons/great-barrier-reef
ICON,it/places/red-centre,it/explore/icons/red-centre
ICON,it/places/great-ocean-road,it/explore/icons/great-ocean-road
ICON,it/places/kakadu,it/explore/icons/kakadu
ICON,it/places/kimberley,it/explore/icons/kimberley
ICON,it/places/kangaroo-island,it/explore/icons/kangaroo-island
ICON,it/places/byron-bay,it/explore/icons/byron-bay
ICON,it/places/tas-wilderness,it/explore/icons/tas-wilderness
ICON,it/places/alps,it/explore/icons/alps
ICON,it/places/ningaloo,it/explore/icons/ningaloo
ICON,it/places/flinders,it/explore/icons/flinders
ICON,it/places/fraser-island,it/explore/icons/fraser-island
ICON,it/places/freycinet,it/explore/icons/freycinet
ICON,it/places/gippsland,it/explore/icons/gippsland
ICON,it/places/blue-mountains,it/explore/icons/blue-mountains
ICON,it/places/namadgi,it/explore/icons/namadgi
CITY,it/places/sydney,it/explore/cities/sydney
CITY,it/places/melbourne,it/explore/cities/melbourne
CITY,it/places/brisbane,it/explore/cities/brisbane
CITY,it/places/perth,it/explore/cities/perth
CITY,it/places/darwin,it/explore/cities/darwin
CITY,it/places/adelaide,it/explore/cities/adelaide
CITY,it/places/hobart,it/explore/cities/hobart
CITY,it/places/canberra,it/explore/cities/canberra
CITY,it/places/gold-coast,it/explore/cities/gold-coast
CITY,it/places/cairns,it/explore/cities/cairns
CITY,it/places/alice-springs,it/explore/cities/alice-springs
CITY,it/places/broome,it/explore/cities/broome
CATEGORY PAGE,it/places/regional-cities,it/explore/cities/regional-cities
CITY,it/places/nsw/orange,it/explore/events/nsw-taste-of-orange
CITY,it/places/qld/bundaberg-natural-attraction,it/explore/cities/regional-cities/bundaberg-natural-attraction
CITY,it/places/tas/launceston-devonport-burnie,it/explore/cities/regional-cities/tas-launceston-devonport-burnie
CITY,it/places/vic/bendigo,it/explore/states/vic/vic-bendigo
CITY,it/places/wa/albany,it/explore/cities/regional-cities/wa-albany
CITY,it/places/wa/kalgoorlie,it/explore/states/wa/wa-kalgoorlie
CITY,it/places/wa/kununurra,it/explore/states/wa/wa-kununurra
STATE,it/places/nsw,it/explore/states/nsw
ARTICLE,it/places/nsw/anz-stadium,it/about/culture-history/stadiums/anz-stadium
ARTICLE,it/places/nsw/allianz-stadium,it/about/culture-history/stadiums/allianz-stadium
ARTICLE,it/places/nsw/nsw-glebe,it/explore/cities/sydney/nsw-glebe
ARTICLE,it/places/nsw/sydney-the-rocks,it/explore/cities/sydney/sydney-the-rocks
ARTICLE,it/places/nsw/sydney-harbour-np,it/explore/cities/sydney/sydney-harbour-np
ARTICLE,it/places/nsw/nsw-manly-beach,it/explore/cities/sydney/nsw-manly-beach
ARTICLE,it/places/nsw/nsw-palm-beach,it/explore/cities/sydney/nsw-palm-beach
ARTICLE,it/places/nsw/nsw-bondi-beach,it/explore/cities/sydney/nsw-bondi-beach
ARTICLE,it/places/nsw/nsw-bondi-bronte,it/explore/cities/sydney/nsw-bondi-bronte
ARTICLE,it/places/nsw/nsw-coogee-beach,it/explore/cities/sydney/nsw-coogee-beach
ARTICLE,it/places/nsw/nsw-sydney-beaches,it/explore/cities/sydney/nsw-sydney-beaches
ARTICLE,it/places/nsw/coffs-harbour,it/explore/states/nsw/coffs-harbour
ARTICLE,it/places/nsw/nsw-spring-hunter-valley,it/explore/states/nsw/nsw-spring-hunter-valley
ARTICLE,it/places/nsw/nsw-jervis-bay,it/explore/states/nsw/nsw-jervis-bay
STATE,it/places/vic,it/explore/states/vic
ARTICLE,it/places/vic/flemington-racecourse-stadium,it/about/culture-history/stadiums/flemington-racecourse-stadium
ARTICLE,it/places/vic/melbourne-cricket-ground,it/about/culture-history/stadiums/melbourne-cricket-ground
ARTICLE,it/places/vic/rod-laver-arena,it/about/culture-history/stadiums/rod-laver-arena
ARTICLE,it/places/vic/etihad-stadium,it/about/culture-history/stadiums/etihad-stadium
ARTICLE,it/places/vic/melbourne-hidden-laneways,it/explore/cities/melbourne/melbourne-hidden-laneways
ARTICLE,it/places/vic/melbourne-rooftop-culture,it/explore/cities/melbourne/melbourne-rooftop-culture
ARTICLE,it/places/vic/vic-brunswick,it/explore/cities/melbourne/vic-brunswick
ARTICLE,it/places/vic/fed-square,it/explore/cities/melbourne/fed-square
ARTICLE,it/places/vic/st-kilda,it/explore/cities/melbourne/st-kilda
ARTICLE,it/places/vic/mornington-peninsula,it/explore/cities/melbourne/mornington-peninsula
ARTICLE,it/places/vic/vic-torquay,it/explore/states/vic/vic-torquay
ARTICLE,it/places/vic/vic-grampians,it/explore/states/vic/vic-grampians
ARTICLE,it/places/vic/vic-12-apostles,it/explore/states/vic/vic-12-apostles
ARTICLE,it/places/vic/vic-bendigo,it/explore/states/vic/vic-bendigo
ARTICLE,it/places/vic/vic-snow-play,it/explore/states/vic/vic-snow-play
STATE,it/places/qld,it/explore/states/qld
ARTICLE,it/places/qld/suncorp-stadium,it/about/culture-history/stadiums/suncorp-stadium
ARTICLE,it/places/qld/the-gabba,it/about/culture-history/stadiums/the-gabba
ARTICLE,it/places/qld/brisbane-culture-life,it/explore/cities/brisbane/brisbane-culture-life
ARTICLE,it/places/qld/qld-adventure-on-brisbane-river,it/explore/cities/brisbane/qld-adventure-on-brisbane-river
ARTICLE,it/places/qld/qld-surfing,it/explore/cities/gold-coast/qld-surfing
ARTICLE,it/places/qld/port-douglas,it/explore/cities/cairns/port-douglas
ARTICLE,it/places/qld/kuranda,it/explore/cities/cairns/kuranda
STATE,it/places/nt,it/explore/states/nt
ARTICLE,it/places/nt/darwin-historical-attractions,it/explore/cities/darwin/nt-darwin-historical-attractions
ARTICLE,it/places/nt/darwin-art-precincts,it/explore/cities/darwin/darwin-art-precincts
ARTICLE,it/places/nt/darwin-waterfront,it/explore/cities/darwin/darwin-waterfront
ARTICLE,it/places/nt/mindil-markets,it/explore/cities/darwin/nt-mindil-markets
STATE,it/places/wa,it/explore/states/wa
ARTICLE,it/places/wa/the-waca,it/about/culture-history/stadiums/the-waca
ARTICLE,it/places/wa/perth-city-precincts,it/explore/cities/perth/perth-city-precincts
ARTICLE,it/places/wa/cottesloe-beach,it/explore/cities/perth/wa-cottesloe-beach
ARTICLE,it/places/wa/rottnest-island,it/explore/cities/perth/rottnest-island
ARTICLE,it/places/wa/cable-beach,it/explore/cities/broome/wa-cable-beach
ARTICLE,it/places/wa/albany,it/explore/cities/regional-cities/wa-albany
STATE,it/places/sa,it/explore/states/sa
ARTICLE,it/places/sa/adelaide-oval,it/about/culture-history/stadiums/adelaide-oval
ARTICLE,it/places/sa/adelaide-central-market,it/explore/cities/adelaide/adelaide-central-market
ARTICLE,it/places/sa/glenelg-beach,it/explore/cities/adelaide/sa-glenelg-beach
ARTICLE,it/places/sa/hahndorf,it/explore/cities/adelaide/sa-hahndorf
STATE,it/places/tas,it/explore/states/tas
ARTICLE,it/places/tas/hobart-salamanca-place,it/explore/cities/hobart/hobart-salamanca-place
ARTICLE,it/places/tas/winter-secrets,it/explore/states/tas/tas-winter-secrets
STATE,it/places/act,it/explore/states/act
ARTICLE,it/places/act/canberra-stadium,it/about/culture-history/stadiums/canberra-stadium
ARTICLE,it/places/act/manuka-oval,it/about/culture-history/stadiums/manuka-oval
ARTICLE,it/places/act/canberra-aboriginal-art,it/explore/cities/canberra/canberra-aboriginal-art
ARTICLE,it/places/act/canberra-home-grown-shopping,it/explore/cities/canberra/canberra-home-grown-shopping
ARTICLE,it/places/act/fireside-festival,it/explore/cities/canberra/act-fireside-festival
CATEGORY,it/itineraries/holiday-ideas,it/explore/itineraries-ideas/holiday-ideas
CATEGORY,it/itineraries/drive-australia,it/explore/itineraries-ideas/drive-australia
ITINERARY,it/itineraries/nsw-pacific-coast-touring-route,it/explore/itineraries/nsw-pacific-coast-touring-route
ITINERARY,it/itineraries/nt-red-centre-way,it/explore/itineraries/nt-red-centre-way
ITINERARY,it/itineraries/qld-pacific-coast,it/explore/itineraries/qld-pacific-coast
ITINERARY,it/itineraries/nt-natures-way,it/explore/itineraries/nt-natures-way
ITINERARY,it/itineraries/nsw-sydney-to-melbourne-coastal-drive,it/explore/itineraries/nsw-sydney-to-melbourne-coastal-drive
ITINERARY,it/itineraries/wa-indian-ocean-drive,it/explore/itineraries/wa-indian-ocean-drive
ITINERARY,it/itineraries/vic-great-southern-touring-route,it/explore/itineraries/vic-great-southern-touring-route
ITINERARY,it/itineraries/wa-gibb-river-rd,it/explore/itineraries/wa-gibb-river-rd
ITINERARY,it/itineraries/melbourne-adelaide-gor,it/explore/itineraries/melbourne-adelaide-gor
ITINERARY,it/itineraries/tas-circle-tas,it/explore/itineraries/tas-circle-tas
ITINERARY,it/itineraries/sa-loop,it/explore/itineraries/sa-loop
ITINERARY,it/itineraries/tas-east-coast,it/explore/itineraries/tas-east-coast
ITINERARY,it/itineraries/sa-explorers-highway,it/explore/itineraries/sa-explorers-highway
CATEGORY,it/itineraries/coastal-journeys,it/explore/itineraries-ideas/coastal-journeys
ITINERARY,it/itineraries/vic-great-southern-touring-route,it/explore/itineraries/vic-great-southern-touring-route
ITINERARY,it/itineraries/nsw-pacific-coast-touring-route,it/explore/itineraries/nsw-pacific-coast-touring-route
ITINERARY,it/itineraries/qld-pacific-coast,it/explore/itineraries/qld-pacific-coast
ITINERARY,it/itineraries/nsw-sydney-to-melbourne-coastal-drive,it/explore/itineraries/nsw-sydney-to-melbourne-coastal-drive
ITINERARY,it/itineraries/wa-south-west-beaches-goldfields,it/explore/itineraries/wa-south-west-beaches-goldfields
ITINERARY,it/itineraries/vic-wilsons-prom,it/explore/itineraries/vic-wilsons-prom
ITINERARY,it/itineraries/qld-3days-gold-coast,it/explore/itineraries/qld-3days-gold-coast
ITINERARY,it/itineraries/wa-3days-broome,it/explore/itineraries/wa-3days-broome
ITINERARY,it/itineraries/tas-east-coast,it/explore/itineraries/tas-east-coast
ITINERARY,it/itineraries/qld-whitsundays-sailing,it/explore/itineraries/qld-whitsundays-sailing
ITINERARY,it/itineraries/qld-great-sunshine-way,it/explore/itineraries/qld-great-sunshine-way
ITINERARY,it/itineraries/qld-3days-cairns,it/explore/itineraries/qld-3days-cairns
ITINERARY,it/itineraries/wa-indian-ocean-drive,it/explore/itineraries/wa-indian-ocean-drive
ITINERARY,it/itineraries/qld-tropical-drive,it/explore/itineraries/qld-tropical-drive
ITINERARY,it/itineraries/melbourne-adelaide-gor,it/explore/itineraries/melbourne-adelaide-gor
ITINERARY,it/itineraries/big-pacific-coast-touring-route,it/explore/itineraries/big-pacific-coast-touring-route
CATEGORY,it/itineraries/outback-journeys,it/explore/itineraries-ideas/outback-journeys
ITINERARY,it/itineraries/wa-gibb-river-rd,it/explore/itineraries/wa-gibb-river-rd
ITINERARY,it/itineraries/nt-red-centre-way,it/explore/itineraries/nt-red-centre-way
ITINERARY,it/itineraries/sa-explorers-highway,it/explore/itineraries/sa-explorers-highway
ITINERARY,it/itineraries/wa-savannah,it/explore/itineraries/wa-savannah
ITINERARY,it/itineraries/qld-savannah-way,it/explore/itineraries/qld-savannah-way
ITINERARY,it/itineraries/sa-loop,it/explore/itineraries/sa-loop
ITINERARY,it/itineraries/nt-natures-way,it/explore/itineraries/nt-natures-way
ITINERARY,it/itineraries/nt-larapinta-trail,it/explore/itineraries/nt-larapinta-trail
ITINERARY,it/itineraries/wa-sa-nsw-indian-pacific,it/explore/itineraries/wa-sa-nsw-indian-pacific
ITINERARY,it/itineraries/sa-ghan,it/explore/itineraries/sa-ghan
ITINERARY,it/itineraries/crossing-nullarbor,it/explore/itineraries/crossing-nullarbor
CATEGORY,it/itineraries/nature-discovery,it/explore/itineraries-ideas/nature-discovery
ITINERARY,it/itineraries/nt-natures-way,it/explore/itineraries/nt-natures-way
ITINERARY,it/itineraries/vic-great-alpine-way,it/explore/itineraries/vic-great-alpine-way
ITINERARY,it/itineraries/tas-circle-tas,it/explore/itineraries/tas-circle-tas
ITINERARY,it/itineraries/tas-east-coast,it/explore/itineraries/tas-east-coast
ITINERARY,it/itineraries/sa-loop,it/explore/itineraries/sa-loop
ITINERARY,it/itineraries/tas-overland-track,it/explore/itineraries/tas-overland-track
ITINERARY,it/itineraries/act-australian-alps-walking-track,it/explore/itineraries/act-australian-alps-walking-track
ITINERARY,it/itineraries/qld-goldcoast-hinterland,it/explore/itineraries/qld-goldcoast-hinterland
ITINERARY,it/itineraries/sa-heysen-trail,it/explore/itineraries/sa-heysen-trail
ITINERARY,it/itineraries/vic-wilsons-prom,it/explore/itineraries/vic-wilsons-prom
ITINERARY,it/itineraries/nsw-six-foot-track,it/explore/itineraries/nsw-six-foot-track
ITINERARY,it/itineraries/act-capital-country,it/explore/itineraries/act-capital-country
ITINERARY,it/itineraries/act-poachers-way,it/explore/itineraries/act-poachers-way
ITINERARY,it/itineraries/rainforest-way,it/explore/itineraries/rainforest-way
CATEGORY,it/itineraries/adventure-journeys,it/explore/itineraries-ideas/adventure-journeys
ITINERARY,it/itineraries/wa-gibb-river-rd,it/explore/itineraries/wa-gibb-river-rd
ITINERARY,it/itineraries/nt-red-centre-way,it/explore/itineraries/nt-red-centre-way
ITINERARY,it/itineraries/sa-explorers-highway,it/explore/itineraries/sa-explorers-highway
ITINERARY,it/itineraries/wa-savannah,it/explore/itineraries/wa-savannah
ITINERARY,it/itineraries/qld-savannah-way,it/explore/itineraries/qld-savannah-way
ITINERARY,it/itineraries/sa-loop,it/explore/itineraries/sa-loop
ITINERARY,it/itineraries/nt-natures-way,it/explore/itineraries/nt-natures-way
ITINERARY,it/itineraries/nt-larapinta-trail,it/explore/itineraries/nt-larapinta-trail
ITINERARY,it/itineraries/sa-heysen-trail,it/explore/itineraries/sa-heysen-trail
ITINERARY,it/itineraries/qld-whitsundays-sailing,it/explore/itineraries/qld-whitsundays-sailing
ITINERARY,it/itineraries/wa-munda-biddi-trail,it/explore/itineraries/wa-munda-biddi-trail
ITINERARY,it/itineraries/crossing-nullarbor,it/explore/itineraries/crossing-nullarbor
CATEGORY,it/itineraries/aboriginal-discovery,it/explore/itineraries-ideas/aboriginal-discovery
ITINERARY,it/itineraries/nt-red-centre-way,it/explore/itineraries/nt-red-centre-way
ITINERARY,it/itineraries/nt-natures-way,it/explore/itineraries/nt-natures-way
ITINERARY,it/itineraries/sa-loop,it/explore/itineraries/sa-loop
ITINERARY,it/itineraries/vic-great-southern-touring-route,it/explore/itineraries/vic-great-southern-touring-route
ITINERARY,it/itineraries/tas-east-coast,it/explore/itineraries/tas-east-coast
ITINERARY,it/itineraries/sa-explorers-highway,it/explore/itineraries/sa-explorers-highway
ITINERARY,it/itineraries/wa-savannah,it/explore/itineraries/wa-savannah
ITINERARY,it/itineraries/wa-south-west-beaches-goldfields,it/explore/itineraries/wa-south-west-beaches-goldfields
CATEGORY,it/itineraries/walking-australia,it/explore/itineraries-ideas/walking-australia
ITINERARY,it/itineraries/tas-overland-track,it/explore/itineraries/tas-overland-track
ITINERARY,it/itineraries/act-australian-alps-walking-track,it/explore/itineraries/act-australian-alps-walking-track
ITINERARY,it/itineraries/qld-goldcoast-hinterland,it/explore/itineraries/qld-goldcoast-hinterland
ITINERARY,it/itineraries/sa-heysen-trail,it/explore/itineraries/sa-heysen-trail
ITINERARY,it/itineraries/nt-larapinta-trail,it/explore/itineraries/nt-larapinta-trail
ITINERARY,it/itineraries/vic-wilsons-prom,it/explore/itineraries/vic-wilsons-prom
ITINERARY,it/itineraries/nsw-six-foot-track,it/explore/itineraries/nsw-six-foot-track
ITINERARY,it/itineraries/wa-bibbulmun-track,it/explore/itineraries/wa-bibbulmun-track
ITINERARY,it/itineraries/nsw-kanangra-katoomba,it/explore/itineraries/nsw-kanangra-katoomba
ITINERARY,it/itineraries/sydney-coastal-walks,it/explore/itineraries/sydney-coastal-walks
ITINERARY,it/itineraries/hinchinbrook-island,it/explore/itineraries/hinchinbrook-island
CATEGORY,it/itineraries/holiday-ideas,it/explore/itineraries-ideas/holiday-ideas
ITINERARY,it/itineraries/nsw-3weeks-sydney,it/explore/itineraries/nsw-3weeks-sydney
ITINERARY,it/itineraries/vic-3weeks-melbourne,it/explore/itineraries/vic-3weeks-melbourne
ITINERARY,it/itineraries/qld-3weeks-brisbane,it/explore/itineraries/qld-3weeks-brisbane
ITINERARY,it/itineraries/wa-3weeks-perth,it/explore/itineraries/wa-3weeks-perth
ITINERARY,it/itineraries/sa-3weeks-adelaide,it/explore/itineraries/sa-3weeks-adelaide
ITINERARY,it/itineraries/nt-3weeks-darwin,it/explore/itineraries/nt-3weeks-darwin
ITINERARY,it/itineraries/qld-3weeks-cairns,it/explore/itineraries/qld-3weeks-cairns
CATEGORY,it/itineraries/city-journeys,it/explore/itineraries-ideas/city-journeys
ITINERARY,it/itineraries/nsw-3days-sydney,it/explore/itineraries/nsw-3days-sydney
ITINERARY,it/itineraries/vic-3days-melbourne,it/explore/itineraries/vic-3days-melbourne
ITINERARY,it/itineraries/qld-3days-brisbane,it/explore/itineraries/qld-3days-brisbane
ITINERARY,it/itineraries/wa-3days-perth,it/explore/itineraries/wa-3days-perth
ITINERARY,it/itineraries/sa-3days-adelaide,it/explore/itineraries/sa-3days-adelaide
ITINERARY,it/itineraries/nt-3days-darwin,it/explore/itineraries/nt-3days-darwin
ITINERARY,it/itineraries/tas-3days-hobart,it/explore/itineraries/tas-3days-hobart
ITINERARY,it/itineraries/act-3days-canberra,it/explore/itineraries/act-3days-canberra
ITINERARY,it/itineraries/qld-3days-cairns,it/explore/itineraries/qld-3days-cairns
ITINERARY,it/itineraries/nt-3days-alice-springs,it/explore/itineraries/nt-3days-alice-springs
ITINERARY,it/itineraries/wa-3days-broome,it/explore/itineraries/wa-3days-broome
ITINERARY,it/itineraries/qld-3days-gold-coast,it/explore/itineraries/qld-3days-gold-coast
CATEGORY,it/itineraries/australian-holiday-stories,it/explore/things-to-do/australian-holiday-stories
ITINERARY,it/itineraries/nsw-sydney-story,it/explore/cities/sydney/nsw-sydney-story
ITINERARY,it/itineraries/nt-uluru-story,it/explore/icons/red-centre/nt-uluru-story
ITINERARY,it/itineraries/wa-pinnacles-travel-story,it/explore/states/wa/wa-pinnacles-travel-story
ITINERARY,it/itineraries/tasman-national-park-story,it/explore/states/tas/tasman-national-park-story
ITINERARY,it/itineraries/margaret-river-story,it/explore/states/wa/margaret-river-story
ITINERARY,it/itineraries/sa-kangaroo-Island-story,it/explore/icons/kangaroo-island/sa-kangaroo-Island-story
ITINERARY,it/itineraries/nt-kakadu-story,it/explore/icons/kakadu/nt-kakadu-story
ITINERARY,it/itineraries/wa-kimberley-travel-story,it/explore/icons/kimberley/wa-kimberley-travel-story
ITINERARY,it/itineraries/liffey-falls-story,it/explore/cities/hobart/liffey-falls-story
ITINERARY,it/itineraries/port-campbell-travel-story,it/explore/icons/great-ocean-road/port-campbell-travel-story
ITINERARY,it/itineraries/qld-surfers-paradise-story,it/explore/cities/gold-coast/qld-surfers-paradise-story
ITINERARY,it/itineraries/bruny-travel-story,it/explore/states/tas/bruny-travel-story
ITINERARY,it/itineraries/qld-tangalooma-story,it/explore/cities/brisbane/qld-tangalooma-story
ITINERARY,it/itineraries/wa-karijini-story,it/explore/states/wa/wa-karijini-story
ITINERARY,it/itineraries/act-tharwa-story,it/explore/cities/canberra/act-tharwa-story
ITINERARY,it/itineraries/wa-valley-of-the-giants-story,it/explore/states/wa/wa-valley-of-the-giants-story
ITINERARY,it/itineraries/wa-wave-rock-story,it/explore/states/wa/wa-wave-rock-story
EVENT LANDING,it/events/major-events,it/explore/australian-events/major-events
EVENT LANDING,it/events/sporting-events,it/explore/australian-events/sporting-events
EVENT LANDING,it/events/horse-racing-events,it/explore/australian-events/horse-racing-events
EVENT LANDING,it/events/beaches-events,it/explore/australian-events/beaches-events
EVENT LANDING,it/events/culture-events,it/explore/australian-events/culture-events
EVENT LANDING,it/events/art-events,it/explore/australian-events/art-events
EVENT LANDING,it/events/music-festivals-events,it/explore/australian-events/music-festivals-events
EVENT LANDING,it/events/food-wine-events,it/explore/australian-events/food-wine-events
EVENT LANDING,it/events/regional-outback-events,it/explore/australian-events/regional-outback-events
EVENT LANDING,it/events/aboriginal-events,it/explore/australian-events/aboriginal-events
EVENT LANDING,it/events/natural-events,it/explore/australian-events/natural-events
EVENT LANDING,it/events/nat-uniquely-australian-events,it/explore/australian-events/nat-uniquely-australian-events
EVENT ARTICLE ,it/events/2014/january/tour-down-under,it/explore/events/tour-down-under
EVENT ARTICLE ,it/events/2014/february/australian-open,it/explore/events/australian-open
EVENT ARTICLE ,it/events/2014/march/australia-day,it/explore/events/australia-day
EVENT ARTICLE ,it/events/2014/april/melbourne-food-and-wine-festival,it/explore/events/melbourne-food-and-wine-festival
EVENT ARTICLE ,it/events/2014/may/vic-australian-grand-prix,it/explore/events/vic-australian-grand-prix
EVENT ARTICLE ,it/events/2014/june/opera-sydney-harbour,it/explore/events/opera-sydney-harbour
EVENT ARTICLE ,it/events/2014/july/sydney-royal-easter-show,it/explore/events/sydney-royal-easter-show
EVENT ARTICLE ,it/events/2014/august/vivid-sydney,it/explore/events/vivid-sydney
EVENT ARTICLE ,it/events/2014/september/british-lions-2013,it/explore/events/british-lions-2013
EVENT ARTICLE ,it/events/2014/october/australias-running-events,it/explore/events/australias-running-events
EVENT ARTICLE ,it/events/2014/november/floriade,it/explore/events/floriade
EVENT ARTICLE ,it/events/2014/december/afl-events,it/explore/events/afl-events
EVENT ARTICLE ,it/events/2014/january/melbourne-cup-carnival,it/explore/events/melbourne-cup-carnival
EVENT ARTICLE ,it/events/2014/february/syd-hobart-yacht-race,it/explore/events/syd-hobart-yacht-race
EVENT ARTICLE ,it/events/2014/march/nat-new-years-fireworks,it/explore/events/nat-new-years-fireworks
EVENT ARTICLE ,it/events/2014/april/sydney-mardi-gras,it/explore/events/sydney-mardi-gras
EVENT ARTICLE ,it/events/2014/may/jazz-blues-classical-festivals,it/explore/events/jazz-blues-classical-festivals
EVENT ARTICLE ,it/events/2014/june/indie-alternative-rock-festivals,it/explore/events/indie-alternative-rock-festivals
EVENT ARTICLE ,it/events/2014/july/folk-country-world-music-festivals,it/explore/events/folk-country-world-music-festivals
EVENT ARTICLE ,it/events/2014/august/horse-racing-events-article,it/explore/events/horse-racing-events-article
EVENT ARTICLE ,it/events/2014/september/act-canberra-balloon-fiesta,it/explore/events/act-canberra-balloon-fiesta
EVENT ARTICLE ,it/events/2014/october/nat-film-festivals,it/explore/events/nat-film-festivals
EVENT ARTICLE ,it/events/2014/november/nsw-taste-of-orange,it/explore/events/nsw-taste-of-orange
EVENT ARTICLE ,it/events/2014/december/nt-henley-on-todd,it/explore/events/nt-henley-on-todd
EVENT ARTICLE ,it/events/2014/january/tas-taste-festival,it/explore/events/tas-taste-festival
EVENT ARTICLE ,it/events/2014/february/vic-spring-racing,it/explore/events/vic-spring-racing
EVENT ARTICLE ,it/events/2014/march/australias-motorsport-events,it/explore/events/australias-motorsport-events
EVENT ARTICLE ,it/events/2014/april/nsw-orange-food-week,it/explore/events/nsw-orange-food-week
EVENT ARTICLE ,it/events/2014/may/qld-coolangatta-ocean-swim,it/explore/events/qld-coolangatta-ocean-swim
EVENT ARTICLE ,it/events/2014/june/summer-cricket,it/explore/events/summer-cricket
EVENT ARTICLE ,it/events/2014/july/wa-ord-valley-muster,it/explore/events/wa-ord-valley-muster
EVENT ARTICLE ,it/events/2014/august/australias-grand-slam-tennis,it/explore/events/australias-grand-slam-tennis
EVENT ARTICLE ,it/events/2014/september/surfing-events,it/explore/events/surfing-events
EVENT ARTICLE ,it/events/2014/october/australian-theatre,it/explore/events/australian-theatre
EVENT ARTICLE ,it/events/2014/november/ashes-2013,it/explore/events/ashes-2013
EVENT ARTICLE ,it/events/2014/december/australias-cycling-events,it/explore/events/australias-cycling-events
EVENT ARTICLE ,it/events/2014/january/australias-golf-events,it/explore/events/australias-golf-events
EVENT ARTICLE ,it/events/2014/february/australias-oceans-swims,it/explore/events/australias-oceans-swims
EVENT ARTICLE ,it/events/2014/march/bledisloe-cup,it/explore/events/bledisloe-cup
EVENT ARTICLE ,it/events/2014/april/endurance-events,it/explore/events/endurance-events
EVENT ARTICLE ,it/events/2014/may/sa-tasting-australia,it/explore/events/sa-tasting-australia
EVENT ARTICLE ,it/events/2014/june/australian-opera,it/explore/events/australian-opera
EVENT ARTICLE ,it/events/2014/july/sa-outback-cattle-drive,it/explore/events/sa-outback-cattle-drive
EVENT ARTICLE ,it/events/2014/august/wa-margaret-river-wine-festival,it/explore/events/wa-margaret-river-wine-festival
EVENT ARTICLE ,it/events/2014/september/surf-life-saving-events,it/explore/events/surf-life-saving-events
CATEGORY,it/categories/outback-australia,it/about/australias-landscapes/outback-australia
ARTICLE,it/places/nsw/mungo,it/explore/states/nsw/nsw-mungo
ARTICLE,it/articles/outback,it/about/australias-landscapes/outback/outback
ARTICLE,it/articles/houseboating-murray-river,it/explore/things-to-do/australian-adventure/houseboating-murray-river
ARTICLE,it/articles/glamping-australia,it/explore/things-to-do/australian-adventure/glamping-australia
ARTICLE,it/articles/outback-cattle-drive,it/explore/events/sa-outback-cattle-drive
CATEGORY,it/categories/aboriginal-australia,it/explore/things-to-do/aboriginal-australia
ARTICLE,it/articles/aboriginal,it/explore/things-to-do/aboriginal-australia/aboriginal
CITY ,it/places/nt/alice-springs,it/explore/cities/alice-springs
CATEGORY,it/categories/food-and-wine,it/explore/things-to-do/food-and-wine
ARTICLE,it/articles/australian-wineries,it/about/australias-landscapes/australian-wineries
ARTICLE,it/articles/ultimate-wineries,it/explore/things-to-do/ultimate-wineries
CATEGORY,it/categories/art-music-culture,it/about/culture-history/culture
ARTICLE,it/articles/australian-art,it/about/culture-history/australian-art
ARTICLE,it/articles/shopping,it/explore/things-to-do/shopping
ARTICLE,it/articles/shopping/nat-shopping,it/explore/things-to-do/shopping/nat-shopping
ARTICLE,it/articles/shopping/nat-australias-markets,it/explore/things-to-do/shopping/nat-australias-markets
ARTICLE,it/articles/shopping/australias-opals,it/explore/things-to-do/shopping/australias-opals
ARTICLE,it/articles/shopping/australian-souvenirs,it/explore/things-to-do/shopping/australian-souvenirs
ARTICLE,it/articles/famous-australians,it/about/culture-history/famous-australians
CATEGORY,it/categories/australias-islands,it/about/australias-landscapes/australias-islands
ARTICLE,it/places/qld/tangalooma,it/explore/states/qld/tangalooma
ARTICLE,it/places/qld/whitsundays-islands,it/explore/icons/great-barrier-reef/whitsundays-islands
ARTICLE,it/places/tas/tas-bass-strait-islands,it/explore/states/tas/tas-bass-strait-islands
ARTICLE,it/places/nsw/nsw-lord-howe-island,it/explore/states/nsw/nsw-lord-howe-island
ARTICLE,it/places/nt/tiwi-islands,it/about/australias-landscapes/australias-islands/tiwi-islands
CATEGORY,it/categories/nature and wildlife,it/about/australias-landscapes/nature
ARTICLE,it/articles/natural-australia,it/explore/things-to-do/natural-australia
ARTICLE,it/articles/nat-australias-rainforests,it/explore/things-to-do/nature/nat-australias-rainforests
ARTICLE,it/articles/world-heritage-sites-australia,it/explore/things-to-do/nature/world-heritage-sites-australia
ARTICLE,it/facts/plants,it/about/key-facts/plants
CATEGORY,it/categories/beaches ,it/about/australias-landscapes/australian-beaches
ARTICLE,it/articles/coastal,it/about/australias-landscapes/coastal
ARTICLE,it/articles/sydney-beaches,it/explore/cities/sydney/nsw-sydney-beaches
CATEGORY,it/categories/australian-sport ,it/explore/things-to-do/australian-adventure/nat-australian-sport
ARTICLE,it/articles/australias-stadiums-venues,it/about/culture-history/australias-stadiums-venues
ARTICLE,it/articles/great-golf-courses,it/explore/things-to-do/great-golf-courses
CATEGORY,it/categories/australian-adventure,it/explore/things-to-do/australian-adventure
ARTICLE,it/articles/great-walks,it/explore/things-to-do/great-walks
ARTICLE,it/articles/great-luxury-lodges,it/explore/things-to-do/great-luxury-lodges
CATEGORY  ,it/categories/youthful-travellers,it/explore/things-to-do/youthful-travellers
ARTICLE,it/planning/working-holiday-visa,it/plan/before-you-go/working-holiday-visa
ARTICLE,it/planning/working-holiday-visa-faq,it/plan/before-you-go/working-holiday-visa-faq
ARTICLE,it/planning/work-study-abroad,it/plan/before-you-go/work-study-abroad
CATEGORY ,it/facts,it/about
CATEGORY ,it/facts/weather,it/about/key-facts/weather
ARTICLE,it/facts/sydney-weather,it/about/key-facts/weather/sydney-weather
ARTICLE,it/facts/melbourne-weather,it/about/key-facts/weather/melbourne-weather
ARTICLE,it/facts/adelaide-weather,it/about/key-facts/weather/adelaide-weather
ARTICLE,it/facts/perth-weather,it/about/key-facts/weather/perth-weather
ARTICLE,it/facts/brisbane-weather,it/about/key-facts/weather/brisbane-weather
ARTICLE,it/facts/cairns-weather,it/about/key-facts/weather/cairns-weather
ARTICLE,it/facts/hobart-weather,it/about/key-facts/weather/hobart-weather
ARTICLE,it/facts/canberra-weather,it/about/key-facts/weather/canberra-weather
ARTICLE,it/facts/alice-springs-weather,it/about/key-facts/weather/alice-springs-weather
ARTICLE,it/facts/broome-weather,it/about/key-facts/weather/broome-weather
ARTICLE,it/facts/darwin-weather,it/about/key-facts/weather/darwin-weather
ARTICLE,it/facts/gold-coast-weather,it/about/key-facts/weather/gold-coast-weather
ARTICLE,it/planning/tips-hazards,it/plan/while-your-here/tips-hazards
CATEGORY ,it/facts/australias-seasons,it/about/australias-landscapes/australias-seasons
ARTICLE,it/facts/australias-seasons/summer,it/about/australias-landscapes/australias-seasons/summer
ARTICLE,it/facts/australias-seasons/autumn,it/about/australias-landscapes/australias-seasons/autumn
ARTICLE,it/facts/australias-seasons/winter,it/about/australias-landscapes/australias-seasons/winter
ARTICLE,it/facts/australias-seasons/spring,it/about/australias-landscapes/australias-seasons/spring
ARTICLE,it/planning/getting-there,it/plan/plan-your-trip/getting-there
CATEGORY ,it/planning/planning-a-trip,it/plan/before-you-go/planning-a-trip
ARTICLE,it/facts/currency,it/about/key-facts/currency
ARTICLE,it/facts/time-zones,it/about/key-facts/time-zones
ARTICLE,it/planning/getting-around,it/plan/while-your-here/getting-around
ARTICLE,it/planning/road-safety,it/plan/while-your-here/road-safety
ARTICLE,it/facts/cities-states-territories,it/about/key-facts/cities-states-territories
ARTICLE,it/planning/visa-information,it/plan/before-you-go/visa-information
ARTICLE,it/planning/customs-quarantine,it/plan/before-you-go/customs-quarantine
ASP SEARCH,it/planning/find-travel-agent,it/plan/plan-your-trip/find-travel-agent
ARTICLE,it/facts/emergency-services,it/about/key-facts/emergency-services
MAP IFRAME,explore,explore
SITE MAP,sitemap,sitemap
PRIVACY POLICY ,privacypolicy,privacypolicy
TERMS&CONDS,terms-conditions,terms-conditions
DISCLAIMER ,disclaimer,disclaimer
CAMPAIGN,nationallandscapes,nationallandscapes
CAMPAIGN,it/campaigns/nationallandscapes/AustralianAlps,it/campaigns/nationallandscapes/AustralianAlps.htm
CAMPAIGN,it/campaigns/nationallandscapes/AustraliasCoastalWilderness,it/campaigns/nationallandscapes/AustraliasCoastalWilderness.htm
CAMPAIGN,it/campaigns/nationallandscapes/AustraliasGreenCauldron,it/campaigns/nationallandscapes/AustraliasGreenCauldron.htm
CAMPAIGN,it/campaigns/nationallandscapes/FlindersRanges,it/campaigns/nationallandscapes/FlindersRanges.htm
CAMPAIGN,it/campaigns/nationallandscapes/AustraliasRedCentre,it/campaigns/nationallandscapes/AustraliasRedCentre.htm
CAMPAIGN,it/campaigns/nationallandscapes/GreatBarrierReef,it/campaigns/nationallandscapes/GreatBarrierReef.htm
CAMPAIGN,it/campaigns/nationallandscapes/GreatOceanRoad,it/campaigns/nationallandscapes/GreatOceanRoad.htm
CAMPAIGN,it/campaigns/nationallandscapes/GreaterBlueMountains,it/campaigns/nationallandscapes/GreaterBlueMountains.htm
CAMPAIGN,it/campaigns/nationallandscapes/Great-South-West-Edge,it/campaigns/nationallandscapes/Great-South-West-Edge.htm
CAMPAIGN,it/campaigns/nationallandscapes/Australias-Timeless-North,it/campaigns/nationallandscapes/Australias-Timeless-North.htm
CAMPAIGN,it/campaigns/nationallandscapes/KangarooIsland,it/campaigns/nationallandscapes/KangarooIsland.htm
CAMPAIGN,it/campaigns/nationallandscapes/NingalooSharkBay,it/campaigns/nationallandscapes/NingalooSharkBay.htm
CAMPAIGN,it/campaigns/nationallandscapes/SydneyHarbour,it/campaigns/nationallandscapes/SydneyHarbour.htm
CAMPAIGN,it/campaigns/nationallandscapes/TasmaniasIslandHeritage,it/campaigns/nationallandscapes/TasmaniasIslandHeritage.htm
CAMPAIGN,it/campaigns/nationallandscapes/TheKimberley,it/campaigns/nationallandscapes/TheKimberley.htm
CAMPAIGN,it/campaigns/nationallandscapes/wettropics,it/campaigns/nationallandscapes/wettropics.htm
CAMPAIGN,it/campaigns/nothinglike/au,it/campaigns/nothinglike/au/index.htm
CAMPAIGN,it/campaigns/nothinglike/au/bungle-bungles,it/campaigns/nothinglike/au/bungle-bungles.htm
CAMPAIGN,it/campaigns/nothinglike/au/bungle-bungles-product1,it/campaigns/nothinglike/au/bungle-bungles-product1.htm
CAMPAIGN,it/campaigns/nothinglike/au/bungle-bungles-product2,it/campaigns/nothinglike/au/bungle-bungles-product2.htm
CAMPAIGN,it/campaigns/nothinglike/au/bungle-bungles-product3,it/campaigns/nothinglike/au/bungle-bungles-product3.htm
CAMPAIGN,it/campaigns/nothinglike/au/bungle-bungles-product4,it/campaigns/nothinglike/au/bungle-bungles-product4.htm
CAMPAIGN,it/campaigns/nothinglike/au/bungle-bungles-product5,it/campaigns/nothinglike/au/bungle-bungles-product5.htm
CAMPAIGN,it/campaigns/nothinglike/au/bungle-bungles-product6,it/campaigns/nothinglike/au/bungle-bungles-product6.htm
CAMPAIGN,it/campaigns/nothinglike/au/bungle-bungles-product7,it/campaigns/nothinglike/au/bungle-bungles-product7.htm
CAMPAIGN,it/campaigns/nothinglike/au/bungle-bungles-product8,it/campaigns/nothinglike/au/bungle-bungles-product8.htm
CAMPAIGN,it/campaigns/nothinglike/au/bungle-bungles-product9,it/campaigns/nothinglike/au/bungle-bungles-product9.htm
CAMPAIGN,it/campaigns/nothinglike/au/bungle-bungles-product10,it/campaigns/nothinglike/au/bungle-bungles-product10.htm
CAMPAIGN,it/campaigns/nothinglike/au/bungle-bungles-itinerary,it/campaigns/nothinglike/au/bungle-bungles-itinerary.htm
CAMPAIGN,it/campaigns/nothinglike/au/bungle-bungles-itinerary2,it/campaigns/nothinglike/au/bungle-bungles-itinerary2.htm
CAMPAIGN,it/campaigns/nothinglike/au/bungle-bungles-itinerary3,it/campaigns/nothinglike/au/bungle-bungles-itinerary3.htm
CAMPAIGN,it/campaigns/nothinglike/au/bungle-bungles-itinerary4,it/campaigns/nothinglike/au/bungle-bungles-itinerary4.htm
CAMPAIGN,it/campaigns/nothinglike/au/bungle-bungles-experiences,it/campaigns/nothinglike/au/bungle-bungles-experiences.htm
CAMPAIGN,it/campaigns/nothinglike/au/canberra,it/campaigns/nothinglike/au/canberra.htm
CAMPAIGN,it/campaigns/nothinglike/au/canberra-product1,it/campaigns/nothinglike/au/canberra-product1.htm
CAMPAIGN,it/campaigns/nothinglike/au/canberra-product2,it/campaigns/nothinglike/au/canberra-product2.htm
CAMPAIGN,it/campaigns/nothinglike/au/canberra-product3,it/campaigns/nothinglike/au/canberra-product3.htm
CAMPAIGN,it/campaigns/nothinglike/au/canberra-product4,it/campaigns/nothinglike/au/canberra-product4.htm
CAMPAIGN,it/campaigns/nothinglike/au/canberra-product5,it/campaigns/nothinglike/au/canberra-product5.htm
CAMPAIGN,it/campaigns/nothinglike/au/canberra-product6,it/campaigns/nothinglike/au/canberra-product6.htm
CAMPAIGN,it/campaigns/nothinglike/au/canberra-product7,it/campaigns/nothinglike/au/canberra-product7.htm
CAMPAIGN,it/campaigns/nothinglike/au/canberra-product8,it/campaigns/nothinglike/au/canberra-product8.htm
CAMPAIGN,it/campaigns/nothinglike/au/canberra-product9,it/campaigns/nothinglike/au/canberra-product9.htm
CAMPAIGN,it/campaigns/nothinglike/au/canberra-product10,it/campaigns/nothinglike/au/canberra-product10.htm
CAMPAIGN,it/campaigns/nothinglike/au/canberra-product11,it/campaigns/nothinglike/au/canberra-product11.htm
CAMPAIGN,it/campaigns/nothinglike/au/canberra-itinerary,it/campaigns/nothinglike/au/canberra-itinerary.htm
CAMPAIGN,it/campaigns/nothinglike/au/canberra-itinerary2,it/campaigns/nothinglike/au/canberra-itinerary2.htm
CAMPAIGN,it/campaigns/nothinglike/au/canberra-itinerary3,it/campaigns/nothinglike/au/canberra-itinerary3.htm
CAMPAIGN,it/campaigns/nothinglike/au/canberra-itinerary4,it/campaigns/nothinglike/au/canberra-itinerary4.htm
CAMPAIGN,it/campaigns/nothinglike/au/canberra-experiences,it/campaigns/nothinglike/au/canberra-experiences.htm
CAMPAIGN,it/campaigns/nothinglike/au/cape-leveque,it/campaigns/nothinglike/au/cape-leveque.htm
CAMPAIGN,it/campaigns/nothinglike/au/cape-leveque-product1,it/campaigns/nothinglike/au/cape-leveque-product1.htm
CAMPAIGN,it/campaigns/nothinglike/au/cape-leveque-product2,it/campaigns/nothinglike/au/cape-leveque-product2.htm
CAMPAIGN,it/campaigns/nothinglike/au/cape-leveque-product3,it/campaigns/nothinglike/au/cape-leveque-product3.htm
CAMPAIGN,it/campaigns/nothinglike/au/cape-leveque-product4,it/campaigns/nothinglike/au/cape-leveque-product4.htm
CAMPAIGN,it/campaigns/nothinglike/au/cape-leveque-product5,it/campaigns/nothinglike/au/cape-leveque-product5.htm
CAMPAIGN,it/campaigns/nothinglike/au/cape-leveque-product6,it/campaigns/nothinglike/au/cape-leveque-product6.htm
CAMPAIGN,it/campaigns/nothinglike/au/cape-leveque-product7,it/campaigns/nothinglike/au/cape-leveque-product7.htm
CAMPAIGN,it/campaigns/nothinglike/au/cape-leveque-product8,it/campaigns/nothinglike/au/cape-leveque-product8.htm
CAMPAIGN,it/campaigns/nothinglike/au/cape-leveque-product9,it/campaigns/nothinglike/au/cape-leveque-product9.htm
CAMPAIGN,it/campaigns/nothinglike/au/cape-leveque-product10,it/campaigns/nothinglike/au/cape-leveque-product10.htm
CAMPAIGN,it/campaigns/nothinglike/au/cape-leveque-itinerary,it/campaigns/nothinglike/au/cape-leveque-itinerary.htm
CAMPAIGN,it/campaigns/nothinglike/au/cape-leveque-itinerary2,it/campaigns/nothinglike/au/cape-leveque-itinerary2.htm
CAMPAIGN,it/campaigns/nothinglike/au/cape-leveque-itinerary3,it/campaigns/nothinglike/au/cape-leveque-itinerary3.htm
CAMPAIGN,it/campaigns/nothinglike/au/cape-leveque-itinerary4,it/campaigns/nothinglike/au/cape-leveque-itinerary4.htm
CAMPAIGN,it/campaigns/nothinglike/au/cape-leveque-itinerary5,it/campaigns/nothinglike/au/cape-leveque-itinerary5.htm
CAMPAIGN,it/campaigns/nothinglike/au/cape-leveque-experiences,it/campaigns/nothinglike/au/cape-leveque-experiences.htm
CAMPAIGN,it/campaigns/nothinglike/au/el-questro,it/campaigns/nothinglike/au/el-questro.htm
CAMPAIGN,it/campaigns/nothinglike/au/el-questro-product1,it/campaigns/nothinglike/au/el-questro-product1.htm
CAMPAIGN,it/campaigns/nothinglike/au/el-questro-product2,it/campaigns/nothinglike/au/el-questro-product2.htm
CAMPAIGN,it/campaigns/nothinglike/au/el-questro-product3,it/campaigns/nothinglike/au/el-questro-product3.htm
CAMPAIGN,it/campaigns/nothinglike/au/el-questro-product4,it/campaigns/nothinglike/au/el-questro-product4.htm
CAMPAIGN,it/campaigns/nothinglike/au/el-questro-product5,it/campaigns/nothinglike/au/el-questro-product5.htm
CAMPAIGN,it/campaigns/nothinglike/au/el-questro-product6,it/campaigns/nothinglike/au/el-questro-product6.htm
CAMPAIGN,it/campaigns/nothinglike/au/el-questro-product7,it/campaigns/nothinglike/au/el-questro-product7.htm
CAMPAIGN,it/campaigns/nothinglike/au/el-questro-product8,it/campaigns/nothinglike/au/el-questro-product8.htm
CAMPAIGN,it/campaigns/nothinglike/au/el-questro-product9,it/campaigns/nothinglike/au/el-questro-product9.htm
CAMPAIGN,it/campaigns/nothinglike/au/el-questro-product10,it/campaigns/nothinglike/au/el-questro-product10.htm
CAMPAIGN,it/campaigns/nothinglike/au/el-questro-itinerary,it/campaigns/nothinglike/au/el-questro-itinerary.htm
CAMPAIGN,it/campaigns/nothinglike/au/el-questro-itinerary2,it/campaigns/nothinglike/au/el-questro-itinerary2.htm
CAMPAIGN,it/campaigns/nothinglike/au/el-questro-itinerary3,it/campaigns/nothinglike/au/el-questro-itinerary3.htm
CAMPAIGN,it/campaigns/nothinglike/au/el-questro-itinerary4,it/campaigns/nothinglike/au/el-questro-itinerary4.htm
CAMPAIGN,it/campaigns/nothinglike/au/el-questro-experiences,it/campaigns/nothinglike/au/el-questro-experiences.htm
CAMPAIGN,it/campaigns/nothinglike/au/freycinet,it/campaigns/nothinglike/au/freycinet.htm
CAMPAIGN,it/campaigns/nothinglike/au/freycinet-product1,it/campaigns/nothinglike/au/freycinet-product1.htm
CAMPAIGN,it/campaigns/nothinglike/au/freycinet-product2,it/campaigns/nothinglike/au/freycinet-product2.htm
CAMPAIGN,it/campaigns/nothinglike/au/freycinet-product3,it/campaigns/nothinglike/au/freycinet-product3.htm
CAMPAIGN,it/campaigns/nothinglike/au/freycinet-product5,it/campaigns/nothinglike/au/freycinet-product5.htm
CAMPAIGN,it/campaigns/nothinglike/au/freycinet-product6,it/campaigns/nothinglike/au/freycinet-product6.htm
CAMPAIGN,it/campaigns/nothinglike/au/freycinet-product7,it/campaigns/nothinglike/au/freycinet-product7.htm
CAMPAIGN,it/campaigns/nothinglike/au/freycinet-product8,it/campaigns/nothinglike/au/freycinet-product8.htm
CAMPAIGN,it/campaigns/nothinglike/au/freycinet-product9,it/campaigns/nothinglike/au/freycinet-product9.htm
CAMPAIGN,it/campaigns/nothinglike/au/freycinet-product10,it/campaigns/nothinglike/au/freycinet-product10.htm
CAMPAIGN,it/campaigns/nothinglike/au/freycinet-itinerary,it/campaigns/nothinglike/au/freycinet-itinerary.htm
CAMPAIGN,it/campaigns/nothinglike/au/freycinet-itinerary2,it/campaigns/nothinglike/au/freycinet-itinerary2.htm
CAMPAIGN,it/campaigns/nothinglike/au/freycinet-itinerary3,it/campaigns/nothinglike/au/freycinet-itinerary3.htm
CAMPAIGN,it/campaigns/nothinglike/au/freycinet-itinerary4,it/campaigns/nothinglike/au/freycinet-itinerary4.htm
CAMPAIGN,it/campaigns/nothinglike/au/freycinet-itinerary5,it/campaigns/nothinglike/au/freycinet-itinerary5.htm
CAMPAIGN,it/campaigns/nothinglike/au/freycinet-experiences,it/campaigns/nothinglike/au/freycinet-experiences.htm
CAMPAIGN,it/campaigns/nothinglike/au/gold-coast,it/campaigns/nothinglike/au/gold-coast.htm
CAMPAIGN,it/campaigns/nothinglike/au/gold-coast-product1,it/campaigns/nothinglike/au/gold-coast-product1.htm
CAMPAIGN,it/campaigns/nothinglike/au/gold-coast-product2,it/campaigns/nothinglike/au/gold-coast-product2.htm
CAMPAIGN,it/campaigns/nothinglike/au/gold-coast-product3,it/campaigns/nothinglike/au/gold-coast-product3.htm
CAMPAIGN,it/campaigns/nothinglike/au/gold-coast-product4,it/campaigns/nothinglike/au/gold-coast-product4.htm
CAMPAIGN,it/campaigns/nothinglike/au/gold-coast-product5,it/campaigns/nothinglike/au/gold-coast-product5.htm
CAMPAIGN,it/campaigns/nothinglike/au/gold-coast-product6,it/campaigns/nothinglike/au/gold-coast-product6.htm
CAMPAIGN,it/campaigns/nothinglike/au/gold-coast-product7,it/campaigns/nothinglike/au/gold-coast-product7.htm
CAMPAIGN,it/campaigns/nothinglike/au/gold-coast-product8,it/campaigns/nothinglike/au/gold-coast-product8.htm
CAMPAIGN,it/campaigns/nothinglike/au/gold-coast-product9,it/campaigns/nothinglike/au/gold-coast-product9.htm
CAMPAIGN,it/campaigns/nothinglike/au/gold-coast-product10,it/campaigns/nothinglike/au/gold-coast-product10.htm
CAMPAIGN,it/campaigns/nothinglike/au/gold-coast-itinerary,it/campaigns/nothinglike/au/gold-coast-itinerary.htm
CAMPAIGN,it/campaigns/nothinglike/au/gold-coast-itinerary2,it/campaigns/nothinglike/au/gold-coast-itinerary2.htm
CAMPAIGN,it/campaigns/nothinglike/au/gold-coast-itinerary3,it/campaigns/nothinglike/au/gold-coast-itinerary3.htm
CAMPAIGN,it/campaigns/nothinglike/au/gold-coast-itinerary4,it/campaigns/nothinglike/au/gold-coast-itinerary4.htm
CAMPAIGN,it/campaigns/nothinglike/au/gold-coast-experiences,it/campaigns/nothinglike/au/gold-coast-experiences.htm
CAMPAIGN,it/campaigns/nothinglike/au/great-ocean-road,it/campaigns/nothinglike/au/great-ocean-road.htm
CAMPAIGN,it/campaigns/nothinglike/au/great-ocean-road-product1,it/campaigns/nothinglike/au/great-ocean-road-product1.htm
CAMPAIGN,it/campaigns/nothinglike/au/great-ocean-road-product2,it/campaigns/nothinglike/au/great-ocean-road-product2.htm
CAMPAIGN,it/campaigns/nothinglike/au/great-ocean-road-product3,it/campaigns/nothinglike/au/great-ocean-road-product3.htm
CAMPAIGN,it/campaigns/nothinglike/au/great-ocean-road-product4,it/campaigns/nothinglike/au/great-ocean-road-product4.htm
CAMPAIGN,it/campaigns/nothinglike/au/great-ocean-road-product5,it/campaigns/nothinglike/au/great-ocean-road-product5.htm
CAMPAIGN,it/campaigns/nothinglike/au/great-ocean-road-product6,it/campaigns/nothinglike/au/great-ocean-road-product6.htm
CAMPAIGN,it/campaigns/nothinglike/au/great-ocean-road-product7,it/campaigns/nothinglike/au/great-ocean-road-product7.htm
CAMPAIGN,it/campaigns/nothinglike/au/great-ocean-road-product8,it/campaigns/nothinglike/au/great-ocean-road-product8.htm
CAMPAIGN,it/campaigns/nothinglike/au/great-ocean-road-itinerary,it/campaigns/nothinglike/au/great-ocean-road-itinerary.htm
CAMPAIGN,it/campaigns/nothinglike/au/great-ocean-road-itinerary2,it/campaigns/nothinglike/au/great-ocean-road-itinerary2.htm
CAMPAIGN,it/campaigns/nothinglike/au/great-ocean-road-itinerary3,it/campaigns/nothinglike/au/great-ocean-road-itinerary3.htm
CAMPAIGN,it/campaigns/nothinglike/au/great-ocean-road-itinerary4,it/campaigns/nothinglike/au/great-ocean-road-itinerary4.htm
CAMPAIGN,it/campaigns/nothinglike/au/great-ocean-road-itinerary5,it/campaigns/nothinglike/au/great-ocean-road-itinerary5.htm
CAMPAIGN,it/campaigns/nothinglike/au/great-ocean-road-experiences,it/campaigns/nothinglike/au/great-ocean-road-experiences.htm
CAMPAIGN,it/campaigns/nothinglike/au/hayman-island,it/campaigns/nothinglike/au/hayman-island.htm
CAMPAIGN,it/campaigns/nothinglike/au/hayman-island-product1,it/campaigns/nothinglike/au/hayman-island-product1.htm
CAMPAIGN,it/campaigns/nothinglike/au/hayman-island-product2,it/campaigns/nothinglike/au/hayman-island-product2.htm
CAMPAIGN,it/campaigns/nothinglike/au/hayman-island-product3,it/campaigns/nothinglike/au/hayman-island-product3.htm
CAMPAIGN,it/campaigns/nothinglike/au/hayman-island-product4,it/campaigns/nothinglike/au/hayman-island-product4.htm
CAMPAIGN,it/campaigns/nothinglike/au/hayman-island-product6,it/campaigns/nothinglike/au/hayman-island-product6.htm
CAMPAIGN,it/campaigns/nothinglike/au/hayman-island-product7,it/campaigns/nothinglike/au/hayman-island-product7.htm
CAMPAIGN,it/campaigns/nothinglike/au/hayman-island-product8,it/campaigns/nothinglike/au/hayman-island-product8.htm
CAMPAIGN,it/campaigns/nothinglike/au/hayman-island-product9,it/campaigns/nothinglike/au/hayman-island-product9.htm
CAMPAIGN,it/campaigns/nothinglike/au/hayman-island-product10,it/campaigns/nothinglike/au/hayman-island-product10.htm
CAMPAIGN,it/campaigns/nothinglike/au/hayman-island-itinerary,it/campaigns/nothinglike/au/hayman-island-itinerary.htm
CAMPAIGN,it/campaigns/nothinglike/au/hayman-island-itinerary2,it/campaigns/nothinglike/au/hayman-island-itinerary2.htm
CAMPAIGN,it/campaigns/nothinglike/au/hayman-island-itinerary3,it/campaigns/nothinglike/au/hayman-island-itinerary3.htm
CAMPAIGN,it/campaigns/nothinglike/au/hayman-island-itinerary4,it/campaigns/nothinglike/au/hayman-island-itinerary4.htm
CAMPAIGN,it/campaigns/nothinglike/au/hayman-island-experiences,it/campaigns/nothinglike/au/hayman-island-experiences.htm
CAMPAIGN,it/campaigns/nothinglike/au/kangaroo-island,it/campaigns/nothinglike/au/kangaroo-island.htm
CAMPAIGN,it/campaigns/nothinglike/au/kangaroo-island-product1,it/campaigns/nothinglike/au/kangaroo-island-product1.htm
CAMPAIGN,it/campaigns/nothinglike/au/kangaroo-island-product2,it/campaigns/nothinglike/au/kangaroo-island-product2.htm
CAMPAIGN,it/campaigns/nothinglike/au/kangaroo-island-product3,it/campaigns/nothinglike/au/kangaroo-island-product3.htm
CAMPAIGN,it/campaigns/nothinglike/au/kangaroo-island-product4,it/campaigns/nothinglike/au/kangaroo-island-product4.htm
CAMPAIGN,it/campaigns/nothinglike/au/kangaroo-island-product5,it/campaigns/nothinglike/au/kangaroo-island-product5.htm
CAMPAIGN,it/campaigns/nothinglike/au/kangaroo-island-product6,it/campaigns/nothinglike/au/kangaroo-island-product6.htm
CAMPAIGN,it/campaigns/nothinglike/au/kangaroo-island-product7,it/campaigns/nothinglike/au/kangaroo-island-product7.htm
CAMPAIGN,it/campaigns/nothinglike/au/kangaroo-island-product8,it/campaigns/nothinglike/au/kangaroo-island-product8.htm
CAMPAIGN,it/campaigns/nothinglike/au/kangaroo-island-product9,it/campaigns/nothinglike/au/kangaroo-island-product9.htm
CAMPAIGN,it/campaigns/nothinglike/au/kangaroo-island-product10,it/campaigns/nothinglike/au/kangaroo-island-product10.htm
CAMPAIGN,it/campaigns/nothinglike/au/kangaroo-island-itinerary,it/campaigns/nothinglike/au/kangaroo-island-itinerary.htm
CAMPAIGN,it/campaigns/nothinglike/au/kangaroo-island-itinerary2,it/campaigns/nothinglike/au/kangaroo-island-itinerary2.htm
CAMPAIGN,it/campaigns/nothinglike/au/kangaroo-island-itinerary3,it/campaigns/nothinglike/au/kangaroo-island-itinerary3.htm
CAMPAIGN,it/campaigns/nothinglike/au/kangaroo-island-experiences,it/campaigns/nothinglike/au/kangaroo-island-experiences.htm
CAMPAIGN,it/campaigns/nothinglike/au/lizard-island,it/campaigns/nothinglike/au/lizard-island.htm
CAMPAIGN,it/campaigns/nothinglike/au/lizard-island-product1,it/campaigns/nothinglike/au/lizard-island-product1.htm
CAMPAIGN,it/campaigns/nothinglike/au/lizard-island-product2,it/campaigns/nothinglike/au/lizard-island-product2.htm
CAMPAIGN,it/campaigns/nothinglike/au/lizard-island-product3,it/campaigns/nothinglike/au/lizard-island-product3.htm
CAMPAIGN,it/campaigns/nothinglike/au/lizard-island-product5,it/campaigns/nothinglike/au/lizard-island-product5.htm
CAMPAIGN,it/campaigns/nothinglike/au/lizard-island-product6,it/campaigns/nothinglike/au/lizard-island-product6.htm
CAMPAIGN,it/campaigns/nothinglike/au/lizard-island-product7,it/campaigns/nothinglike/au/lizard-island-product7.htm
CAMPAIGN,it/campaigns/nothinglike/au/lizard-island-product8,it/campaigns/nothinglike/au/lizard-island-product8.htm
CAMPAIGN,it/campaigns/nothinglike/au/lizard-island-product9,it/campaigns/nothinglike/au/lizard-island-product9.htm
CAMPAIGN,it/campaigns/nothinglike/au/melbourne,it/campaigns/nothinglike/au/melbourne.htm
CAMPAIGN,it/campaigns/nothinglike/au/melbourne-product1,it/campaigns/nothinglike/au/melbourne-product1.htm
CAMPAIGN,it/campaigns/nothinglike/au/melbourne-product2,it/campaigns/nothinglike/au/melbourne-product2.htm
CAMPAIGN,it/campaigns/nothinglike/au/melbourne-product3,it/campaigns/nothinglike/au/melbourne-product3.htm
CAMPAIGN,it/campaigns/nothinglike/au/melbourne-product4,it/campaigns/nothinglike/au/melbourne-product4.htm
CAMPAIGN,it/campaigns/nothinglike/au/melbourne-product5,it/campaigns/nothinglike/au/melbourne-product5.htm
CAMPAIGN,it/campaigns/nothinglike/au/melbourne-product6,it/campaigns/nothinglike/au/melbourne-product6.htm
CAMPAIGN,it/campaigns/nothinglike/au/melbourne-product7,it/campaigns/nothinglike/au/melbourne-product7.htm
CAMPAIGN,it/campaigns/nothinglike/au/melbourne-product8,it/campaigns/nothinglike/au/melbourne-product8.htm
CAMPAIGN,it/campaigns/nothinglike/au/melbourne-product9,it/campaigns/nothinglike/au/melbourne-product9.htm
CAMPAIGN,it/campaigns/nothinglike/au/melbourne-product10,it/campaigns/nothinglike/au/melbourne-product10.htm
CAMPAIGN,it/campaigns/nothinglike/au/melbourne-itinerary,it/campaigns/nothinglike/au/melbourne-itinerary.htm
CAMPAIGN,it/campaigns/nothinglike/au/melbourne-itinerary2,it/campaigns/nothinglike/au/melbourne-itinerary2.htm
CAMPAIGN,it/campaigns/nothinglike/au/melbourne-itinerary3,it/campaigns/nothinglike/au/melbourne-itinerary3.htm
CAMPAIGN,it/campaigns/nothinglike/au/melbourne-itinerary4,it/campaigns/nothinglike/au/melbourne-itinerary4.htm
CAMPAIGN,it/campaigns/nothinglike/au/melbourne-experiences,it/campaigns/nothinglike/au/melbourne-experiences.htm
CAMPAIGN,it/campaigns/nothinglike/au/sydney,it/campaigns/nothinglike/au/sydney.htm
CAMPAIGN,it/campaigns/nothinglike/au/sydney-product1,it/campaigns/nothinglike/au/sydney-product1.htm
CAMPAIGN,it/campaigns/nothinglike/au/sydney-product2,it/campaigns/nothinglike/au/sydney-product2.htm
CAMPAIGN,it/campaigns/nothinglike/au/sydney-product3,it/campaigns/nothinglike/au/sydney-product3.htm
CAMPAIGN,it/campaigns/nothinglike/au/sydney-product4,it/campaigns/nothinglike/au/sydney-product4.htm
CAMPAIGN,it/campaigns/nothinglike/au/sydney-product5,it/campaigns/nothinglike/au/sydney-product5.htm
CAMPAIGN,it/campaigns/nothinglike/au/sydney-product6,it/campaigns/nothinglike/au/sydney-product6.htm
CAMPAIGN,it/campaigns/nothinglike/au/sydney-product7,it/campaigns/nothinglike/au/sydney-product7.htm
CAMPAIGN,it/campaigns/nothinglike/au/sydney-product8,it/campaigns/nothinglike/au/sydney-product8.htm
CAMPAIGN,it/campaigns/nothinglike/au/sydney-product9,it/campaigns/nothinglike/au/sydney-product9.htm
CAMPAIGN,it/campaigns/nothinglike/au/sydney-product10,it/campaigns/nothinglike/au/sydney-product10.htm
CAMPAIGN,it/campaigns/nothinglike/au/sydney-product11,it/campaigns/nothinglike/au/sydney-product11.htm
CAMPAIGN,it/campaigns/nothinglike/au/sydney-itinerary,it/campaigns/nothinglike/au/sydney-itinerary.htm
CAMPAIGN,it/campaigns/nothinglike/au/sydney-itinerary2,it/campaigns/nothinglike/au/sydney-itinerary2.htm
CAMPAIGN,it/campaigns/nothinglike/au/sydney-itinerary3,it/campaigns/nothinglike/au/sydney-itinerary3.htm
CAMPAIGN,it/campaigns/nothinglike/au/sydney-itinerary4,it/campaigns/nothinglike/au/sydney-itinerary4.htm
CAMPAIGN,it/campaigns/nothinglike/au/sydney-experiences,it/campaigns/nothinglike/au/sydney-experiences.htm
CAMPAIGN,it/campaigns/nothinglike/au/uluru,it/campaigns/nothinglike/au/uluru.htm
CAMPAIGN,it/campaigns/nothinglike/au/uluru-product1,it/campaigns/nothinglike/au/uluru-product1.htm
CAMPAIGN,it/campaigns/nothinglike/au/uluru-product2,it/campaigns/nothinglike/au/uluru-product2.htm
CAMPAIGN,it/campaigns/nothinglike/au/uluru-product3,it/campaigns/nothinglike/au/uluru-product3.htm
CAMPAIGN,it/campaigns/nothinglike/au/uluru-product4,it/campaigns/nothinglike/au/uluru-product4.htm
CAMPAIGN,it/campaigns/nothinglike/au/uluru-product5,it/campaigns/nothinglike/au/uluru-product5.htm
CAMPAIGN,it/campaigns/nothinglike/au/uluru-product6,it/campaigns/nothinglike/au/uluru-product6.htm
CAMPAIGN,it/campaigns/nothinglike/au/uluru-product7,it/campaigns/nothinglike/au/uluru-product7.htm
CAMPAIGN,it/campaigns/nothinglike/au/uluru-product8,it/campaigns/nothinglike/au/uluru-product8.htm
CAMPAIGN,it/campaigns/nothinglike/au/uluru-product9,it/campaigns/nothinglike/au/uluru-product9.htm
CAMPAIGN,it/campaigns/nothinglike/au/uluru-itinerary,it/campaigns/nothinglike/au/uluru-itinerary.htm
CAMPAIGN,it/campaigns/nothinglike/au/uluru-experiences,it/campaigns/nothinglike/au/uluru-experiences.htm
CAMPAIGN,it/campaigns/nothinglike/au/wolgan-valley,it/campaigns/nothinglike/au/wolgan-valley.htm
CAMPAIGN,it/campaigns/nothinglike/au/wolgan-valley-product1,it/campaigns/nothinglike/au/wolgan-valley-product1.htm
CAMPAIGN,it/campaigns/nothinglike/au/wolgan-valley-product2,it/campaigns/nothinglike/au/wolgan-valley-product2.htm
CAMPAIGN,it/campaigns/nothinglike/au/wolgan-valley-product3,it/campaigns/nothinglike/au/wolgan-valley-product3.htm
CAMPAIGN,it/campaigns/nothinglike/au/wolgan-valley-product4,it/campaigns/nothinglike/au/wolgan-valley-product4.htm
CAMPAIGN,it/campaigns/nothinglike/au/wolgan-valley-product5,it/campaigns/nothinglike/au/wolgan-valley-product5.htm
CAMPAIGN,it/campaigns/nothinglike/au/wolgan-valley-product6,it/campaigns/nothinglike/au/wolgan-valley-product6.htm
CAMPAIGN,it/campaigns/nothinglike/au/wolgan-valley-product7,it/campaigns/nothinglike/au/wolgan-valley-product7.htm
CAMPAIGN,it/campaigns/nothinglike/au/wolgan-valley-product8,it/campaigns/nothinglike/au/wolgan-valley-product8.htm
CAMPAIGN,it/campaigns/nothinglike/au/wolgan-valley-product9,it/campaigns/nothinglike/au/wolgan-valley-product9.htm
CAMPAIGN,it/campaigns/nothinglike/au/wolgan-valley-product10,it/campaigns/nothinglike/au/wolgan-valley-product10.htm
CAMPAIGN,it/campaigns/nothinglike/au/wolgan-valley-itinerary,it/campaigns/nothinglike/au/wolgan-valley-itinerary.htm
CAMPAIGN,it/campaigns/nothinglike/au/wolgan-valley-itinerary2,it/campaigns/nothinglike/au/wolgan-valley-itinerary2.htm
CAMPAIGN,it/campaigns/nothinglike/au/wolgan-valley-itinerary3,it/campaigns/nothinglike/au/wolgan-valley-itinerary3.htm
CAMPAIGN,it/campaigns/nothinglike/au/wolgan-valley-itinerary4,it/campaigns/nothinglike/au/wolgan-valley-itinerary4.htm
CAMPAIGN,it/campaigns/nothinglike/au/wolgan-valley-itinerary5,it/campaigns/nothinglike/au/wolgan-valley-itinerary5.htm
CAMPAIGN,it/campaigns/nothinglike/au/wolgan-valley-itinerary6,it/campaigns/nothinglike/au/wolgan-valley-itinerary6.htm
CAMPAIGN,it/campaigns/nothinglike/au/wolgan-valley-experiences,it/campaigns/nothinglike/au/wolgan-valley-experiences.htm
ARTICLE,it/planning/australian-public-holidays,it/plan/before-you-go/australian-public-holidays
ARTICLE,it/planning/australian-school-holidays,it/plan/before-you-go/australian-school-holidays
ARTICLE,it/planning/health-safety,it/plan/before-you-go/health-safety
ARTICLE,it/planning/useful-tips,it/plan/before-you-go/useful-tips
ARTICLE,it/articles/australias-animals,it/about/key-facts/australias-animals
ARTICLE,it/articles/heritage-attractions,it/about/culture-history/australian-culture/heritage-attractions
ARTICLE,it/planning/backpacker-essentials,it/plan/before-you-go/work-volunteer-study/backpacker-essentials
ARTICLE,it/planning/backpacker-precincts,it/plan/before-you-go/work-volunteer-study/backpacker-precincts
ARTICLE,it/planning/youth-visa,it/plan/before-you-go/work-volunteer-study/youth-visa
ARTICLE,it/planning/planning-a-trip,it/plan/before-you-go/planning-a-trip
ARTICLE,it/articles/foa-holiday-favourites-au,foa-holiday-favourites-au
ARTICLE,it/articles/foa-holiday-favourites-john-bertrand-au,foa-holiday-favourites-john-bertrand-au
ARTICLE,it/articles/foa-holiday-favourites-terri-irwin-au,foa-holiday-favourites-terri-irwin-au
ARTICLE,it/articles/foa-holiday-favourites-david-whitehill-au,foa-holiday-favourites-david-whitehill-au
ARTICLE,it/articles/foa-holiday-favourites-steve-liebman-au,foa-holiday-favourites-steve-liebman-au
ARTICLE,it/articles/foa-holiday-favourites-sophie-falkiner-au,foa-holiday-favourites-sophie-falkiner-au
CAMPAIGN,it/campaigns/makingtracks/index,it/campaigns/makingtracks/index.htm
CAMPAIGN,it/campaigns/makingtracks/meet-the-musician-Andy-Bull,it/campaigns/makingtracks/meet-the-musician-Andy-Bull.htm
CAMPAIGN,it/campaigns/makingtracks/meet-the-musician-Desmond-NeySmith,it/campaigns/makingtracks/meet-the-musician-Desmond-NeySmith.htm
CAMPAIGN,it/campaigns/makingtracks/meet-the-musician-Dewayne-Everett-Smith,it/campaigns/makingtracks/meet-the-musician-Dewayne-Everett-Smith.htm
CAMPAIGN,it/campaigns/makingtracks/meet-the-musician-Irene-Chen,it/campaigns/makingtracks/meet-the-musician-Irene-Chen.htm
CAMPAIGN,it/campaigns/makingtracks/meet-the-musician-Jasmine-Beam,it/campaigns/makingtracks/meet-the-musician-Jasmine-Beam.htm
CAMPAIGN,it/campaigns/makingtracks/meet-the-musician-Luke-Web,it/campaigns/makingtracks/meet-the-musician-Luke-Web.htm
CAMPAIGN,it/campaigns/makingtracks/meet-the-musician-Samuel-Blair,it/campaigns/makingtracks/meet-the-musician-Samuel-Blair.htm
CAMPAIGN,it/campaigns/makingtracks/meet-the-musician-Stu-Cullen,it/campaigns/makingtracks/meet-the-musician-Stu-Cullen.htm
CAMPAIGN,it/campaigns/makingtracks/musical-pairs-luke-desmond,it/campaigns/makingtracks/musical-pairs-luke-desmond.htm
CAMPAIGN,it/campaigns/makingtracks/musical-pairs-andy-irene,it/campaigns/makingtracks/musical-pairs-andy-irene.htm
CAMPAIGN,it/campaigns/makingtracks/musical-pairs-dewayne-jasmine,it/campaigns/makingtracks/musical-pairs-dewayne-jasmine.htm
CAMPAIGN,it/campaigns/makingtracks/musical-pairs-stu-samuel,it/campaigns/makingtracks/musical-pairs-stu-samuel.htm