ICON,pt/places/great-barrier-reef,pt/explore/icons/great-barrier-reef
ICON,pt/places/red-centre,pt/explore/icons/red-centre
ICON,pt/places/great-ocean-road,pt/explore/icons/great-ocean-road
ICON,pt/places/kakadu,pt/explore/icons/kakadu
ICON,pt/places/kimberley,pt/explore/icons/kimberley
ICON,pt/places/kangaroo-island,pt/explore/icons/kangaroo-island
ICON,pt/places/byron-bay,pt/explore/icons/byron-bay
ICON,pt/places/tas-wilderness,pt/explore/icons/tas-wilderness
ICON,pt/places/alps,pt/explore/icons/alps
ICON,pt/places/ningaloo,pt/explore/icons/ningaloo
ICON,pt/places/flinders,pt/explore/icons/flinders
ICON,pt/places/fraser-island,pt/explore/icons/fraser-island
ICON,pt/places/freycinet,pt/explore/icons/freycinet
ICON,pt/places/gippsland,pt/explore/icons/gippsland
ICON,pt/places/blue-mountains,pt/explore/icons/blue-mountains
ICON,pt/places/namadgi,pt/explore/icons/namadgi
CITY,pt/places/sydney,pt/explore/cities/sydney
CITY,pt/places/melbourne,pt/explore/cities/melbourne
CITY,pt/places/brisbane,pt/explore/cities/brisbane
CITY,pt/places/perth,pt/explore/cities/perth
CITY,pt/places/darwin,pt/explore/cities/darwin
CITY,pt/places/adelaide,pt/explore/cities/adelaide
CITY,pt/places/hobart,pt/explore/cities/hobart
CITY,pt/places/canberra,pt/explore/cities/canberra
CITY,pt/places/gold-coast,pt/explore/cities/gold-coast
CITY,pt/places/cairns,pt/explore/cities/cairns
CITY,pt/places/alice-springs,pt/explore/cities/alice-springs
CITY,pt/places/broome,pt/explore/cities/broome
CATEGORY PAGE,pt/places/regional-cities,pt/explore/cities/regional-cities
CITY,pt/places/nsw/orange,pt/explore/events/nsw-taste-of-orange
CITY,pt/places/qld/bundaberg-natural-attraction,pt/explore/cities/regional-cities/bundaberg-natural-attraction
CITY,pt/places/tas/launceston-devonport-burnie,pt/explore/cities/regional-cities/tas-launceston-devonport-burnie
CITY,pt/places/vic/bendigo,pt/explore/states/vic/vic-bendigo
CITY,pt/places/wa/albany,pt/explore/cities/regional-cities/wa-albany
CITY,pt/places/wa/kalgoorlie,pt/explore/states/wa/wa-kalgoorlie
CITY,pt/places/wa/kununurra,pt/explore/states/wa/wa-kununurra
STATE,pt/places/nsw,pt/explore/states/nsw
ARTICLE,pt/places/nsw/anz-stadium,pt/about/culture-history/stadiums/anz-stadium
ARTICLE,pt/places/nsw/allianz-stadium,pt/about/culture-history/stadiums/allianz-stadium
ARTICLE,pt/places/nsw/nsw-glebe,pt/explore/cities/sydney/nsw-glebe
ARTICLE,pt/places/nsw/sydney-the-rocks,pt/explore/cities/sydney/sydney-the-rocks
ARTICLE,pt/places/nsw/sydney-harbour-np,pt/explore/cities/sydney/sydney-harbour-np
ARTICLE,pt/places/nsw/nsw-manly-beach,pt/explore/cities/sydney/nsw-manly-beach
ARTICLE,pt/places/nsw/nsw-palm-beach,pt/explore/cities/sydney/nsw-palm-beach
ARTICLE,pt/places/nsw/nsw-bondi-beach,pt/explore/cities/sydney/nsw-bondi-beach
ARTICLE,pt/places/nsw/nsw-bondi-bronte,pt/explore/cities/sydney/nsw-bondi-bronte
ARTICLE,pt/places/nsw/nsw-coogee-beach,pt/explore/cities/sydney/nsw-coogee-beach
ARTICLE,pt/places/nsw/nsw-sydney-beaches,pt/explore/cities/sydney/nsw-sydney-beaches
ARTICLE,pt/places/nsw/coffs-harbour,pt/explore/states/nsw/coffs-harbour
ARTICLE,pt/places/nsw/nsw-spring-hunter-valley,pt/explore/states/nsw/nsw-spring-hunter-valley
ARTICLE,pt/places/nsw/nsw-jervis-bay,pt/explore/states/nsw/nsw-jervis-bay
STATE,pt/places/vic,pt/explore/states/vic
ARTICLE,pt/places/vic/flemington-racecourse-stadium,pt/about/culture-history/stadiums/flemington-racecourse-stadium
ARTICLE,pt/places/vic/melbourne-cricket-ground,pt/about/culture-history/stadiums/melbourne-cricket-ground
ARTICLE,pt/places/vic/rod-laver-arena,pt/about/culture-history/stadiums/rod-laver-arena
ARTICLE,pt/places/vic/etihad-stadium,pt/about/culture-history/stadiums/etihad-stadium
ARTICLE,pt/places/vic/melbourne-hidden-laneways,pt/explore/cities/melbourne/melbourne-hidden-laneways
ARTICLE,pt/places/vic/melbourne-rooftop-culture,pt/explore/cities/melbourne/melbourne-rooftop-culture
ARTICLE,pt/places/vic/vic-brunswick,pt/explore/cities/melbourne/vic-brunswick
ARTICLE,pt/places/vic/fed-square,pt/explore/cities/melbourne/fed-square
ARTICLE,pt/places/vic/st-kilda,pt/explore/cities/melbourne/st-kilda
ARTICLE,pt/places/vic/mornington-peninsula,pt/explore/cities/melbourne/mornington-peninsula
ARTICLE,pt/places/vic/vic-torquay,pt/explore/states/vic/vic-torquay
ARTICLE,pt/places/vic/vic-grampians,pt/explore/states/vic/vic-grampians
ARTICLE,pt/places/vic/vic-12-apostles,pt/explore/states/vic/vic-12-apostles
ARTICLE,pt/places/vic/vic-bendigo,pt/explore/states/vic/vic-bendigo
ARTICLE,pt/places/vic/vic-snow-play,pt/explore/states/vic/vic-snow-play
STATE,pt/places/qld,pt/explore/states/qld
ARTICLE,pt/places/qld/suncorp-stadium,pt/about/culture-history/stadiums/suncorp-stadium
ARTICLE,pt/places/qld/the-gabba,pt/about/culture-history/stadiums/the-gabba
ARTICLE,pt/places/qld/brisbane-culture-life,pt/explore/cities/brisbane/brisbane-culture-life
ARTICLE,pt/places/qld/qld-adventure-on-brisbane-river,pt/explore/cities/brisbane/qld-adventure-on-brisbane-river
ARTICLE,pt/places/qld/qld-surfing,pt/explore/cities/gold-coast/qld-surfing
ARTICLE,pt/places/qld/port-douglas,pt/explore/cities/cairns/port-douglas
ARTICLE,pt/places/qld/kuranda,pt/explore/cities/cairns/kuranda
STATE,pt/places/nt,pt/explore/states/nt
ARTICLE,pt/places/nt/darwin-historical-attractions,pt/explore/cities/darwin/nt-darwin-historical-attractions
ARTICLE,pt/places/nt/darwin-art-precincts,pt/explore/cities/darwin/darwin-art-precincts
ARTICLE,pt/places/nt/darwin-waterfront,pt/explore/cities/darwin/darwin-waterfront
ARTICLE,pt/places/nt/mindil-markets,pt/explore/cities/darwin/nt-mindil-markets
STATE,pt/places/wa,pt/explore/states/wa
ARTICLE,pt/places/wa/the-waca,pt/about/culture-history/stadiums/the-waca
ARTICLE,pt/places/wa/perth-city-precincts,pt/explore/cities/perth/perth-city-precincts
ARTICLE,pt/places/wa/cottesloe-beach,pt/explore/cities/perth/wa-cottesloe-beach
ARTICLE,pt/places/wa/rottnest-island,pt/explore/cities/perth/rottnest-island
ARTICLE,pt/places/wa/cable-beach,pt/explore/cities/broome/wa-cable-beach
ARTICLE,pt/places/wa/albany,pt/explore/cities/regional-cities/wa-albany
STATE,pt/places/sa,pt/explore/states/sa
ARTICLE,pt/places/sa/adelaide-oval,pt/about/culture-history/stadiums/adelaide-oval
ARTICLE,pt/places/sa/adelaide-central-market,pt/explore/cities/adelaide/adelaide-central-market
ARTICLE,pt/places/sa/glenelg-beach,pt/explore/cities/adelaide/sa-glenelg-beach
ARTICLE,pt/places/sa/hahndorf,pt/explore/cities/adelaide/sa-hahndorf
STATE,pt/places/tas,pt/explore/states/tas
ARTICLE,pt/places/tas/hobart-salamanca-place,pt/explore/cities/hobart/hobart-salamanca-place
ARTICLE,pt/places/tas/winter-secrets,pt/explore/states/tas/tas-winter-secrets
STATE,pt/places/act,pt/explore/states/act
ARTICLE,pt/places/act/canberra-stadium,pt/about/culture-history/stadiums/canberra-stadium
ARTICLE,pt/places/act/manuka-oval,pt/about/culture-history/stadiums/manuka-oval
ARTICLE,pt/places/act/canberra-aboriginal-art,pt/explore/cities/canberra/canberra-aboriginal-art
ARTICLE,pt/places/act/canberra-home-grown-shopping,pt/explore/cities/canberra/canberra-home-grown-shopping
ARTICLE,pt/places/act/fireside-festival,pt/explore/cities/canberra/act-fireside-festival
CATEGORY,pt/itineraries/holiday-ideas,pt/explore/itineraries-ideas/holiday-ideas
CATEGORY,pt/itineraries/drive-australia,pt/explore/itineraries-ideas/drive-australia
ITINERARY,pt/itineraries/nsw-pacific-coast-touring-route,pt/explore/itineraries/nsw-pacific-coast-touring-route
ITINERARY,pt/itineraries/nt-red-centre-way,pt/explore/itineraries/nt-red-centre-way
ITINERARY,pt/itineraries/qld-pacific-coast,pt/explore/itineraries/qld-pacific-coast
ITINERARY,pt/itineraries/nt-natures-way,pt/explore/itineraries/nt-natures-way
ITINERARY,pt/itineraries/nsw-sydney-to-melbourne-coastal-drive,pt/explore/itineraries/nsw-sydney-to-melbourne-coastal-drive
ITINERARY,pt/itineraries/wa-indian-ocean-drive,pt/explore/itineraries/wa-indian-ocean-drive
ITINERARY,pt/itineraries/vic-great-southern-touring-route,pt/explore/itineraries/vic-great-southern-touring-route
ITINERARY,pt/itineraries/wa-gibb-river-rd,pt/explore/itineraries/wa-gibb-river-rd
ITINERARY,pt/itineraries/melbourne-adelaide-gor,pt/explore/itineraries/melbourne-adelaide-gor
ITINERARY,pt/itineraries/tas-circle-tas,pt/explore/itineraries/tas-circle-tas
ITINERARY,pt/itineraries/sa-loop,pt/explore/itineraries/sa-loop
ITINERARY,pt/itineraries/tas-east-coast,pt/explore/itineraries/tas-east-coast
ITINERARY,pt/itineraries/sa-explorers-highway,pt/explore/itineraries/sa-explorers-highway
CATEGORY,pt/itineraries/coastal-journeys,pt/explore/itineraries-ideas/coastal-journeys
ITINERARY,pt/itineraries/vic-great-southern-touring-route,pt/explore/itineraries/vic-great-southern-touring-route
ITINERARY,pt/itineraries/nsw-pacific-coast-touring-route,pt/explore/itineraries/nsw-pacific-coast-touring-route
ITINERARY,pt/itineraries/qld-pacific-coast,pt/explore/itineraries/qld-pacific-coast
ITINERARY,pt/itineraries/nsw-sydney-to-melbourne-coastal-drive,pt/explore/itineraries/nsw-sydney-to-melbourne-coastal-drive
ITINERARY,pt/itineraries/wa-south-west-beaches-goldfields,pt/explore/itineraries/wa-south-west-beaches-goldfields
ITINERARY,pt/itineraries/vic-wilsons-prom,pt/explore/itineraries/vic-wilsons-prom
ITINERARY,pt/itineraries/qld-3days-gold-coast,pt/explore/itineraries/qld-3days-gold-coast
ITINERARY,pt/itineraries/wa-3days-broome,pt/explore/itineraries/wa-3days-broome
ITINERARY,pt/itineraries/tas-east-coast,pt/explore/itineraries/tas-east-coast
ITINERARY,pt/itineraries/qld-whitsundays-sailing,pt/explore/itineraries/qld-whitsundays-sailing
ITINERARY,pt/itineraries/qld-great-sunshine-way,pt/explore/itineraries/qld-great-sunshine-way
ITINERARY,pt/itineraries/qld-3days-cairns,pt/explore/itineraries/qld-3days-cairns
ITINERARY,pt/itineraries/wa-indian-ocean-drive,pt/explore/itineraries/wa-indian-ocean-drive
ITINERARY,pt/itineraries/qld-tropical-drive,pt/explore/itineraries/qld-tropical-drive
ITINERARY,pt/itineraries/melbourne-adelaide-gor,pt/explore/itineraries/melbourne-adelaide-gor
ITINERARY,pt/itineraries/big-pacific-coast-touring-route,pt/explore/itineraries/big-pacific-coast-touring-route
CATEGORY,pt/itineraries/outback-journeys,pt/explore/itineraries-ideas/outback-journeys
ITINERARY,pt/itineraries/wa-gibb-river-rd,pt/explore/itineraries/wa-gibb-river-rd
ITINERARY,pt/itineraries/nt-red-centre-way,pt/explore/itineraries/nt-red-centre-way
ITINERARY,pt/itineraries/sa-explorers-highway,pt/explore/itineraries/sa-explorers-highway
ITINERARY,pt/itineraries/wa-savannah,pt/explore/itineraries/wa-savannah
ITINERARY,pt/itineraries/qld-savannah-way,pt/explore/itineraries/qld-savannah-way
ITINERARY,pt/itineraries/sa-loop,pt/explore/itineraries/sa-loop
ITINERARY,pt/itineraries/nt-natures-way,pt/explore/itineraries/nt-natures-way
ITINERARY,pt/itineraries/nt-larapinta-trail,pt/explore/itineraries/nt-larapinta-trail
ITINERARY,pt/itineraries/wa-sa-nsw-indian-pacific,pt/explore/itineraries/wa-sa-nsw-indian-pacific
ITINERARY,pt/itineraries/sa-ghan,pt/explore/itineraries/sa-ghan
ITINERARY,pt/itineraries/crossing-nullarbor,pt/explore/itineraries/crossing-nullarbor
CATEGORY,pt/itineraries/nature-discovery,pt/explore/itineraries-ideas/nature-discovery
ITINERARY,pt/itineraries/nt-natures-way,pt/explore/itineraries/nt-natures-way
ITINERARY,pt/itineraries/vic-great-alpine-way,pt/explore/itineraries/vic-great-alpine-way
ITINERARY,pt/itineraries/tas-circle-tas,pt/explore/itineraries/tas-circle-tas
ITINERARY,pt/itineraries/tas-east-coast,pt/explore/itineraries/tas-east-coast
ITINERARY,pt/itineraries/sa-loop,pt/explore/itineraries/sa-loop
ITINERARY,pt/itineraries/tas-overland-track,pt/explore/itineraries/tas-overland-track
ITINERARY,pt/itineraries/act-australian-alps-walking-track,pt/explore/itineraries/act-australian-alps-walking-track
ITINERARY,pt/itineraries/qld-goldcoast-hinterland,pt/explore/itineraries/qld-goldcoast-hinterland
ITINERARY,pt/itineraries/sa-heysen-trail,pt/explore/itineraries/sa-heysen-trail
ITINERARY,pt/itineraries/vic-wilsons-prom,pt/explore/itineraries/vic-wilsons-prom
ITINERARY,pt/itineraries/nsw-six-foot-track,pt/explore/itineraries/nsw-six-foot-track
ITINERARY,pt/itineraries/act-capital-country,pt/explore/itineraries/act-capital-country
ITINERARY,pt/itineraries/act-poachers-way,pt/explore/itineraries/act-poachers-way
ITINERARY,pt/itineraries/rainforest-way,pt/explore/itineraries/rainforest-way
CATEGORY,pt/itineraries/adventure-journeys,pt/explore/itineraries-ideas/adventure-journeys
ITINERARY,pt/itineraries/wa-gibb-river-rd,pt/explore/itineraries/wa-gibb-river-rd
ITINERARY,pt/itineraries/nt-red-centre-way,pt/explore/itineraries/nt-red-centre-way
ITINERARY,pt/itineraries/sa-explorers-highway,pt/explore/itineraries/sa-explorers-highway
ITINERARY,pt/itineraries/wa-savannah,pt/explore/itineraries/wa-savannah
ITINERARY,pt/itineraries/qld-savannah-way,pt/explore/itineraries/qld-savannah-way
ITINERARY,pt/itineraries/sa-loop,pt/explore/itineraries/sa-loop
ITINERARY,pt/itineraries/nt-natures-way,pt/explore/itineraries/nt-natures-way
ITINERARY,pt/itineraries/nt-larapinta-trail,pt/explore/itineraries/nt-larapinta-trail
ITINERARY,pt/itineraries/sa-heysen-trail,pt/explore/itineraries/sa-heysen-trail
ITINERARY,pt/itineraries/qld-whitsundays-sailing,pt/explore/itineraries/qld-whitsundays-sailing
ITINERARY,pt/itineraries/wa-munda-biddi-trail,pt/explore/itineraries/wa-munda-biddi-trail
ITINERARY,pt/itineraries/crossing-nullarbor,pt/explore/itineraries/crossing-nullarbor
CATEGORY,pt/itineraries/aboriginal-discovery,pt/explore/itineraries-ideas/aboriginal-discovery
ITINERARY,pt/itineraries/nt-red-centre-way,pt/explore/itineraries/nt-red-centre-way
ITINERARY,pt/itineraries/nt-natures-way,pt/explore/itineraries/nt-natures-way
ITINERARY,pt/itineraries/sa-loop,pt/explore/itineraries/sa-loop
ITINERARY,pt/itineraries/vic-great-southern-touring-route,pt/explore/itineraries/vic-great-southern-touring-route
ITINERARY,pt/itineraries/tas-east-coast,pt/explore/itineraries/tas-east-coast
ITINERARY,pt/itineraries/sa-explorers-highway,pt/explore/itineraries/sa-explorers-highway
ITINERARY,pt/itineraries/wa-savannah,pt/explore/itineraries/wa-savannah
ITINERARY,pt/itineraries/wa-south-west-beaches-goldfields,pt/explore/itineraries/wa-south-west-beaches-goldfields
CATEGORY,pt/itineraries/walking-australia,pt/explore/itineraries-ideas/walking-australia
ITINERARY,pt/itineraries/tas-overland-track,pt/explore/itineraries/tas-overland-track
ITINERARY,pt/itineraries/act-australian-alps-walking-track,pt/explore/itineraries/act-australian-alps-walking-track
ITINERARY,pt/itineraries/qld-goldcoast-hinterland,pt/explore/itineraries/qld-goldcoast-hinterland
ITINERARY,pt/itineraries/sa-heysen-trail,pt/explore/itineraries/sa-heysen-trail
ITINERARY,pt/itineraries/nt-larapinta-trail,pt/explore/itineraries/nt-larapinta-trail
ITINERARY,pt/itineraries/vic-wilsons-prom,pt/explore/itineraries/vic-wilsons-prom
ITINERARY,pt/itineraries/nsw-six-foot-track,pt/explore/itineraries/nsw-six-foot-track
ITINERARY,pt/itineraries/wa-bibbulmun-track,pt/explore/itineraries/wa-bibbulmun-track
ITINERARY,pt/itineraries/nsw-kanangra-katoomba,pt/explore/itineraries/nsw-kanangra-katoomba
ITINERARY,pt/itineraries/sydney-coastal-walks,pt/explore/itineraries/sydney-coastal-walks
ITINERARY,pt/itineraries/hinchinbrook-island,pt/explore/itineraries/hinchinbrook-island
CATEGORY,pt/itineraries/holiday-ideas,pt/explore/itineraries-ideas/holiday-ideas
ITINERARY,pt/itineraries/nsw-3weeks-sydney,pt/explore/itineraries/nsw-3weeks-sydney
ITINERARY,pt/itineraries/vic-3weeks-melbourne,pt/explore/itineraries/vic-3weeks-melbourne
ITINERARY,pt/itineraries/qld-3weeks-brisbane,pt/explore/itineraries/qld-3weeks-brisbane
ITINERARY,pt/itineraries/wa-3weeks-perth,pt/explore/itineraries/wa-3weeks-perth
ITINERARY,pt/itineraries/sa-3weeks-adelaide,pt/explore/itineraries/sa-3weeks-adelaide
ITINERARY,pt/itineraries/nt-3weeks-darwin,pt/explore/itineraries/nt-3weeks-darwin
ITINERARY,pt/itineraries/qld-3weeks-cairns,pt/explore/itineraries/qld-3weeks-cairns
CATEGORY,pt/itineraries/city-journeys,pt/explore/itineraries-ideas/city-journeys
ITINERARY,pt/itineraries/nsw-3days-sydney,pt/explore/itineraries/nsw-3days-sydney
ITINERARY,pt/itineraries/vic-3days-melbourne,pt/explore/itineraries/vic-3days-melbourne
ITINERARY,pt/itineraries/qld-3days-brisbane,pt/explore/itineraries/qld-3days-brisbane
ITINERARY,pt/itineraries/wa-3days-perth,pt/explore/itineraries/wa-3days-perth
ITINERARY,pt/itineraries/sa-3days-adelaide,pt/explore/itineraries/sa-3days-adelaide
ITINERARY,pt/itineraries/nt-3days-darwin,pt/explore/itineraries/nt-3days-darwin
ITINERARY,pt/itineraries/tas-3days-hobart,pt/explore/itineraries/tas-3days-hobart
ITINERARY,pt/itineraries/act-3days-canberra,pt/explore/itineraries/act-3days-canberra
ITINERARY,pt/itineraries/qld-3days-cairns,pt/explore/itineraries/qld-3days-cairns
ITINERARY,pt/itineraries/nt-3days-alice-springs,pt/explore/itineraries/nt-3days-alice-springs
ITINERARY,pt/itineraries/wa-3days-broome,pt/explore/itineraries/wa-3days-broome
ITINERARY,pt/itineraries/qld-3days-gold-coast,pt/explore/itineraries/qld-3days-gold-coast
CATEGORY,pt/itineraries/australian-holiday-stories,pt/explore/things-to-do/australian-holiday-stories
ITINERARY,pt/itineraries/nsw-sydney-story,pt/explore/cities/sydney/nsw-sydney-story
ITINERARY,pt/itineraries/nt-uluru-story,pt/explore/icons/red-centre/nt-uluru-story
ITINERARY,pt/itineraries/wa-pinnacles-travel-story,pt/explore/states/wa/wa-pinnacles-travel-story
ITINERARY,pt/itineraries/tasman-national-park-story,pt/explore/states/tas/tasman-national-park-story
ITINERARY,pt/itineraries/margaret-river-story,pt/explore/states/wa/margaret-river-story
ITINERARY,pt/itineraries/sa-kangaroo-Island-story,pt/explore/icons/kangaroo-island/sa-kangaroo-Island-story
ITINERARY,pt/itineraries/nt-kakadu-story,pt/explore/icons/kakadu/nt-kakadu-story
ITINERARY,pt/itineraries/wa-kimberley-travel-story,pt/explore/icons/kimberley/wa-kimberley-travel-story
ITINERARY,pt/itineraries/liffey-falls-story,pt/explore/cities/hobart/liffey-falls-story
ITINERARY,pt/itineraries/port-campbell-travel-story,pt/explore/icons/great-ocean-road/port-campbell-travel-story
ITINERARY,pt/itineraries/qld-surfers-paradise-story,pt/explore/cities/gold-coast/qld-surfers-paradise-story
ITINERARY,pt/itineraries/bruny-travel-story,pt/explore/states/tas/bruny-travel-story
ITINERARY,pt/itineraries/qld-tangalooma-story,pt/explore/cities/brisbane/qld-tangalooma-story
ITINERARY,pt/itineraries/wa-karijini-story,pt/explore/states/wa/wa-karijini-story
ITINERARY,pt/itineraries/act-tharwa-story,pt/explore/cities/canberra/act-tharwa-story
ITINERARY,pt/itineraries/wa-valley-of-the-giants-story,pt/explore/states/wa/wa-valley-of-the-giants-story
ITINERARY,pt/itineraries/wa-wave-rock-story,pt/explore/states/wa/wa-wave-rock-story
EVENT LANDING,pt/events/major-events,pt/explore/australian-events/major-events
EVENT LANDING,pt/events/sporting-events,pt/explore/australian-events/sporting-events
EVENT LANDING,pt/events/horse-racing-events,pt/explore/australian-events/horse-racing-events
EVENT LANDING,pt/events/beaches-events,pt/explore/australian-events/beaches-events
EVENT LANDING,pt/events/culture-events,pt/explore/australian-events/culture-events
EVENT LANDING,pt/events/art-events,pt/explore/australian-events/art-events
EVENT LANDING,pt/events/music-festivals-events,pt/explore/australian-events/music-festivals-events
EVENT LANDING,pt/events/food-wine-events,pt/explore/australian-events/food-wine-events
EVENT LANDING,pt/events/regional-outback-events,pt/explore/australian-events/regional-outback-events
EVENT LANDING,pt/events/aboriginal-events,pt/explore/australian-events/aboriginal-events
EVENT LANDING,pt/events/natural-events,pt/explore/australian-events/natural-events
EVENT LANDING,pt/events/nat-uniquely-australian-events,pt/explore/australian-events/nat-uniquely-australian-events
EVENT ARTICLE ,pt/events/2014/january/tour-down-under,pt/explore/events/tour-down-under
EVENT ARTICLE ,pt/events/2014/february/australian-open,pt/explore/events/australian-open
EVENT ARTICLE ,pt/events/2014/march/australia-day,pt/explore/events/australia-day
EVENT ARTICLE ,pt/events/2014/april/melbourne-food-and-wine-festival,pt/explore/events/melbourne-food-and-wine-festival
EVENT ARTICLE ,pt/events/2014/may/vic-australian-grand-prix,pt/explore/events/vic-australian-grand-prix
EVENT ARTICLE ,pt/events/2014/june/opera-sydney-harbour,pt/explore/events/opera-sydney-harbour
EVENT ARTICLE ,pt/events/2014/july/sydney-royal-easter-show,pt/explore/events/sydney-royal-easter-show
EVENT ARTICLE ,pt/events/2014/august/vivid-sydney,pt/explore/events/vivid-sydney
EVENT ARTICLE ,pt/events/2014/september/british-lions-2013,pt/explore/events/british-lions-2013
EVENT ARTICLE ,pt/events/2014/october/australias-running-events,pt/explore/events/australias-running-events
EVENT ARTICLE ,pt/events/2014/november/floriade,pt/explore/events/floriade
EVENT ARTICLE ,pt/events/2014/december/afl-events,pt/explore/events/afl-events
EVENT ARTICLE ,pt/events/2014/january/melbourne-cup-carnival,pt/explore/events/melbourne-cup-carnival
EVENT ARTICLE ,pt/events/2014/february/syd-hobart-yacht-race,pt/explore/events/syd-hobart-yacht-race
EVENT ARTICLE ,pt/events/2014/march/nat-new-years-fireworks,pt/explore/events/nat-new-years-fireworks
EVENT ARTICLE ,pt/events/2014/april/sydney-mardi-gras,pt/explore/events/sydney-mardi-gras
EVENT ARTICLE ,pt/events/2014/may/jazz-blues-classical-festivals,pt/explore/events/jazz-blues-classical-festivals
EVENT ARTICLE ,pt/events/2014/june/indie-alternative-rock-festivals,pt/explore/events/indie-alternative-rock-festivals
EVENT ARTICLE ,pt/events/2014/july/folk-country-world-music-festivals,pt/explore/events/folk-country-world-music-festivals
EVENT ARTICLE ,pt/events/2014/august/horse-racing-events-article,pt/explore/events/horse-racing-events-article
EVENT ARTICLE ,pt/events/2014/september/act-canberra-balloon-fiesta,pt/explore/events/act-canberra-balloon-fiesta
EVENT ARTICLE ,pt/events/2014/october/nat-film-festivals,pt/explore/events/nat-film-festivals
EVENT ARTICLE ,pt/events/2014/november/nsw-taste-of-orange,pt/explore/events/nsw-taste-of-orange
EVENT ARTICLE ,pt/events/2014/december/nt-henley-on-todd,pt/explore/events/nt-henley-on-todd
EVENT ARTICLE ,pt/events/2014/january/tas-taste-festival,pt/explore/events/tas-taste-festival
EVENT ARTICLE ,pt/events/2014/february/vic-spring-racing,pt/explore/events/vic-spring-racing
EVENT ARTICLE ,pt/events/2014/march/australias-motorsport-events,pt/explore/events/australias-motorsport-events
EVENT ARTICLE ,pt/events/2014/april/nsw-orange-food-week,pt/explore/events/nsw-orange-food-week
EVENT ARTICLE ,pt/events/2014/may/qld-coolangatta-ocean-swim,pt/explore/events/qld-coolangatta-ocean-swim
EVENT ARTICLE ,pt/events/2014/june/summer-cricket,pt/explore/events/summer-cricket
EVENT ARTICLE ,pt/events/2014/july/wa-ord-valley-muster,pt/explore/events/wa-ord-valley-muster
EVENT ARTICLE ,pt/events/2014/august/australias-grand-slam-tennis,pt/explore/events/australias-grand-slam-tennis
EVENT ARTICLE ,pt/events/2014/september/surfing-events,pt/explore/events/surfing-events
EVENT ARTICLE ,pt/events/2014/october/australian-theatre,pt/explore/events/australian-theatre
EVENT ARTICLE ,pt/events/2014/november/ashes-2013,pt/explore/events/ashes-2013
EVENT ARTICLE ,pt/events/2014/december/australias-cycling-events,pt/explore/events/australias-cycling-events
EVENT ARTICLE ,pt/events/2014/january/australias-golf-events,pt/explore/events/australias-golf-events
EVENT ARTICLE ,pt/events/2014/february/australias-oceans-swims,pt/explore/events/australias-oceans-swims
EVENT ARTICLE ,pt/events/2014/march/bledisloe-cup,pt/explore/events/bledisloe-cup
EVENT ARTICLE ,pt/events/2014/april/endurance-events,pt/explore/events/endurance-events
EVENT ARTICLE ,pt/events/2014/may/sa-tasting-australia,pt/explore/events/sa-tasting-australia
EVENT ARTICLE ,pt/events/2014/june/australian-opera,pt/explore/events/australian-opera
EVENT ARTICLE ,pt/events/2014/july/sa-outback-cattle-drive,pt/explore/events/sa-outback-cattle-drive
EVENT ARTICLE ,pt/events/2014/august/wa-margaret-river-wine-festival,pt/explore/events/wa-margaret-river-wine-festival
EVENT ARTICLE ,pt/events/2014/september/surf-life-saving-events,pt/explore/events/surf-life-saving-events
CATEGORY,pt/categories/outback-australia,pt/about/australias-landscapes/outback-australia
ARTICLE,pt/places/nsw/mungo,pt/explore/states/nsw/nsw-mungo
ARTICLE,pt/articles/outback,pt/about/australias-landscapes/outback/outback
ARTICLE,pt/articles/houseboating-murray-river,pt/explore/things-to-do/australian-adventure/houseboating-murray-river
ARTICLE,pt/articles/glamping-australia,pt/explore/things-to-do/australian-adventure/glamping-australia
ARTICLE,pt/articles/outback-cattle-drive,pt/explore/events/sa-outback-cattle-drive
CATEGORY,pt/categories/aboriginal-australia,pt/explore/things-to-do/aboriginal-australia
ARTICLE,pt/articles/aboriginal,pt/explore/things-to-do/aboriginal-australia/aboriginal
CITY ,pt/places/nt/alice-springs,pt/explore/cities/alice-springs
CATEGORY,pt/categories/food-and-wine,pt/explore/things-to-do/food-and-wine
ARTICLE,pt/articles/australian-wineries,pt/about/australias-landscapes/australian-wineries
ARTICLE,pt/articles/ultimate-wineries,pt/explore/things-to-do/ultimate-wineries
CATEGORY,pt/categories/art-music-culture,pt/about/culture-history/culture
ARTICLE,pt/articles/australian-art,pt/about/culture-history/australian-art
ARTICLE,pt/articles/shopping,pt/explore/things-to-do/shopping
ARTICLE,pt/articles/shopping/nat-shopping,pt/explore/things-to-do/shopping/nat-shopping
ARTICLE,pt/articles/shopping/nat-australias-markets,pt/explore/things-to-do/shopping/nat-australias-markets
ARTICLE,pt/articles/shopping/australias-opals,pt/explore/things-to-do/shopping/australias-opals
ARTICLE,pt/articles/shopping/australian-souvenirs,pt/explore/things-to-do/shopping/australian-souvenirs
ARTICLE,pt/articles/famous-australians,pt/about/culture-history/famous-australians
CATEGORY,pt/categories/australias-islands,pt/about/australias-landscapes/australias-islands
ARTICLE,pt/places/qld/tangalooma,pt/explore/states/qld/tangalooma
ARTICLE,pt/places/qld/whitsundays-islands,pt/explore/icons/great-barrier-reef/whitsundays-islands
ARTICLE,pt/places/tas/tas-bass-strait-islands,pt/explore/states/tas/tas-bass-strait-islands
ARTICLE,pt/places/nsw/nsw-lord-howe-island,pt/explore/states/nsw/nsw-lord-howe-island
ARTICLE,pt/places/nt/tiwi-islands,pt/about/australias-landscapes/australias-islands/tiwi-islands
CATEGORY,pt/categories/nature and wildlife,pt/about/australias-landscapes/nature
ARTICLE,pt/articles/natural-australia,pt/explore/things-to-do/natural-australia
ARTICLE,pt/articles/nat-australias-rainforests,pt/explore/things-to-do/nature/nat-australias-rainforests
ARTICLE,pt/articles/world-heritage-sites-australia,pt/explore/things-to-do/nature/world-heritage-sites-australia
ARTICLE,pt/facts/plants,pt/about/key-facts/plants
CATEGORY,pt/categories/beaches ,pt/about/australias-landscapes/australian-beaches
ARTICLE,pt/articles/coastal,pt/about/australias-landscapes/coastal
ARTICLE,pt/articles/sydney-beaches,pt/explore/cities/sydney/nsw-sydney-beaches
CATEGORY,pt/categories/australian-sport ,pt/explore/things-to-do/australian-adventure/nat-australian-sport
ARTICLE,pt/articles/australias-stadiums-venues,pt/about/culture-history/australias-stadiums-venues
ARTICLE,pt/articles/great-golf-courses,pt/explore/things-to-do/great-golf-courses
CATEGORY,pt/categories/australian-adventure,pt/explore/things-to-do/australian-adventure
ARTICLE,pt/articles/great-walks,pt/explore/things-to-do/great-walks
ARTICLE,pt/articles/great-luxury-lodges,pt/explore/things-to-do/great-luxury-lodges
CATEGORY  ,pt/categories/youthful-travellers,pt/explore/things-to-do/youthful-travellers
ARTICLE,pt/planning/working-holiday-visa,pt/plan/before-you-go/working-holiday-visa
ARTICLE,pt/planning/working-holiday-visa-faq,pt/plan/before-you-go/working-holiday-visa-faq
ARTICLE,pt/planning/work-study-abroad,pt/plan/before-you-go/work-study-abroad
CATEGORY ,pt/facts,pt/about
CATEGORY ,pt/facts/weather,pt/about/key-facts/weather
ARTICLE,pt/facts/sydney-weather,pt/about/key-facts/weather/sydney-weather
ARTICLE,pt/facts/melbourne-weather,pt/about/key-facts/weather/melbourne-weather
ARTICLE,pt/facts/adelaide-weather,pt/about/key-facts/weather/adelaide-weather
ARTICLE,pt/facts/perth-weather,pt/about/key-facts/weather/perth-weather
ARTICLE,pt/facts/brisbane-weather,pt/about/key-facts/weather/brisbane-weather
ARTICLE,pt/facts/cairns-weather,pt/about/key-facts/weather/cairns-weather
ARTICLE,pt/facts/hobart-weather,pt/about/key-facts/weather/hobart-weather
ARTICLE,pt/facts/canberra-weather,pt/about/key-facts/weather/canberra-weather
ARTICLE,pt/facts/alice-springs-weather,pt/about/key-facts/weather/alice-springs-weather
ARTICLE,pt/facts/broome-weather,pt/about/key-facts/weather/broome-weather
ARTICLE,pt/facts/darwin-weather,pt/about/key-facts/weather/darwin-weather
ARTICLE,pt/facts/gold-coast-weather,pt/about/key-facts/weather/gold-coast-weather
ARTICLE,pt/planning/tips-hazards,pt/plan/while-your-here/tips-hazards
CATEGORY ,pt/facts/australias-seasons,pt/about/australias-landscapes/australias-seasons
ARTICLE,pt/facts/australias-seasons/summer,pt/about/australias-landscapes/australias-seasons/summer
ARTICLE,pt/facts/australias-seasons/autumn,pt/about/australias-landscapes/australias-seasons/autumn
ARTICLE,pt/facts/australias-seasons/winter,pt/about/australias-landscapes/australias-seasons/winter
ARTICLE,pt/facts/australias-seasons/spring,pt/about/australias-landscapes/australias-seasons/spring
ARTICLE,pt/planning/getting-there,pt/plan/plan-your-trip/getting-there
CATEGORY ,pt/planning/planning-a-trip,pt/plan/before-you-go/planning-a-trip
ARTICLE,pt/facts/currency,pt/about/key-facts/currency
ARTICLE,pt/facts/time-zones,pt/about/key-facts/time-zones
ARTICLE,pt/planning/getting-around,pt/plan/while-your-here/getting-around
ARTICLE,pt/planning/road-safety,pt/plan/while-your-here/road-safety
ARTICLE,pt/facts/cities-states-territories,pt/about/key-facts/cities-states-territories
ARTICLE,pt/planning/visa-information,pt/plan/before-you-go/visa-information
ARTICLE,pt/planning/customs-quarantine,pt/plan/before-you-go/customs-quarantine
ASP SEARCH,pt/planning/find-travel-agent,pt/plan/plan-your-trip/find-travel-agent
ARTICLE,pt/facts/emergency-services,pt/about/key-facts/emergency-services
MAP IFRAME,explore,explore
SITE MAP,sitemap,sitemap
PRIVACY POLICY ,privacypolicy,privacypolicy
TERMS&CONDS,terms-conditions,terms-conditions
DISCLAIMER ,disclaimer,disclaimer
CAMPAIGN,nationallandscapes,nationallandscapes
CAMPAIGN,pt/campaigns/nationallandscapes/AustralianAlps,pt/campaigns/nationallandscapes/AustralianAlps.htm
CAMPAIGN,pt/campaigns/nationallandscapes/AustraliasCoastalWilderness,pt/campaigns/nationallandscapes/AustraliasCoastalWilderness.htm
CAMPAIGN,pt/campaigns/nationallandscapes/AustraliasGreenCauldron,pt/campaigns/nationallandscapes/AustraliasGreenCauldron.htm
CAMPAIGN,pt/campaigns/nationallandscapes/FlindersRanges,pt/campaigns/nationallandscapes/FlindersRanges.htm
CAMPAIGN,pt/campaigns/nationallandscapes/AustraliasRedCentre,pt/campaigns/nationallandscapes/AustraliasRedCentre.htm
CAMPAIGN,pt/campaigns/nationallandscapes/GreatBarrierReef,pt/campaigns/nationallandscapes/GreatBarrierReef.htm
CAMPAIGN,pt/campaigns/nationallandscapes/GreatOceanRoad,pt/campaigns/nationallandscapes/GreatOceanRoad.htm
CAMPAIGN,pt/campaigns/nationallandscapes/GreaterBlueMountains,pt/campaigns/nationallandscapes/GreaterBlueMountains.htm
CAMPAIGN,pt/campaigns/nationallandscapes/Great-South-West-Edge,pt/campaigns/nationallandscapes/Great-South-West-Edge.htm
CAMPAIGN,pt/campaigns/nationallandscapes/Australias-Timeless-North,pt/campaigns/nationallandscapes/Australias-Timeless-North.htm
CAMPAIGN,pt/campaigns/nationallandscapes/KangarooIsland,pt/campaigns/nationallandscapes/KangarooIsland.htm
CAMPAIGN,pt/campaigns/nationallandscapes/NingalooSharkBay,pt/campaigns/nationallandscapes/NingalooSharkBay.htm
CAMPAIGN,pt/campaigns/nationallandscapes/SydneyHarbour,pt/campaigns/nationallandscapes/SydneyHarbour.htm
CAMPAIGN,pt/campaigns/nationallandscapes/TasmaniasIslandHeritage,pt/campaigns/nationallandscapes/TasmaniasIslandHeritage.htm
CAMPAIGN,pt/campaigns/nationallandscapes/TheKimberley,pt/campaigns/nationallandscapes/TheKimberley.htm
CAMPAIGN,pt/campaigns/nationallandscapes/wettropics,pt/campaigns/nationallandscapes/wettropics.htm
CAMPAIGN,pt/campaigns/nothinglike/au,pt/campaigns/nothinglike/au/index.htm
CAMPAIGN,pt/campaigns/nothinglike/au/bungle-bungles,pt/campaigns/nothinglike/au/bungle-bungles.htm
CAMPAIGN,pt/campaigns/nothinglike/au/bungle-bungles-product1,pt/campaigns/nothinglike/au/bungle-bungles-product1.htm
CAMPAIGN,pt/campaigns/nothinglike/au/bungle-bungles-product2,pt/campaigns/nothinglike/au/bungle-bungles-product2.htm
CAMPAIGN,pt/campaigns/nothinglike/au/bungle-bungles-product3,pt/campaigns/nothinglike/au/bungle-bungles-product3.htm
CAMPAIGN,pt/campaigns/nothinglike/au/bungle-bungles-product4,pt/campaigns/nothinglike/au/bungle-bungles-product4.htm
CAMPAIGN,pt/campaigns/nothinglike/au/bungle-bungles-product5,pt/campaigns/nothinglike/au/bungle-bungles-product5.htm
CAMPAIGN,pt/campaigns/nothinglike/au/bungle-bungles-product6,pt/campaigns/nothinglike/au/bungle-bungles-product6.htm
CAMPAIGN,pt/campaigns/nothinglike/au/bungle-bungles-product7,pt/campaigns/nothinglike/au/bungle-bungles-product7.htm
CAMPAIGN,pt/campaigns/nothinglike/au/bungle-bungles-product8,pt/campaigns/nothinglike/au/bungle-bungles-product8.htm
CAMPAIGN,pt/campaigns/nothinglike/au/bungle-bungles-product9,pt/campaigns/nothinglike/au/bungle-bungles-product9.htm
CAMPAIGN,pt/campaigns/nothinglike/au/bungle-bungles-product10,pt/campaigns/nothinglike/au/bungle-bungles-product10.htm
CAMPAIGN,pt/campaigns/nothinglike/au/bungle-bungles-itinerary,pt/campaigns/nothinglike/au/bungle-bungles-itinerary.htm
CAMPAIGN,pt/campaigns/nothinglike/au/bungle-bungles-itinerary2,pt/campaigns/nothinglike/au/bungle-bungles-itinerary2.htm
CAMPAIGN,pt/campaigns/nothinglike/au/bungle-bungles-itinerary3,pt/campaigns/nothinglike/au/bungle-bungles-itinerary3.htm
CAMPAIGN,pt/campaigns/nothinglike/au/bungle-bungles-itinerary4,pt/campaigns/nothinglike/au/bungle-bungles-itinerary4.htm
CAMPAIGN,pt/campaigns/nothinglike/au/bungle-bungles-experiences,pt/campaigns/nothinglike/au/bungle-bungles-experiences.htm
CAMPAIGN,pt/campaigns/nothinglike/au/canberra,pt/campaigns/nothinglike/au/canberra.htm
CAMPAIGN,pt/campaigns/nothinglike/au/canberra-product1,pt/campaigns/nothinglike/au/canberra-product1.htm
CAMPAIGN,pt/campaigns/nothinglike/au/canberra-product2,pt/campaigns/nothinglike/au/canberra-product2.htm
CAMPAIGN,pt/campaigns/nothinglike/au/canberra-product3,pt/campaigns/nothinglike/au/canberra-product3.htm
CAMPAIGN,pt/campaigns/nothinglike/au/canberra-product4,pt/campaigns/nothinglike/au/canberra-product4.htm
CAMPAIGN,pt/campaigns/nothinglike/au/canberra-product5,pt/campaigns/nothinglike/au/canberra-product5.htm
CAMPAIGN,pt/campaigns/nothinglike/au/canberra-product6,pt/campaigns/nothinglike/au/canberra-product6.htm
CAMPAIGN,pt/campaigns/nothinglike/au/canberra-product7,pt/campaigns/nothinglike/au/canberra-product7.htm
CAMPAIGN,pt/campaigns/nothinglike/au/canberra-product8,pt/campaigns/nothinglike/au/canberra-product8.htm
CAMPAIGN,pt/campaigns/nothinglike/au/canberra-product9,pt/campaigns/nothinglike/au/canberra-product9.htm
CAMPAIGN,pt/campaigns/nothinglike/au/canberra-product10,pt/campaigns/nothinglike/au/canberra-product10.htm
CAMPAIGN,pt/campaigns/nothinglike/au/canberra-product11,pt/campaigns/nothinglike/au/canberra-product11.htm
CAMPAIGN,pt/campaigns/nothinglike/au/canberra-itinerary,pt/campaigns/nothinglike/au/canberra-itinerary.htm
CAMPAIGN,pt/campaigns/nothinglike/au/canberra-itinerary2,pt/campaigns/nothinglike/au/canberra-itinerary2.htm
CAMPAIGN,pt/campaigns/nothinglike/au/canberra-itinerary3,pt/campaigns/nothinglike/au/canberra-itinerary3.htm
CAMPAIGN,pt/campaigns/nothinglike/au/canberra-itinerary4,pt/campaigns/nothinglike/au/canberra-itinerary4.htm
CAMPAIGN,pt/campaigns/nothinglike/au/canberra-experiences,pt/campaigns/nothinglike/au/canberra-experiences.htm
CAMPAIGN,pt/campaigns/nothinglike/au/cape-leveque,pt/campaigns/nothinglike/au/cape-leveque.htm
CAMPAIGN,pt/campaigns/nothinglike/au/cape-leveque-product1,pt/campaigns/nothinglike/au/cape-leveque-product1.htm
CAMPAIGN,pt/campaigns/nothinglike/au/cape-leveque-product2,pt/campaigns/nothinglike/au/cape-leveque-product2.htm
CAMPAIGN,pt/campaigns/nothinglike/au/cape-leveque-product3,pt/campaigns/nothinglike/au/cape-leveque-product3.htm
CAMPAIGN,pt/campaigns/nothinglike/au/cape-leveque-product4,pt/campaigns/nothinglike/au/cape-leveque-product4.htm
CAMPAIGN,pt/campaigns/nothinglike/au/cape-leveque-product5,pt/campaigns/nothinglike/au/cape-leveque-product5.htm
CAMPAIGN,pt/campaigns/nothinglike/au/cape-leveque-product6,pt/campaigns/nothinglike/au/cape-leveque-product6.htm
CAMPAIGN,pt/campaigns/nothinglike/au/cape-leveque-product7,pt/campaigns/nothinglike/au/cape-leveque-product7.htm
CAMPAIGN,pt/campaigns/nothinglike/au/cape-leveque-product8,pt/campaigns/nothinglike/au/cape-leveque-product8.htm
CAMPAIGN,pt/campaigns/nothinglike/au/cape-leveque-product9,pt/campaigns/nothinglike/au/cape-leveque-product9.htm
CAMPAIGN,pt/campaigns/nothinglike/au/cape-leveque-product10,pt/campaigns/nothinglike/au/cape-leveque-product10.htm
CAMPAIGN,pt/campaigns/nothinglike/au/cape-leveque-itinerary,pt/campaigns/nothinglike/au/cape-leveque-itinerary.htm
CAMPAIGN,pt/campaigns/nothinglike/au/cape-leveque-itinerary2,pt/campaigns/nothinglike/au/cape-leveque-itinerary2.htm
CAMPAIGN,pt/campaigns/nothinglike/au/cape-leveque-itinerary3,pt/campaigns/nothinglike/au/cape-leveque-itinerary3.htm
CAMPAIGN,pt/campaigns/nothinglike/au/cape-leveque-itinerary4,pt/campaigns/nothinglike/au/cape-leveque-itinerary4.htm
CAMPAIGN,pt/campaigns/nothinglike/au/cape-leveque-itinerary5,pt/campaigns/nothinglike/au/cape-leveque-itinerary5.htm
CAMPAIGN,pt/campaigns/nothinglike/au/cape-leveque-experiences,pt/campaigns/nothinglike/au/cape-leveque-experiences.htm
CAMPAIGN,pt/campaigns/nothinglike/au/el-questro,pt/campaigns/nothinglike/au/el-questro.htm
CAMPAIGN,pt/campaigns/nothinglike/au/el-questro-product1,pt/campaigns/nothinglike/au/el-questro-product1.htm
CAMPAIGN,pt/campaigns/nothinglike/au/el-questro-product2,pt/campaigns/nothinglike/au/el-questro-product2.htm
CAMPAIGN,pt/campaigns/nothinglike/au/el-questro-product3,pt/campaigns/nothinglike/au/el-questro-product3.htm
CAMPAIGN,pt/campaigns/nothinglike/au/el-questro-product4,pt/campaigns/nothinglike/au/el-questro-product4.htm
CAMPAIGN,pt/campaigns/nothinglike/au/el-questro-product5,pt/campaigns/nothinglike/au/el-questro-product5.htm
CAMPAIGN,pt/campaigns/nothinglike/au/el-questro-product6,pt/campaigns/nothinglike/au/el-questro-product6.htm
CAMPAIGN,pt/campaigns/nothinglike/au/el-questro-product7,pt/campaigns/nothinglike/au/el-questro-product7.htm
CAMPAIGN,pt/campaigns/nothinglike/au/el-questro-product8,pt/campaigns/nothinglike/au/el-questro-product8.htm
CAMPAIGN,pt/campaigns/nothinglike/au/el-questro-product9,pt/campaigns/nothinglike/au/el-questro-product9.htm
CAMPAIGN,pt/campaigns/nothinglike/au/el-questro-product10,pt/campaigns/nothinglike/au/el-questro-product10.htm
CAMPAIGN,pt/campaigns/nothinglike/au/el-questro-itinerary,pt/campaigns/nothinglike/au/el-questro-itinerary.htm
CAMPAIGN,pt/campaigns/nothinglike/au/el-questro-itinerary2,pt/campaigns/nothinglike/au/el-questro-itinerary2.htm
CAMPAIGN,pt/campaigns/nothinglike/au/el-questro-itinerary3,pt/campaigns/nothinglike/au/el-questro-itinerary3.htm
CAMPAIGN,pt/campaigns/nothinglike/au/el-questro-itinerary4,pt/campaigns/nothinglike/au/el-questro-itinerary4.htm
CAMPAIGN,pt/campaigns/nothinglike/au/el-questro-experiences,pt/campaigns/nothinglike/au/el-questro-experiences.htm
CAMPAIGN,pt/campaigns/nothinglike/au/freycinet,pt/campaigns/nothinglike/au/freycinet.htm
CAMPAIGN,pt/campaigns/nothinglike/au/freycinet-product1,pt/campaigns/nothinglike/au/freycinet-product1.htm
CAMPAIGN,pt/campaigns/nothinglike/au/freycinet-product2,pt/campaigns/nothinglike/au/freycinet-product2.htm
CAMPAIGN,pt/campaigns/nothinglike/au/freycinet-product3,pt/campaigns/nothinglike/au/freycinet-product3.htm
CAMPAIGN,pt/campaigns/nothinglike/au/freycinet-product5,pt/campaigns/nothinglike/au/freycinet-product5.htm
CAMPAIGN,pt/campaigns/nothinglike/au/freycinet-product6,pt/campaigns/nothinglike/au/freycinet-product6.htm
CAMPAIGN,pt/campaigns/nothinglike/au/freycinet-product7,pt/campaigns/nothinglike/au/freycinet-product7.htm
CAMPAIGN,pt/campaigns/nothinglike/au/freycinet-product8,pt/campaigns/nothinglike/au/freycinet-product8.htm
CAMPAIGN,pt/campaigns/nothinglike/au/freycinet-product9,pt/campaigns/nothinglike/au/freycinet-product9.htm
CAMPAIGN,pt/campaigns/nothinglike/au/freycinet-product10,pt/campaigns/nothinglike/au/freycinet-product10.htm
CAMPAIGN,pt/campaigns/nothinglike/au/freycinet-itinerary,pt/campaigns/nothinglike/au/freycinet-itinerary.htm
CAMPAIGN,pt/campaigns/nothinglike/au/freycinet-itinerary2,pt/campaigns/nothinglike/au/freycinet-itinerary2.htm
CAMPAIGN,pt/campaigns/nothinglike/au/freycinet-itinerary3,pt/campaigns/nothinglike/au/freycinet-itinerary3.htm
CAMPAIGN,pt/campaigns/nothinglike/au/freycinet-itinerary4,pt/campaigns/nothinglike/au/freycinet-itinerary4.htm
CAMPAIGN,pt/campaigns/nothinglike/au/freycinet-itinerary5,pt/campaigns/nothinglike/au/freycinet-itinerary5.htm
CAMPAIGN,pt/campaigns/nothinglike/au/freycinet-experiences,pt/campaigns/nothinglike/au/freycinet-experiences.htm
CAMPAIGN,pt/campaigns/nothinglike/au/gold-coast,pt/campaigns/nothinglike/au/gold-coast.htm
CAMPAIGN,pt/campaigns/nothinglike/au/gold-coast-product1,pt/campaigns/nothinglike/au/gold-coast-product1.htm
CAMPAIGN,pt/campaigns/nothinglike/au/gold-coast-product2,pt/campaigns/nothinglike/au/gold-coast-product2.htm
CAMPAIGN,pt/campaigns/nothinglike/au/gold-coast-product3,pt/campaigns/nothinglike/au/gold-coast-product3.htm
CAMPAIGN,pt/campaigns/nothinglike/au/gold-coast-product4,pt/campaigns/nothinglike/au/gold-coast-product4.htm
CAMPAIGN,pt/campaigns/nothinglike/au/gold-coast-product5,pt/campaigns/nothinglike/au/gold-coast-product5.htm
CAMPAIGN,pt/campaigns/nothinglike/au/gold-coast-product6,pt/campaigns/nothinglike/au/gold-coast-product6.htm
CAMPAIGN,pt/campaigns/nothinglike/au/gold-coast-product7,pt/campaigns/nothinglike/au/gold-coast-product7.htm
CAMPAIGN,pt/campaigns/nothinglike/au/gold-coast-product8,pt/campaigns/nothinglike/au/gold-coast-product8.htm
CAMPAIGN,pt/campaigns/nothinglike/au/gold-coast-product9,pt/campaigns/nothinglike/au/gold-coast-product9.htm
CAMPAIGN,pt/campaigns/nothinglike/au/gold-coast-product10,pt/campaigns/nothinglike/au/gold-coast-product10.htm
CAMPAIGN,pt/campaigns/nothinglike/au/gold-coast-itinerary,pt/campaigns/nothinglike/au/gold-coast-itinerary.htm
CAMPAIGN,pt/campaigns/nothinglike/au/gold-coast-itinerary2,pt/campaigns/nothinglike/au/gold-coast-itinerary2.htm
CAMPAIGN,pt/campaigns/nothinglike/au/gold-coast-itinerary3,pt/campaigns/nothinglike/au/gold-coast-itinerary3.htm
CAMPAIGN,pt/campaigns/nothinglike/au/gold-coast-itinerary4,pt/campaigns/nothinglike/au/gold-coast-itinerary4.htm
CAMPAIGN,pt/campaigns/nothinglike/au/gold-coast-experiences,pt/campaigns/nothinglike/au/gold-coast-experiences.htm
CAMPAIGN,pt/campaigns/nothinglike/au/great-ocean-road,pt/campaigns/nothinglike/au/great-ocean-road.htm
CAMPAIGN,pt/campaigns/nothinglike/au/great-ocean-road-product1,pt/campaigns/nothinglike/au/great-ocean-road-product1.htm
CAMPAIGN,pt/campaigns/nothinglike/au/great-ocean-road-product2,pt/campaigns/nothinglike/au/great-ocean-road-product2.htm
CAMPAIGN,pt/campaigns/nothinglike/au/great-ocean-road-product3,pt/campaigns/nothinglike/au/great-ocean-road-product3.htm
CAMPAIGN,pt/campaigns/nothinglike/au/great-ocean-road-product4,pt/campaigns/nothinglike/au/great-ocean-road-product4.htm
CAMPAIGN,pt/campaigns/nothinglike/au/great-ocean-road-product5,pt/campaigns/nothinglike/au/great-ocean-road-product5.htm
CAMPAIGN,pt/campaigns/nothinglike/au/great-ocean-road-product6,pt/campaigns/nothinglike/au/great-ocean-road-product6.htm
CAMPAIGN,pt/campaigns/nothinglike/au/great-ocean-road-product7,pt/campaigns/nothinglike/au/great-ocean-road-product7.htm
CAMPAIGN,pt/campaigns/nothinglike/au/great-ocean-road-product8,pt/campaigns/nothinglike/au/great-ocean-road-product8.htm
CAMPAIGN,pt/campaigns/nothinglike/au/great-ocean-road-itinerary,pt/campaigns/nothinglike/au/great-ocean-road-itinerary.htm
CAMPAIGN,pt/campaigns/nothinglike/au/great-ocean-road-itinerary2,pt/campaigns/nothinglike/au/great-ocean-road-itinerary2.htm
CAMPAIGN,pt/campaigns/nothinglike/au/great-ocean-road-itinerary3,pt/campaigns/nothinglike/au/great-ocean-road-itinerary3.htm
CAMPAIGN,pt/campaigns/nothinglike/au/great-ocean-road-itinerary4,pt/campaigns/nothinglike/au/great-ocean-road-itinerary4.htm
CAMPAIGN,pt/campaigns/nothinglike/au/great-ocean-road-itinerary5,pt/campaigns/nothinglike/au/great-ocean-road-itinerary5.htm
CAMPAIGN,pt/campaigns/nothinglike/au/great-ocean-road-experiences,pt/campaigns/nothinglike/au/great-ocean-road-experiences.htm
CAMPAIGN,pt/campaigns/nothinglike/au/hayman-island,pt/campaigns/nothinglike/au/hayman-island.htm
CAMPAIGN,pt/campaigns/nothinglike/au/hayman-island-product1,pt/campaigns/nothinglike/au/hayman-island-product1.htm
CAMPAIGN,pt/campaigns/nothinglike/au/hayman-island-product2,pt/campaigns/nothinglike/au/hayman-island-product2.htm
CAMPAIGN,pt/campaigns/nothinglike/au/hayman-island-product3,pt/campaigns/nothinglike/au/hayman-island-product3.htm
CAMPAIGN,pt/campaigns/nothinglike/au/hayman-island-product4,pt/campaigns/nothinglike/au/hayman-island-product4.htm
CAMPAIGN,pt/campaigns/nothinglike/au/hayman-island-product6,pt/campaigns/nothinglike/au/hayman-island-product6.htm
CAMPAIGN,pt/campaigns/nothinglike/au/hayman-island-product7,pt/campaigns/nothinglike/au/hayman-island-product7.htm
CAMPAIGN,pt/campaigns/nothinglike/au/hayman-island-product8,pt/campaigns/nothinglike/au/hayman-island-product8.htm
CAMPAIGN,pt/campaigns/nothinglike/au/hayman-island-product9,pt/campaigns/nothinglike/au/hayman-island-product9.htm
CAMPAIGN,pt/campaigns/nothinglike/au/hayman-island-product10,pt/campaigns/nothinglike/au/hayman-island-product10.htm
CAMPAIGN,pt/campaigns/nothinglike/au/hayman-island-itinerary,pt/campaigns/nothinglike/au/hayman-island-itinerary.htm
CAMPAIGN,pt/campaigns/nothinglike/au/hayman-island-itinerary2,pt/campaigns/nothinglike/au/hayman-island-itinerary2.htm
CAMPAIGN,pt/campaigns/nothinglike/au/hayman-island-itinerary3,pt/campaigns/nothinglike/au/hayman-island-itinerary3.htm
CAMPAIGN,pt/campaigns/nothinglike/au/hayman-island-itinerary4,pt/campaigns/nothinglike/au/hayman-island-itinerary4.htm
CAMPAIGN,pt/campaigns/nothinglike/au/hayman-island-experiences,pt/campaigns/nothinglike/au/hayman-island-experiences.htm
CAMPAIGN,pt/campaigns/nothinglike/au/kangaroo-island,pt/campaigns/nothinglike/au/kangaroo-island.htm
CAMPAIGN,pt/campaigns/nothinglike/au/kangaroo-island-product1,pt/campaigns/nothinglike/au/kangaroo-island-product1.htm
CAMPAIGN,pt/campaigns/nothinglike/au/kangaroo-island-product2,pt/campaigns/nothinglike/au/kangaroo-island-product2.htm
CAMPAIGN,pt/campaigns/nothinglike/au/kangaroo-island-product3,pt/campaigns/nothinglike/au/kangaroo-island-product3.htm
CAMPAIGN,pt/campaigns/nothinglike/au/kangaroo-island-product4,pt/campaigns/nothinglike/au/kangaroo-island-product4.htm
CAMPAIGN,pt/campaigns/nothinglike/au/kangaroo-island-product5,pt/campaigns/nothinglike/au/kangaroo-island-product5.htm
CAMPAIGN,pt/campaigns/nothinglike/au/kangaroo-island-product6,pt/campaigns/nothinglike/au/kangaroo-island-product6.htm
CAMPAIGN,pt/campaigns/nothinglike/au/kangaroo-island-product7,pt/campaigns/nothinglike/au/kangaroo-island-product7.htm
CAMPAIGN,pt/campaigns/nothinglike/au/kangaroo-island-product8,pt/campaigns/nothinglike/au/kangaroo-island-product8.htm
CAMPAIGN,pt/campaigns/nothinglike/au/kangaroo-island-product9,pt/campaigns/nothinglike/au/kangaroo-island-product9.htm
CAMPAIGN,pt/campaigns/nothinglike/au/kangaroo-island-product10,pt/campaigns/nothinglike/au/kangaroo-island-product10.htm
CAMPAIGN,pt/campaigns/nothinglike/au/kangaroo-island-itinerary,pt/campaigns/nothinglike/au/kangaroo-island-itinerary.htm
CAMPAIGN,pt/campaigns/nothinglike/au/kangaroo-island-itinerary2,pt/campaigns/nothinglike/au/kangaroo-island-itinerary2.htm
CAMPAIGN,pt/campaigns/nothinglike/au/kangaroo-island-itinerary3,pt/campaigns/nothinglike/au/kangaroo-island-itinerary3.htm
CAMPAIGN,pt/campaigns/nothinglike/au/kangaroo-island-experiences,pt/campaigns/nothinglike/au/kangaroo-island-experiences.htm
CAMPAIGN,pt/campaigns/nothinglike/au/lizard-island,pt/campaigns/nothinglike/au/lizard-island.htm
CAMPAIGN,pt/campaigns/nothinglike/au/lizard-island-product1,pt/campaigns/nothinglike/au/lizard-island-product1.htm
CAMPAIGN,pt/campaigns/nothinglike/au/lizard-island-product2,pt/campaigns/nothinglike/au/lizard-island-product2.htm
CAMPAIGN,pt/campaigns/nothinglike/au/lizard-island-product3,pt/campaigns/nothinglike/au/lizard-island-product3.htm
CAMPAIGN,pt/campaigns/nothinglike/au/lizard-island-product5,pt/campaigns/nothinglike/au/lizard-island-product5.htm
CAMPAIGN,pt/campaigns/nothinglike/au/lizard-island-product6,pt/campaigns/nothinglike/au/lizard-island-product6.htm
CAMPAIGN,pt/campaigns/nothinglike/au/lizard-island-product7,pt/campaigns/nothinglike/au/lizard-island-product7.htm
CAMPAIGN,pt/campaigns/nothinglike/au/lizard-island-product8,pt/campaigns/nothinglike/au/lizard-island-product8.htm
CAMPAIGN,pt/campaigns/nothinglike/au/lizard-island-product9,pt/campaigns/nothinglike/au/lizard-island-product9.htm
CAMPAIGN,pt/campaigns/nothinglike/au/melbourne,pt/campaigns/nothinglike/au/melbourne.htm
CAMPAIGN,pt/campaigns/nothinglike/au/melbourne-product1,pt/campaigns/nothinglike/au/melbourne-product1.htm
CAMPAIGN,pt/campaigns/nothinglike/au/melbourne-product2,pt/campaigns/nothinglike/au/melbourne-product2.htm
CAMPAIGN,pt/campaigns/nothinglike/au/melbourne-product3,pt/campaigns/nothinglike/au/melbourne-product3.htm
CAMPAIGN,pt/campaigns/nothinglike/au/melbourne-product4,pt/campaigns/nothinglike/au/melbourne-product4.htm
CAMPAIGN,pt/campaigns/nothinglike/au/melbourne-product5,pt/campaigns/nothinglike/au/melbourne-product5.htm
CAMPAIGN,pt/campaigns/nothinglike/au/melbourne-product6,pt/campaigns/nothinglike/au/melbourne-product6.htm
CAMPAIGN,pt/campaigns/nothinglike/au/melbourne-product7,pt/campaigns/nothinglike/au/melbourne-product7.htm
CAMPAIGN,pt/campaigns/nothinglike/au/melbourne-product8,pt/campaigns/nothinglike/au/melbourne-product8.htm
CAMPAIGN,pt/campaigns/nothinglike/au/melbourne-product9,pt/campaigns/nothinglike/au/melbourne-product9.htm
CAMPAIGN,pt/campaigns/nothinglike/au/melbourne-product10,pt/campaigns/nothinglike/au/melbourne-product10.htm
CAMPAIGN,pt/campaigns/nothinglike/au/melbourne-itinerary,pt/campaigns/nothinglike/au/melbourne-itinerary.htm
CAMPAIGN,pt/campaigns/nothinglike/au/melbourne-itinerary2,pt/campaigns/nothinglike/au/melbourne-itinerary2.htm
CAMPAIGN,pt/campaigns/nothinglike/au/melbourne-itinerary3,pt/campaigns/nothinglike/au/melbourne-itinerary3.htm
CAMPAIGN,pt/campaigns/nothinglike/au/melbourne-itinerary4,pt/campaigns/nothinglike/au/melbourne-itinerary4.htm
CAMPAIGN,pt/campaigns/nothinglike/au/melbourne-experiences,pt/campaigns/nothinglike/au/melbourne-experiences.htm
CAMPAIGN,pt/campaigns/nothinglike/au/sydney,pt/campaigns/nothinglike/au/sydney.htm
CAMPAIGN,pt/campaigns/nothinglike/au/sydney-product1,pt/campaigns/nothinglike/au/sydney-product1.htm
CAMPAIGN,pt/campaigns/nothinglike/au/sydney-product2,pt/campaigns/nothinglike/au/sydney-product2.htm
CAMPAIGN,pt/campaigns/nothinglike/au/sydney-product3,pt/campaigns/nothinglike/au/sydney-product3.htm
CAMPAIGN,pt/campaigns/nothinglike/au/sydney-product4,pt/campaigns/nothinglike/au/sydney-product4.htm
CAMPAIGN,pt/campaigns/nothinglike/au/sydney-product5,pt/campaigns/nothinglike/au/sydney-product5.htm
CAMPAIGN,pt/campaigns/nothinglike/au/sydney-product6,pt/campaigns/nothinglike/au/sydney-product6.htm
CAMPAIGN,pt/campaigns/nothinglike/au/sydney-product7,pt/campaigns/nothinglike/au/sydney-product7.htm
CAMPAIGN,pt/campaigns/nothinglike/au/sydney-product8,pt/campaigns/nothinglike/au/sydney-product8.htm
CAMPAIGN,pt/campaigns/nothinglike/au/sydney-product9,pt/campaigns/nothinglike/au/sydney-product9.htm
CAMPAIGN,pt/campaigns/nothinglike/au/sydney-product10,pt/campaigns/nothinglike/au/sydney-product10.htm
CAMPAIGN,pt/campaigns/nothinglike/au/sydney-product11,pt/campaigns/nothinglike/au/sydney-product11.htm
CAMPAIGN,pt/campaigns/nothinglike/au/sydney-itinerary,pt/campaigns/nothinglike/au/sydney-itinerary.htm
CAMPAIGN,pt/campaigns/nothinglike/au/sydney-itinerary2,pt/campaigns/nothinglike/au/sydney-itinerary2.htm
CAMPAIGN,pt/campaigns/nothinglike/au/sydney-itinerary3,pt/campaigns/nothinglike/au/sydney-itinerary3.htm
CAMPAIGN,pt/campaigns/nothinglike/au/sydney-itinerary4,pt/campaigns/nothinglike/au/sydney-itinerary4.htm
CAMPAIGN,pt/campaigns/nothinglike/au/sydney-experiences,pt/campaigns/nothinglike/au/sydney-experiences.htm
CAMPAIGN,pt/campaigns/nothinglike/au/uluru,pt/campaigns/nothinglike/au/uluru.htm
CAMPAIGN,pt/campaigns/nothinglike/au/uluru-product1,pt/campaigns/nothinglike/au/uluru-product1.htm
CAMPAIGN,pt/campaigns/nothinglike/au/uluru-product2,pt/campaigns/nothinglike/au/uluru-product2.htm
CAMPAIGN,pt/campaigns/nothinglike/au/uluru-product3,pt/campaigns/nothinglike/au/uluru-product3.htm
CAMPAIGN,pt/campaigns/nothinglike/au/uluru-product4,pt/campaigns/nothinglike/au/uluru-product4.htm
CAMPAIGN,pt/campaigns/nothinglike/au/uluru-product5,pt/campaigns/nothinglike/au/uluru-product5.htm
CAMPAIGN,pt/campaigns/nothinglike/au/uluru-product6,pt/campaigns/nothinglike/au/uluru-product6.htm
CAMPAIGN,pt/campaigns/nothinglike/au/uluru-product7,pt/campaigns/nothinglike/au/uluru-product7.htm
CAMPAIGN,pt/campaigns/nothinglike/au/uluru-product8,pt/campaigns/nothinglike/au/uluru-product8.htm
CAMPAIGN,pt/campaigns/nothinglike/au/uluru-product9,pt/campaigns/nothinglike/au/uluru-product9.htm
CAMPAIGN,pt/campaigns/nothinglike/au/uluru-itinerary,pt/campaigns/nothinglike/au/uluru-itinerary.htm
CAMPAIGN,pt/campaigns/nothinglike/au/uluru-experiences,pt/campaigns/nothinglike/au/uluru-experiences.htm
CAMPAIGN,pt/campaigns/nothinglike/au/wolgan-valley,pt/campaigns/nothinglike/au/wolgan-valley.htm
CAMPAIGN,pt/campaigns/nothinglike/au/wolgan-valley-product1,pt/campaigns/nothinglike/au/wolgan-valley-product1.htm
CAMPAIGN,pt/campaigns/nothinglike/au/wolgan-valley-product2,pt/campaigns/nothinglike/au/wolgan-valley-product2.htm
CAMPAIGN,pt/campaigns/nothinglike/au/wolgan-valley-product3,pt/campaigns/nothinglike/au/wolgan-valley-product3.htm
CAMPAIGN,pt/campaigns/nothinglike/au/wolgan-valley-product4,pt/campaigns/nothinglike/au/wolgan-valley-product4.htm
CAMPAIGN,pt/campaigns/nothinglike/au/wolgan-valley-product5,pt/campaigns/nothinglike/au/wolgan-valley-product5.htm
CAMPAIGN,pt/campaigns/nothinglike/au/wolgan-valley-product6,pt/campaigns/nothinglike/au/wolgan-valley-product6.htm
CAMPAIGN,pt/campaigns/nothinglike/au/wolgan-valley-product7,pt/campaigns/nothinglike/au/wolgan-valley-product7.htm
CAMPAIGN,pt/campaigns/nothinglike/au/wolgan-valley-product8,pt/campaigns/nothinglike/au/wolgan-valley-product8.htm
CAMPAIGN,pt/campaigns/nothinglike/au/wolgan-valley-product9,pt/campaigns/nothinglike/au/wolgan-valley-product9.htm
CAMPAIGN,pt/campaigns/nothinglike/au/wolgan-valley-product10,pt/campaigns/nothinglike/au/wolgan-valley-product10.htm
CAMPAIGN,pt/campaigns/nothinglike/au/wolgan-valley-itinerary,pt/campaigns/nothinglike/au/wolgan-valley-itinerary.htm
CAMPAIGN,pt/campaigns/nothinglike/au/wolgan-valley-itinerary2,pt/campaigns/nothinglike/au/wolgan-valley-itinerary2.htm
CAMPAIGN,pt/campaigns/nothinglike/au/wolgan-valley-itinerary3,pt/campaigns/nothinglike/au/wolgan-valley-itinerary3.htm
CAMPAIGN,pt/campaigns/nothinglike/au/wolgan-valley-itinerary4,pt/campaigns/nothinglike/au/wolgan-valley-itinerary4.htm
CAMPAIGN,pt/campaigns/nothinglike/au/wolgan-valley-itinerary5,pt/campaigns/nothinglike/au/wolgan-valley-itinerary5.htm
CAMPAIGN,pt/campaigns/nothinglike/au/wolgan-valley-itinerary6,pt/campaigns/nothinglike/au/wolgan-valley-itinerary6.htm
CAMPAIGN,pt/campaigns/nothinglike/au/wolgan-valley-experiences,pt/campaigns/nothinglike/au/wolgan-valley-experiences.htm
ARTICLE,pt/planning/australian-public-holidays,pt/plan/before-you-go/australian-public-holidays
ARTICLE,pt/planning/australian-school-holidays,pt/plan/before-you-go/australian-school-holidays
ARTICLE,pt/planning/health-safety,pt/plan/before-you-go/health-safety
ARTICLE,pt/planning/useful-tips,pt/plan/before-you-go/useful-tips
ARTICLE,pt/articles/australias-animals,pt/about/key-facts/australias-animals
ARTICLE,pt/articles/heritage-attractions,pt/about/culture-history/australian-culture/heritage-attractions
ARTICLE,pt/planning/backpacker-essentials,pt/plan/before-you-go/work-volunteer-study/backpacker-essentials
ARTICLE,pt/planning/backpacker-precincts,pt/plan/before-you-go/work-volunteer-study/backpacker-precincts
ARTICLE,pt/planning/youth-visa,pt/plan/before-you-go/work-volunteer-study/youth-visa
ARTICLE,pt/planning/planning-a-trip,pt/plan/before-you-go/planning-a-trip
ARTICLE,pt/articles/foa-holiday-favourites-au,foa-holiday-favourites-au
ARTICLE,pt/articles/foa-holiday-favourites-john-bertrand-au,foa-holiday-favourites-john-bertrand-au
ARTICLE,pt/articles/foa-holiday-favourites-terri-irwin-au,foa-holiday-favourites-terri-irwin-au
ARTICLE,pt/articles/foa-holiday-favourites-david-whitehill-au,foa-holiday-favourites-david-whitehill-au
ARTICLE,pt/articles/foa-holiday-favourites-steve-liebman-au,foa-holiday-favourites-steve-liebman-au
ARTICLE,pt/articles/foa-holiday-favourites-sophie-falkiner-au,foa-holiday-favourites-sophie-falkiner-au
CAMPAIGN,pt/campaigns/makingtracks/index,pt/campaigns/makingtracks/index.htm
CAMPAIGN,pt/campaigns/makingtracks/meet-the-musician-Andy-Bull,pt/campaigns/makingtracks/meet-the-musician-Andy-Bull.htm
CAMPAIGN,pt/campaigns/makingtracks/meet-the-musician-Desmond-NeySmith,pt/campaigns/makingtracks/meet-the-musician-Desmond-NeySmith.htm
CAMPAIGN,pt/campaigns/makingtracks/meet-the-musician-Dewayne-Everett-Smith,pt/campaigns/makingtracks/meet-the-musician-Dewayne-Everett-Smith.htm
CAMPAIGN,pt/campaigns/makingtracks/meet-the-musician-Irene-Chen,pt/campaigns/makingtracks/meet-the-musician-Irene-Chen.htm
CAMPAIGN,pt/campaigns/makingtracks/meet-the-musician-Jasmine-Beam,pt/campaigns/makingtracks/meet-the-musician-Jasmine-Beam.htm
CAMPAIGN,pt/campaigns/makingtracks/meet-the-musician-Luke-Web,pt/campaigns/makingtracks/meet-the-musician-Luke-Web.htm
CAMPAIGN,pt/campaigns/makingtracks/meet-the-musician-Samuel-Blair,pt/campaigns/makingtracks/meet-the-musician-Samuel-Blair.htm
CAMPAIGN,pt/campaigns/makingtracks/meet-the-musician-Stu-Cullen,pt/campaigns/makingtracks/meet-the-musician-Stu-Cullen.htm
CAMPAIGN,pt/campaigns/makingtracks/musical-pairs-luke-desmond,pt/campaigns/makingtracks/musical-pairs-luke-desmond.htm
CAMPAIGN,pt/campaigns/makingtracks/musical-pairs-andy-irene,pt/campaigns/makingtracks/musical-pairs-andy-irene.htm
CAMPAIGN,pt/campaigns/makingtracks/musical-pairs-dewayne-jasmine,pt/campaigns/makingtracks/musical-pairs-dewayne-jasmine.htm
CAMPAIGN,pt/campaigns/makingtracks/musical-pairs-stu-samuel,pt/campaigns/makingtracks/musical-pairs-stu-samuel.htm