ICON,fr/places/great-barrier-reef,fr/explore/icons/great-barrier-reef
ICON,fr/places/red-centre,fr/explore/icons/red-centre
ICON,fr/places/great-ocean-road,fr/explore/icons/great-ocean-road
ICON,fr/places/kakadu,fr/explore/icons/kakadu
ICON,fr/places/kimberley,fr/explore/icons/kimberley
ICON,fr/places/kangaroo-island,fr/explore/icons/kangaroo-island
ICON,fr/places/byron-bay,fr/explore/icons/byron-bay
ICON,fr/places/tas-wilderness,fr/explore/icons/tas-wilderness
ICON,fr/places/alps,fr/explore/icons/alps
ICON,fr/places/ningaloo,fr/explore/icons/ningaloo
ICON,fr/places/flinders,fr/explore/icons/flinders
ICON,fr/places/fraser-island,fr/explore/icons/fraser-island
ICON,fr/places/freycinet,fr/explore/icons/freycinet
ICON,fr/places/gippsland,fr/explore/icons/gippsland
ICON,fr/places/blue-mountains,fr/explore/icons/blue-mountains
ICON,fr/places/namadgi,fr/explore/icons/namadgi
CITY,fr/places/sydney,fr/explore/cities/sydney
CITY,fr/places/melbourne,fr/explore/cities/melbourne
CITY,fr/places/brisbane,fr/explore/cities/brisbane
CITY,fr/places/perth,fr/explore/cities/perth
CITY,fr/places/darwin,fr/explore/cities/darwin
CITY,fr/places/adelaide,fr/explore/cities/adelaide
CITY,fr/places/hobart,fr/explore/cities/hobart
CITY,fr/places/canberra,fr/explore/cities/canberra
CITY,fr/places/gold-coast,fr/explore/cities/gold-coast
CITY,fr/places/cairns,fr/explore/cities/cairns
CITY,fr/places/alice-springs,fr/explore/cities/alice-springs
CITY,fr/places/broome,fr/explore/cities/broome
CATEGORY PAGE,fr/places/regional-cities,fr/explore/cities/regional-cities
CITY,fr/places/nsw/orange,fr/explore/events/nsw-taste-of-orange
CITY,fr/places/qld/bundaberg-natural-attraction,fr/explore/cities/regional-cities/bundaberg-natural-attraction
CITY,fr/places/tas/launceston-devonport-burnie,fr/explore/cities/regional-cities/tas-launceston-devonport-burnie
CITY,fr/places/vic/bendigo,fr/explore/states/vic/vic-bendigo
CITY,fr/places/wa/albany,fr/explore/cities/regional-cities/wa-albany
CITY,fr/places/wa/kalgoorlie,fr/explore/states/wa/wa-kalgoorlie
CITY,fr/places/wa/kununurra,fr/explore/states/wa/wa-kununurra
STATE,fr/places/nsw,fr/explore/states/nsw
ARTICLE,fr/places/nsw/anz-stadium,fr/about/culture-history/stadiums/anz-stadium
ARTICLE,fr/places/nsw/allianz-stadium,fr/about/culture-history/stadiums/allianz-stadium
ARTICLE,fr/places/nsw/nsw-glebe,fr/explore/cities/sydney/nsw-glebe
ARTICLE,fr/places/nsw/sydney-the-rocks,fr/explore/cities/sydney/sydney-the-rocks
ARTICLE,fr/places/nsw/sydney-harbour-np,fr/explore/cities/sydney/sydney-harbour-np
ARTICLE,fr/places/nsw/nsw-manly-beach,fr/explore/cities/sydney/nsw-manly-beach
ARTICLE,fr/places/nsw/nsw-palm-beach,fr/explore/cities/sydney/nsw-palm-beach
ARTICLE,fr/places/nsw/nsw-bondi-beach,fr/explore/cities/sydney/nsw-bondi-beach
ARTICLE,fr/places/nsw/nsw-bondi-bronte,fr/explore/cities/sydney/nsw-bondi-bronte
ARTICLE,fr/places/nsw/nsw-coogee-beach,fr/explore/cities/sydney/nsw-coogee-beach
ARTICLE,fr/places/nsw/nsw-sydney-beaches,fr/explore/cities/sydney/nsw-sydney-beaches
ARTICLE,fr/places/nsw/coffs-harbour,fr/explore/states/nsw/coffs-harbour
ARTICLE,fr/places/nsw/nsw-spring-hunter-valley,fr/explore/states/nsw/nsw-spring-hunter-valley
ARTICLE,fr/places/nsw/nsw-jervis-bay,fr/explore/states/nsw/nsw-jervis-bay
STATE,fr/places/vic,fr/explore/states/vic
ARTICLE,fr/places/vic/flemington-racecourse-stadium,fr/about/culture-history/stadiums/flemington-racecourse-stadium
ARTICLE,fr/places/vic/melbourne-cricket-ground,fr/about/culture-history/stadiums/melbourne-cricket-ground
ARTICLE,fr/places/vic/rod-laver-arena,fr/about/culture-history/stadiums/rod-laver-arena
ARTICLE,fr/places/vic/etihad-stadium,fr/about/culture-history/stadiums/etihad-stadium
ARTICLE,fr/places/vic/melbourne-hidden-laneways,fr/explore/cities/melbourne/melbourne-hidden-laneways
ARTICLE,fr/places/vic/melbourne-rooftop-culture,fr/explore/cities/melbourne/melbourne-rooftop-culture
ARTICLE,fr/places/vic/vic-brunswick,fr/explore/cities/melbourne/vic-brunswick
ARTICLE,fr/places/vic/fed-square,fr/explore/cities/melbourne/fed-square
ARTICLE,fr/places/vic/st-kilda,fr/explore/cities/melbourne/st-kilda
ARTICLE,fr/places/vic/mornington-peninsula,fr/explore/cities/melbourne/mornington-peninsula
ARTICLE,fr/places/vic/vic-torquay,fr/explore/states/vic/vic-torquay
ARTICLE,fr/places/vic/vic-grampians,fr/explore/states/vic/vic-grampians
ARTICLE,fr/places/vic/vic-12-apostles,fr/explore/states/vic/vic-12-apostles
ARTICLE,fr/places/vic/vic-bendigo,fr/explore/states/vic/vic-bendigo
ARTICLE,fr/places/vic/vic-snow-play,fr/explore/states/vic/vic-snow-play
STATE,fr/places/qld,fr/explore/states/qld
ARTICLE,fr/places/qld/suncorp-stadium,fr/about/culture-history/stadiums/suncorp-stadium
ARTICLE,fr/places/qld/the-gabba,fr/about/culture-history/stadiums/the-gabba
ARTICLE,fr/places/qld/brisbane-culture-life,fr/explore/cities/brisbane/brisbane-culture-life
ARTICLE,fr/places/qld/qld-adventure-on-brisbane-river,fr/explore/cities/brisbane/qld-adventure-on-brisbane-river
ARTICLE,fr/places/qld/qld-surfing,fr/explore/cities/gold-coast/qld-surfing
ARTICLE,fr/places/qld/port-douglas,fr/explore/cities/cairns/port-douglas
ARTICLE,fr/places/qld/kuranda,fr/explore/cities/cairns/kuranda
STATE,fr/places/nt,fr/explore/states/nt
ARTICLE,fr/places/nt/darwin-historical-attractions,fr/explore/cities/darwin/nt-darwin-historical-attractions
ARTICLE,fr/places/nt/darwin-art-precincts,fr/explore/cities/darwin/darwin-art-precincts
ARTICLE,fr/places/nt/darwin-waterfront,fr/explore/cities/darwin/darwin-waterfront
ARTICLE,fr/places/nt/mindil-markets,fr/explore/cities/darwin/nt-mindil-markets
STATE,fr/places/wa,fr/explore/states/wa
ARTICLE,fr/places/wa/the-waca,fr/about/culture-history/stadiums/the-waca
ARTICLE,fr/places/wa/perth-city-precincts,fr/explore/cities/perth/perth-city-precincts
ARTICLE,fr/places/wa/cottesloe-beach,fr/explore/cities/perth/wa-cottesloe-beach
ARTICLE,fr/places/wa/rottnest-island,fr/explore/cities/perth/rottnest-island
ARTICLE,fr/places/wa/cable-beach,fr/explore/cities/broome/wa-cable-beach
ARTICLE,fr/places/wa/albany,fr/explore/cities/regional-cities/wa-albany
STATE,fr/places/sa,fr/explore/states/sa
ARTICLE,fr/places/sa/adelaide-oval,fr/about/culture-history/stadiums/adelaide-oval
ARTICLE,fr/places/sa/adelaide-central-market,fr/explore/cities/adelaide/adelaide-central-market
ARTICLE,fr/places/sa/glenelg-beach,fr/explore/cities/adelaide/sa-glenelg-beach
ARTICLE,fr/places/sa/hahndorf,fr/explore/cities/adelaide/sa-hahndorf
STATE,fr/places/tas,fr/explore/states/tas
ARTICLE,fr/places/tas/hobart-salamanca-place,fr/explore/cities/hobart/hobart-salamanca-place
ARTICLE,fr/places/tas/winter-secrets,fr/explore/states/tas/tas-winter-secrets
STATE,fr/places/act,fr/explore/states/act
ARTICLE,fr/places/act/canberra-stadium,fr/about/culture-history/stadiums/canberra-stadium
ARTICLE,fr/places/act/manuka-oval,fr/about/culture-history/stadiums/manuka-oval
ARTICLE,fr/places/act/canberra-aboriginal-art,fr/explore/cities/canberra/canberra-aboriginal-art
ARTICLE,fr/places/act/canberra-home-grown-shopping,fr/explore/cities/canberra/canberra-home-grown-shopping
ARTICLE,fr/places/act/fireside-festival,fr/explore/cities/canberra/act-fireside-festival
CATEGORY,fr/itineraries/holiday-ideas,fr/explore/itineraries-ideas/holiday-ideas
CATEGORY,fr/itineraries/drive-australia,fr/explore/itineraries-ideas/drive-australia
ITINERARY,fr/itineraries/nsw-pacific-coast-touring-route,fr/explore/itineraries/nsw-pacific-coast-touring-route
ITINERARY,fr/itineraries/nt-red-centre-way,fr/explore/itineraries/nt-red-centre-way
ITINERARY,fr/itineraries/qld-pacific-coast,fr/explore/itineraries/qld-pacific-coast
ITINERARY,fr/itineraries/nt-natures-way,fr/explore/itineraries/nt-natures-way
ITINERARY,fr/itineraries/nsw-sydney-to-melbourne-coastal-drive,fr/explore/itineraries/nsw-sydney-to-melbourne-coastal-drive
ITINERARY,fr/itineraries/wa-indian-ocean-drive,fr/explore/itineraries/wa-indian-ocean-drive
ITINERARY,fr/itineraries/vic-great-southern-touring-route,fr/explore/itineraries/vic-great-southern-touring-route
ITINERARY,fr/itineraries/wa-gibb-river-rd,fr/explore/itineraries/wa-gibb-river-rd
ITINERARY,fr/itineraries/melbourne-adelaide-gor,fr/explore/itineraries/melbourne-adelaide-gor
ITINERARY,fr/itineraries/tas-circle-tas,fr/explore/itineraries/tas-circle-tas
ITINERARY,fr/itineraries/sa-loop,fr/explore/itineraries/sa-loop
ITINERARY,fr/itineraries/tas-east-coast,fr/explore/itineraries/tas-east-coast
ITINERARY,fr/itineraries/sa-explorers-highway,fr/explore/itineraries/sa-explorers-highway
CATEGORY,fr/itineraries/coastal-journeys,fr/explore/itineraries-ideas/coastal-journeys
ITINERARY,fr/itineraries/vic-great-southern-touring-route,fr/explore/itineraries/vic-great-southern-touring-route
ITINERARY,fr/itineraries/nsw-pacific-coast-touring-route,fr/explore/itineraries/nsw-pacific-coast-touring-route
ITINERARY,fr/itineraries/qld-pacific-coast,fr/explore/itineraries/qld-pacific-coast
ITINERARY,fr/itineraries/nsw-sydney-to-melbourne-coastal-drive,fr/explore/itineraries/nsw-sydney-to-melbourne-coastal-drive
ITINERARY,fr/itineraries/wa-south-west-beaches-goldfields,fr/explore/itineraries/wa-south-west-beaches-goldfields
ITINERARY,fr/itineraries/vic-wilsons-prom,fr/explore/itineraries/vic-wilsons-prom
ITINERARY,fr/itineraries/qld-3days-gold-coast,fr/explore/itineraries/qld-3days-gold-coast
ITINERARY,fr/itineraries/wa-3days-broome,fr/explore/itineraries/wa-3days-broome
ITINERARY,fr/itineraries/tas-east-coast,fr/explore/itineraries/tas-east-coast
ITINERARY,fr/itineraries/qld-whitsundays-sailing,fr/explore/itineraries/qld-whitsundays-sailing
ITINERARY,fr/itineraries/qld-great-sunshine-way,fr/explore/itineraries/qld-great-sunshine-way
ITINERARY,fr/itineraries/qld-3days-cairns,fr/explore/itineraries/qld-3days-cairns
ITINERARY,fr/itineraries/wa-indian-ocean-drive,fr/explore/itineraries/wa-indian-ocean-drive
ITINERARY,fr/itineraries/qld-tropical-drive,fr/explore/itineraries/qld-tropical-drive
ITINERARY,fr/itineraries/melbourne-adelaide-gor,fr/explore/itineraries/melbourne-adelaide-gor
ITINERARY,fr/itineraries/big-pacific-coast-touring-route,fr/explore/itineraries/big-pacific-coast-touring-route
CATEGORY,fr/itineraries/outback-journeys,fr/explore/itineraries-ideas/outback-journeys
ITINERARY,fr/itineraries/wa-gibb-river-rd,fr/explore/itineraries/wa-gibb-river-rd
ITINERARY,fr/itineraries/nt-red-centre-way,fr/explore/itineraries/nt-red-centre-way
ITINERARY,fr/itineraries/sa-explorers-highway,fr/explore/itineraries/sa-explorers-highway
ITINERARY,fr/itineraries/wa-savannah,fr/explore/itineraries/wa-savannah
ITINERARY,fr/itineraries/qld-savannah-way,fr/explore/itineraries/qld-savannah-way
ITINERARY,fr/itineraries/sa-loop,fr/explore/itineraries/sa-loop
ITINERARY,fr/itineraries/nt-natures-way,fr/explore/itineraries/nt-natures-way
ITINERARY,fr/itineraries/nt-larapinta-trail,fr/explore/itineraries/nt-larapinta-trail
ITINERARY,fr/itineraries/wa-sa-nsw-indian-pacific,fr/explore/itineraries/wa-sa-nsw-indian-pacific
ITINERARY,fr/itineraries/sa-ghan,fr/explore/itineraries/sa-ghan
ITINERARY,fr/itineraries/crossing-nullarbor,fr/explore/itineraries/crossing-nullarbor
CATEGORY,fr/itineraries/nature-discovery,fr/explore/itineraries-ideas/nature-discovery
ITINERARY,fr/itineraries/nt-natures-way,fr/explore/itineraries/nt-natures-way
ITINERARY,fr/itineraries/vic-great-alpine-way,fr/explore/itineraries/vic-great-alpine-way
ITINERARY,fr/itineraries/tas-circle-tas,fr/explore/itineraries/tas-circle-tas
ITINERARY,fr/itineraries/tas-east-coast,fr/explore/itineraries/tas-east-coast
ITINERARY,fr/itineraries/sa-loop,fr/explore/itineraries/sa-loop
ITINERARY,fr/itineraries/tas-overland-track,fr/explore/itineraries/tas-overland-track
ITINERARY,fr/itineraries/act-australian-alps-walking-track,fr/explore/itineraries/act-australian-alps-walking-track
ITINERARY,fr/itineraries/qld-goldcoast-hinterland,fr/explore/itineraries/qld-goldcoast-hinterland
ITINERARY,fr/itineraries/sa-heysen-trail,fr/explore/itineraries/sa-heysen-trail
ITINERARY,fr/itineraries/vic-wilsons-prom,fr/explore/itineraries/vic-wilsons-prom
ITINERARY,fr/itineraries/nsw-six-foot-track,fr/explore/itineraries/nsw-six-foot-track
ITINERARY,fr/itineraries/act-capital-country,fr/explore/itineraries/act-capital-country
ITINERARY,fr/itineraries/act-poachers-way,fr/explore/itineraries/act-poachers-way
ITINERARY,fr/itineraries/rainforest-way,fr/explore/itineraries/rainforest-way
CATEGORY,fr/itineraries/adventure-journeys,fr/explore/itineraries-ideas/adventure-journeys
ITINERARY,fr/itineraries/wa-gibb-river-rd,fr/explore/itineraries/wa-gibb-river-rd
ITINERARY,fr/itineraries/nt-red-centre-way,fr/explore/itineraries/nt-red-centre-way
ITINERARY,fr/itineraries/sa-explorers-highway,fr/explore/itineraries/sa-explorers-highway
ITINERARY,fr/itineraries/wa-savannah,fr/explore/itineraries/wa-savannah
ITINERARY,fr/itineraries/qld-savannah-way,fr/explore/itineraries/qld-savannah-way
ITINERARY,fr/itineraries/sa-loop,fr/explore/itineraries/sa-loop
ITINERARY,fr/itineraries/nt-natures-way,fr/explore/itineraries/nt-natures-way
ITINERARY,fr/itineraries/nt-larapinta-trail,fr/explore/itineraries/nt-larapinta-trail
ITINERARY,fr/itineraries/sa-heysen-trail,fr/explore/itineraries/sa-heysen-trail
ITINERARY,fr/itineraries/qld-whitsundays-sailing,fr/explore/itineraries/qld-whitsundays-sailing
ITINERARY,fr/itineraries/wa-munda-biddi-trail,fr/explore/itineraries/wa-munda-biddi-trail
ITINERARY,fr/itineraries/crossing-nullarbor,fr/explore/itineraries/crossing-nullarbor
CATEGORY,fr/itineraries/aboriginal-discovery,fr/explore/itineraries-ideas/aboriginal-discovery
ITINERARY,fr/itineraries/nt-red-centre-way,fr/explore/itineraries/nt-red-centre-way
ITINERARY,fr/itineraries/nt-natures-way,fr/explore/itineraries/nt-natures-way
ITINERARY,fr/itineraries/sa-loop,fr/explore/itineraries/sa-loop
ITINERARY,fr/itineraries/vic-great-southern-touring-route,fr/explore/itineraries/vic-great-southern-touring-route
ITINERARY,fr/itineraries/tas-east-coast,fr/explore/itineraries/tas-east-coast
ITINERARY,fr/itineraries/sa-explorers-highway,fr/explore/itineraries/sa-explorers-highway
ITINERARY,fr/itineraries/wa-savannah,fr/explore/itineraries/wa-savannah
ITINERARY,fr/itineraries/wa-south-west-beaches-goldfields,fr/explore/itineraries/wa-south-west-beaches-goldfields
CATEGORY,fr/itineraries/walking-australia,fr/explore/itineraries-ideas/walking-australia
ITINERARY,fr/itineraries/tas-overland-track,fr/explore/itineraries/tas-overland-track
ITINERARY,fr/itineraries/act-australian-alps-walking-track,fr/explore/itineraries/act-australian-alps-walking-track
ITINERARY,fr/itineraries/qld-goldcoast-hinterland,fr/explore/itineraries/qld-goldcoast-hinterland
ITINERARY,fr/itineraries/sa-heysen-trail,fr/explore/itineraries/sa-heysen-trail
ITINERARY,fr/itineraries/nt-larapinta-trail,fr/explore/itineraries/nt-larapinta-trail
ITINERARY,fr/itineraries/vic-wilsons-prom,fr/explore/itineraries/vic-wilsons-prom
ITINERARY,fr/itineraries/nsw-six-foot-track,fr/explore/itineraries/nsw-six-foot-track
ITINERARY,fr/itineraries/wa-bibbulmun-track,fr/explore/itineraries/wa-bibbulmun-track
ITINERARY,fr/itineraries/nsw-kanangra-katoomba,fr/explore/itineraries/nsw-kanangra-katoomba
ITINERARY,fr/itineraries/sydney-coastal-walks,fr/explore/itineraries/sydney-coastal-walks
ITINERARY,fr/itineraries/hinchinbrook-island,fr/explore/itineraries/hinchinbrook-island
CATEGORY,fr/itineraries/holiday-ideas,fr/explore/itineraries-ideas/holiday-ideas
ITINERARY,fr/itineraries/nsw-3weeks-sydney,fr/explore/itineraries/nsw-3weeks-sydney
ITINERARY,fr/itineraries/vic-3weeks-melbourne,fr/explore/itineraries/vic-3weeks-melbourne
ITINERARY,fr/itineraries/qld-3weeks-brisbane,fr/explore/itineraries/qld-3weeks-brisbane
ITINERARY,fr/itineraries/wa-3weeks-perth,fr/explore/itineraries/wa-3weeks-perth
ITINERARY,fr/itineraries/sa-3weeks-adelaide,fr/explore/itineraries/sa-3weeks-adelaide
ITINERARY,fr/itineraries/nt-3weeks-darwin,fr/explore/itineraries/nt-3weeks-darwin
ITINERARY,fr/itineraries/qld-3weeks-cairns,fr/explore/itineraries/qld-3weeks-cairns
CATEGORY,fr/itineraries/city-journeys,fr/explore/itineraries-ideas/city-journeys
ITINERARY,fr/itineraries/nsw-3days-sydney,fr/explore/itineraries/nsw-3days-sydney
ITINERARY,fr/itineraries/vic-3days-melbourne,fr/explore/itineraries/vic-3days-melbourne
ITINERARY,fr/itineraries/qld-3days-brisbane,fr/explore/itineraries/qld-3days-brisbane
ITINERARY,fr/itineraries/wa-3days-perth,fr/explore/itineraries/wa-3days-perth
ITINERARY,fr/itineraries/sa-3days-adelaide,fr/explore/itineraries/sa-3days-adelaide
ITINERARY,fr/itineraries/nt-3days-darwin,fr/explore/itineraries/nt-3days-darwin
ITINERARY,fr/itineraries/tas-3days-hobart,fr/explore/itineraries/tas-3days-hobart
ITINERARY,fr/itineraries/act-3days-canberra,fr/explore/itineraries/act-3days-canberra
ITINERARY,fr/itineraries/qld-3days-cairns,fr/explore/itineraries/qld-3days-cairns
ITINERARY,fr/itineraries/nt-3days-alice-springs,fr/explore/itineraries/nt-3days-alice-springs
ITINERARY,fr/itineraries/wa-3days-broome,fr/explore/itineraries/wa-3days-broome
ITINERARY,fr/itineraries/qld-3days-gold-coast,fr/explore/itineraries/qld-3days-gold-coast
CATEGORY,fr/itineraries/australian-holiday-stories,fr/explore/things-to-do/australian-holiday-stories
ITINERARY,fr/itineraries/nsw-sydney-story,fr/explore/cities/sydney/nsw-sydney-story
ITINERARY,fr/itineraries/nt-uluru-story,fr/explore/icons/red-centre/nt-uluru-story
ITINERARY,fr/itineraries/wa-pinnacles-travel-story,fr/explore/states/wa/wa-pinnacles-travel-story
ITINERARY,fr/itineraries/tasman-national-park-story,fr/explore/states/tas/tasman-national-park-story
ITINERARY,fr/itineraries/margaret-river-story,fr/explore/states/wa/margaret-river-story
ITINERARY,fr/itineraries/sa-kangaroo-Island-story,fr/explore/icons/kangaroo-island/sa-kangaroo-Island-story
ITINERARY,fr/itineraries/nt-kakadu-story,fr/explore/icons/kakadu/nt-kakadu-story
ITINERARY,fr/itineraries/wa-kimberley-travel-story,fr/explore/icons/kimberley/wa-kimberley-travel-story
ITINERARY,fr/itineraries/liffey-falls-story,fr/explore/cities/hobart/liffey-falls-story
ITINERARY,fr/itineraries/port-campbell-travel-story,fr/explore/icons/great-ocean-road/port-campbell-travel-story
ITINERARY,fr/itineraries/qld-surfers-paradise-story,fr/explore/cities/gold-coast/qld-surfers-paradise-story
ITINERARY,fr/itineraries/bruny-travel-story,fr/explore/states/tas/bruny-travel-story
ITINERARY,fr/itineraries/qld-tangalooma-story,fr/explore/cities/brisbane/qld-tangalooma-story
ITINERARY,fr/itineraries/wa-karijini-story,fr/explore/states/wa/wa-karijini-story
ITINERARY,fr/itineraries/act-tharwa-story,fr/explore/cities/canberra/act-tharwa-story
ITINERARY,fr/itineraries/wa-valley-of-the-giants-story,fr/explore/states/wa/wa-valley-of-the-giants-story
ITINERARY,fr/itineraries/wa-wave-rock-story,fr/explore/states/wa/wa-wave-rock-story
EVENT LANDING,fr/events/major-events,fr/explore/australian-events/major-events
EVENT LANDING,fr/events/sporting-events,fr/explore/australian-events/sporting-events
EVENT LANDING,fr/events/horse-racing-events,fr/explore/australian-events/horse-racing-events
EVENT LANDING,fr/events/beaches-events,fr/explore/australian-events/beaches-events
EVENT LANDING,fr/events/culture-events,fr/explore/australian-events/culture-events
EVENT LANDING,fr/events/art-events,fr/explore/australian-events/art-events
EVENT LANDING,fr/events/music-festivals-events,fr/explore/australian-events/music-festivals-events
EVENT LANDING,fr/events/food-wine-events,fr/explore/australian-events/food-wine-events
EVENT LANDING,fr/events/regional-outback-events,fr/explore/australian-events/regional-outback-events
EVENT LANDING,fr/events/aboriginal-events,fr/explore/australian-events/aboriginal-events
EVENT LANDING,fr/events/natural-events,fr/explore/australian-events/natural-events
EVENT LANDING,fr/events/nat-uniquely-australian-events,fr/explore/australian-events/nat-uniquely-australian-events
EVENT ARTICLE ,fr/events/2014/january/tour-down-under,fr/explore/events/tour-down-under
EVENT ARTICLE ,fr/events/2014/february/australian-open,fr/explore/events/australian-open
EVENT ARTICLE ,fr/events/2014/march/australia-day,fr/explore/events/australia-day
EVENT ARTICLE ,fr/events/2014/april/melbourne-food-and-wine-festival,fr/explore/events/melbourne-food-and-wine-festival
EVENT ARTICLE ,fr/events/2014/may/vic-australian-grand-prix,fr/explore/events/vic-australian-grand-prix
EVENT ARTICLE ,fr/events/2014/june/opera-sydney-harbour,fr/explore/events/opera-sydney-harbour
EVENT ARTICLE ,fr/events/2014/july/sydney-royal-easter-show,fr/explore/events/sydney-royal-easter-show
EVENT ARTICLE ,fr/events/2014/august/vivid-sydney,fr/explore/events/vivid-sydney
EVENT ARTICLE ,fr/events/2014/september/british-lions-2013,fr/explore/events/british-lions-2013
EVENT ARTICLE ,fr/events/2014/october/australias-running-events,fr/explore/events/australias-running-events
EVENT ARTICLE ,fr/events/2014/november/floriade,fr/explore/events/floriade
EVENT ARTICLE ,fr/events/2014/december/afl-events,fr/explore/events/afl-events
EVENT ARTICLE ,fr/events/2014/january/melbourne-cup-carnival,fr/explore/events/melbourne-cup-carnival
EVENT ARTICLE ,fr/events/2014/february/syd-hobart-yacht-race,fr/explore/events/syd-hobart-yacht-race
EVENT ARTICLE ,fr/events/2014/march/nat-new-years-fireworks,fr/explore/events/nat-new-years-fireworks
EVENT ARTICLE ,fr/events/2014/april/sydney-mardi-gras,fr/explore/events/sydney-mardi-gras
EVENT ARTICLE ,fr/events/2014/may/jazz-blues-classical-festivals,fr/explore/events/jazz-blues-classical-festivals
EVENT ARTICLE ,fr/events/2014/june/indie-alternative-rock-festivals,fr/explore/events/indie-alternative-rock-festivals
EVENT ARTICLE ,fr/events/2014/july/folk-country-world-music-festivals,fr/explore/events/folk-country-world-music-festivals
EVENT ARTICLE ,fr/events/2014/august/horse-racing-events-article,fr/explore/events/horse-racing-events-article
EVENT ARTICLE ,fr/events/2014/september/act-canberra-balloon-fiesta,fr/explore/events/act-canberra-balloon-fiesta
EVENT ARTICLE ,fr/events/2014/october/nat-film-festivals,fr/explore/events/nat-film-festivals
EVENT ARTICLE ,fr/events/2014/november/nsw-taste-of-orange,fr/explore/events/nsw-taste-of-orange
EVENT ARTICLE ,fr/events/2014/december/nt-henley-on-todd,fr/explore/events/nt-henley-on-todd
EVENT ARTICLE ,fr/events/2014/january/tas-taste-festival,fr/explore/events/tas-taste-festival
EVENT ARTICLE ,fr/events/2014/february/vic-spring-racing,fr/explore/events/vic-spring-racing
EVENT ARTICLE ,fr/events/2014/march/australias-motorsport-events,fr/explore/events/australias-motorsport-events
EVENT ARTICLE ,fr/events/2014/april/nsw-orange-food-week,fr/explore/events/nsw-orange-food-week
EVENT ARTICLE ,fr/events/2014/may/qld-coolangatta-ocean-swim,fr/explore/events/qld-coolangatta-ocean-swim
EVENT ARTICLE ,fr/events/2014/june/summer-cricket,fr/explore/events/summer-cricket
EVENT ARTICLE ,fr/events/2014/july/wa-ord-valley-muster,fr/explore/events/wa-ord-valley-muster
EVENT ARTICLE ,fr/events/2014/august/australias-grand-slam-tennis,fr/explore/events/australias-grand-slam-tennis
EVENT ARTICLE ,fr/events/2014/september/surfing-events,fr/explore/events/surfing-events
EVENT ARTICLE ,fr/events/2014/october/australian-theatre,fr/explore/events/australian-theatre
EVENT ARTICLE ,fr/events/2014/november/ashes-2013,fr/explore/events/ashes-2013
EVENT ARTICLE ,fr/events/2014/december/australias-cycling-events,fr/explore/events/australias-cycling-events
EVENT ARTICLE ,fr/events/2014/january/australias-golf-events,fr/explore/events/australias-golf-events
EVENT ARTICLE ,fr/events/2014/february/australias-oceans-swims,fr/explore/events/australias-oceans-swims
EVENT ARTICLE ,fr/events/2014/march/bledisloe-cup,fr/explore/events/bledisloe-cup
EVENT ARTICLE ,fr/events/2014/april/endurance-events,fr/explore/events/endurance-events
EVENT ARTICLE ,fr/events/2014/may/sa-tasting-australia,fr/explore/events/sa-tasting-australia
EVENT ARTICLE ,fr/events/2014/june/australian-opera,fr/explore/events/australian-opera
EVENT ARTICLE ,fr/events/2014/july/sa-outback-cattle-drive,fr/explore/events/sa-outback-cattle-drive
EVENT ARTICLE ,fr/events/2014/august/wa-margaret-river-wine-festival,fr/explore/events/wa-margaret-river-wine-festival
EVENT ARTICLE ,fr/events/2014/september/surf-life-saving-events,fr/explore/events/surf-life-saving-events
CATEGORY,fr/categories/outback-australia,fr/about/australias-landscapes/outback-australia
ARTICLE,fr/places/nsw/mungo,fr/explore/states/nsw/nsw-mungo
ARTICLE,fr/articles/outback,fr/about/australias-landscapes/outback/outback
ARTICLE,fr/articles/houseboating-murray-river,fr/explore/things-to-do/australian-adventure/houseboating-murray-river
ARTICLE,fr/articles/glamping-australia,fr/explore/things-to-do/australian-adventure/glamping-australia
ARTICLE,fr/articles/outback-cattle-drive,fr/explore/events/sa-outback-cattle-drive
CATEGORY,fr/categories/aboriginal-australia,fr/explore/things-to-do/aboriginal-australia
ARTICLE,fr/articles/aboriginal,fr/explore/things-to-do/aboriginal-australia/aboriginal
CITY ,fr/places/nt/alice-springs,fr/explore/cities/alice-springs
CATEGORY,fr/categories/food-and-wine,fr/explore/things-to-do/food-and-wine
ARTICLE,fr/articles/australian-wineries,fr/about/australias-landscapes/australian-wineries
ARTICLE,fr/articles/ultimate-wineries,fr/explore/things-to-do/ultimate-wineries
CATEGORY,fr/categories/art-music-culture,fr/about/culture-history/culture
ARTICLE,fr/articles/australian-art,fr/about/culture-history/australian-art
ARTICLE,fr/articles/shopping,fr/explore/things-to-do/shopping
ARTICLE,fr/articles/shopping/nat-shopping,fr/explore/things-to-do/shopping/nat-shopping
ARTICLE,fr/articles/shopping/nat-australias-markets,fr/explore/things-to-do/shopping/nat-australias-markets
ARTICLE,fr/articles/shopping/australias-opals,fr/explore/things-to-do/shopping/australias-opals
ARTICLE,fr/articles/shopping/australian-souvenirs,fr/explore/things-to-do/shopping/australian-souvenirs
ARTICLE,fr/articles/famous-australians,fr/about/culture-history/famous-australians
CATEGORY,fr/categories/australias-islands,fr/about/australias-landscapes/australias-islands
ARTICLE,fr/places/qld/tangalooma,fr/explore/states/qld/tangalooma
ARTICLE,fr/places/qld/whitsundays-islands,fr/explore/icons/great-barrier-reef/whitsundays-islands
ARTICLE,fr/places/tas/tas-bass-strait-islands,fr/explore/states/tas/tas-bass-strait-islands
ARTICLE,fr/places/nsw/nsw-lord-howe-island,fr/explore/states/nsw/nsw-lord-howe-island
ARTICLE,fr/places/nt/tiwi-islands,fr/about/australias-landscapes/australias-islands/tiwi-islands
CATEGORY,fr/categories/nature and wildlife,fr/about/australias-landscapes/nature
ARTICLE,fr/articles/natural-australia,fr/explore/things-to-do/natural-australia
ARTICLE,fr/articles/nat-australias-rainforests,fr/explore/things-to-do/nature/nat-australias-rainforests
ARTICLE,fr/articles/world-heritage-sites-australia,fr/explore/things-to-do/nature/world-heritage-sites-australia
ARTICLE,fr/facts/plants,fr/about/key-facts/plants
CATEGORY,fr/categories/beaches ,fr/about/australias-landscapes/australian-beaches
ARTICLE,fr/articles/coastal,fr/about/australias-landscapes/coastal
ARTICLE,fr/articles/sydney-beaches,fr/explore/cities/sydney/nsw-sydney-beaches
CATEGORY,fr/categories/australian-sport ,fr/explore/things-to-do/australian-adventure/nat-australian-sport
ARTICLE,fr/articles/australias-stadiums-venues,fr/about/culture-history/australias-stadiums-venues
ARTICLE,fr/articles/great-golf-courses,fr/explore/things-to-do/great-golf-courses
CATEGORY,fr/categories/australian-adventure,fr/explore/things-to-do/australian-adventure
ARTICLE,fr/articles/great-walks,fr/explore/things-to-do/great-walks
ARTICLE,fr/articles/great-luxury-lodges,fr/explore/things-to-do/great-luxury-lodges
CATEGORY  ,fr/categories/youthful-travellers,fr/explore/things-to-do/youthful-travellers
ARTICLE,fr/planning/working-holiday-visa,fr/plan/before-you-go/working-holiday-visa
ARTICLE,fr/planning/working-holiday-visa-faq,fr/plan/before-you-go/working-holiday-visa-faq
ARTICLE,fr/planning/work-study-abroad,fr/plan/before-you-go/work-study-abroad
CATEGORY ,fr/facts,fr/about
CATEGORY ,fr/facts/weather,fr/about/key-facts/weather
ARTICLE,fr/facts/sydney-weather,fr/about/key-facts/weather/sydney-weather
ARTICLE,fr/facts/melbourne-weather,fr/about/key-facts/weather/melbourne-weather
ARTICLE,fr/facts/adelaide-weather,fr/about/key-facts/weather/adelaide-weather
ARTICLE,fr/facts/perth-weather,fr/about/key-facts/weather/perth-weather
ARTICLE,fr/facts/brisbane-weather,fr/about/key-facts/weather/brisbane-weather
ARTICLE,fr/facts/cairns-weather,fr/about/key-facts/weather/cairns-weather
ARTICLE,fr/facts/hobart-weather,fr/about/key-facts/weather/hobart-weather
ARTICLE,fr/facts/canberra-weather,fr/about/key-facts/weather/canberra-weather
ARTICLE,fr/facts/alice-springs-weather,fr/about/key-facts/weather/alice-springs-weather
ARTICLE,fr/facts/broome-weather,fr/about/key-facts/weather/broome-weather
ARTICLE,fr/facts/darwin-weather,fr/about/key-facts/weather/darwin-weather
ARTICLE,fr/facts/gold-coast-weather,fr/about/key-facts/weather/gold-coast-weather
ARTICLE,fr/planning/tips-hazards,fr/plan/while-your-here/tips-hazards
CATEGORY ,fr/facts/australias-seasons,fr/about/australias-landscapes/australias-seasons
ARTICLE,fr/facts/australias-seasons/summer,fr/about/australias-landscapes/australias-seasons/summer
ARTICLE,fr/facts/australias-seasons/autumn,fr/about/australias-landscapes/australias-seasons/autumn
ARTICLE,fr/facts/australias-seasons/winter,fr/about/australias-landscapes/australias-seasons/winter
ARTICLE,fr/facts/australias-seasons/spring,fr/about/australias-landscapes/australias-seasons/spring
ARTICLE,fr/planning/getting-there,fr/plan/plan-your-trip/getting-there
CATEGORY ,fr/planning/planning-a-trip,fr/plan/before-you-go/planning-a-trip
ARTICLE,fr/facts/currency,fr/about/key-facts/currency
ARTICLE,fr/facts/time-zones,fr/about/key-facts/time-zones
ARTICLE,fr/planning/getting-around,fr/plan/while-your-here/getting-around
ARTICLE,fr/planning/road-safety,fr/plan/while-your-here/road-safety
ARTICLE,fr/facts/cities-states-territories,fr/about/key-facts/cities-states-territories
ARTICLE,fr/planning/visa-information,fr/plan/before-you-go/visa-information
ARTICLE,fr/planning/customs-quarantine,fr/plan/before-you-go/customs-quarantine
ASP SEARCH,fr/planning/find-travel-agent,fr/plan/plan-your-trip/find-travel-agent
ARTICLE,fr/facts/emergency-services,fr/about/key-facts/emergency-services
MAP IFRAME,explore,explore
SITE MAP,sitemap,sitemap
PRIVACY POLICY ,privacypolicy,privacypolicy
TERMS&CONDS,terms-conditions,terms-conditions
DISCLAIMER ,disclaimer,disclaimer
CAMPAIGN,nationallandscapes,nationallandscapes
CAMPAIGN,fr/campaigns/nationallandscapes/AustralianAlps,fr/campaigns/nationallandscapes/AustralianAlps.htm
CAMPAIGN,fr/campaigns/nationallandscapes/AustraliasCoastalWilderness,fr/campaigns/nationallandscapes/AustraliasCoastalWilderness.htm
CAMPAIGN,fr/campaigns/nationallandscapes/AustraliasGreenCauldron,fr/campaigns/nationallandscapes/AustraliasGreenCauldron.htm
CAMPAIGN,fr/campaigns/nationallandscapes/FlindersRanges,fr/campaigns/nationallandscapes/FlindersRanges.htm
CAMPAIGN,fr/campaigns/nationallandscapes/AustraliasRedCentre,fr/campaigns/nationallandscapes/AustraliasRedCentre.htm
CAMPAIGN,fr/campaigns/nationallandscapes/GreatBarrierReef,fr/campaigns/nationallandscapes/GreatBarrierReef.htm
CAMPAIGN,fr/campaigns/nationallandscapes/GreatOceanRoad,fr/campaigns/nationallandscapes/GreatOceanRoad.htm
CAMPAIGN,fr/campaigns/nationallandscapes/GreaterBlueMountains,fr/campaigns/nationallandscapes/GreaterBlueMountains.htm
CAMPAIGN,fr/campaigns/nationallandscapes/Great-South-West-Edge,fr/campaigns/nationallandscapes/Great-South-West-Edge.htm
CAMPAIGN,fr/campaigns/nationallandscapes/Australias-Timeless-North,fr/campaigns/nationallandscapes/Australias-Timeless-North.htm
CAMPAIGN,fr/campaigns/nationallandscapes/KangarooIsland,fr/campaigns/nationallandscapes/KangarooIsland.htm
CAMPAIGN,fr/campaigns/nationallandscapes/NingalooSharkBay,fr/campaigns/nationallandscapes/NingalooSharkBay.htm
CAMPAIGN,fr/campaigns/nationallandscapes/SydneyHarbour,fr/campaigns/nationallandscapes/SydneyHarbour.htm
CAMPAIGN,fr/campaigns/nationallandscapes/TasmaniasIslandHeritage,fr/campaigns/nationallandscapes/TasmaniasIslandHeritage.htm
CAMPAIGN,fr/campaigns/nationallandscapes/TheKimberley,fr/campaigns/nationallandscapes/TheKimberley.htm
CAMPAIGN,fr/campaigns/nationallandscapes/wettropics,fr/campaigns/nationallandscapes/wettropics.htm
CAMPAIGN,fr/campaigns/nothinglike/au,fr/campaigns/nothinglike/au/index.htm
CAMPAIGN,fr/campaigns/nothinglike/au/bungle-bungles,fr/campaigns/nothinglike/au/bungle-bungles.htm
CAMPAIGN,fr/campaigns/nothinglike/au/bungle-bungles-product1,fr/campaigns/nothinglike/au/bungle-bungles-product1.htm
CAMPAIGN,fr/campaigns/nothinglike/au/bungle-bungles-product2,fr/campaigns/nothinglike/au/bungle-bungles-product2.htm
CAMPAIGN,fr/campaigns/nothinglike/au/bungle-bungles-product3,fr/campaigns/nothinglike/au/bungle-bungles-product3.htm
CAMPAIGN,fr/campaigns/nothinglike/au/bungle-bungles-product4,fr/campaigns/nothinglike/au/bungle-bungles-product4.htm
CAMPAIGN,fr/campaigns/nothinglike/au/bungle-bungles-product5,fr/campaigns/nothinglike/au/bungle-bungles-product5.htm
CAMPAIGN,fr/campaigns/nothinglike/au/bungle-bungles-product6,fr/campaigns/nothinglike/au/bungle-bungles-product6.htm
CAMPAIGN,fr/campaigns/nothinglike/au/bungle-bungles-product7,fr/campaigns/nothinglike/au/bungle-bungles-product7.htm
CAMPAIGN,fr/campaigns/nothinglike/au/bungle-bungles-product8,fr/campaigns/nothinglike/au/bungle-bungles-product8.htm
CAMPAIGN,fr/campaigns/nothinglike/au/bungle-bungles-product9,fr/campaigns/nothinglike/au/bungle-bungles-product9.htm
CAMPAIGN,fr/campaigns/nothinglike/au/bungle-bungles-product10,fr/campaigns/nothinglike/au/bungle-bungles-product10.htm
CAMPAIGN,fr/campaigns/nothinglike/au/bungle-bungles-itinerary,fr/campaigns/nothinglike/au/bungle-bungles-itinerary.htm
CAMPAIGN,fr/campaigns/nothinglike/au/bungle-bungles-itinerary2,fr/campaigns/nothinglike/au/bungle-bungles-itinerary2.htm
CAMPAIGN,fr/campaigns/nothinglike/au/bungle-bungles-itinerary3,fr/campaigns/nothinglike/au/bungle-bungles-itinerary3.htm
CAMPAIGN,fr/campaigns/nothinglike/au/bungle-bungles-itinerary4,fr/campaigns/nothinglike/au/bungle-bungles-itinerary4.htm
CAMPAIGN,fr/campaigns/nothinglike/au/bungle-bungles-experiences,fr/campaigns/nothinglike/au/bungle-bungles-experiences.htm
CAMPAIGN,fr/campaigns/nothinglike/au/canberra,fr/campaigns/nothinglike/au/canberra.htm
CAMPAIGN,fr/campaigns/nothinglike/au/canberra-product1,fr/campaigns/nothinglike/au/canberra-product1.htm
CAMPAIGN,fr/campaigns/nothinglike/au/canberra-product2,fr/campaigns/nothinglike/au/canberra-product2.htm
CAMPAIGN,fr/campaigns/nothinglike/au/canberra-product3,fr/campaigns/nothinglike/au/canberra-product3.htm
CAMPAIGN,fr/campaigns/nothinglike/au/canberra-product4,fr/campaigns/nothinglike/au/canberra-product4.htm
CAMPAIGN,fr/campaigns/nothinglike/au/canberra-product5,fr/campaigns/nothinglike/au/canberra-product5.htm
CAMPAIGN,fr/campaigns/nothinglike/au/canberra-product6,fr/campaigns/nothinglike/au/canberra-product6.htm
CAMPAIGN,fr/campaigns/nothinglike/au/canberra-product7,fr/campaigns/nothinglike/au/canberra-product7.htm
CAMPAIGN,fr/campaigns/nothinglike/au/canberra-product8,fr/campaigns/nothinglike/au/canberra-product8.htm
CAMPAIGN,fr/campaigns/nothinglike/au/canberra-product9,fr/campaigns/nothinglike/au/canberra-product9.htm
CAMPAIGN,fr/campaigns/nothinglike/au/canberra-product10,fr/campaigns/nothinglike/au/canberra-product10.htm
CAMPAIGN,fr/campaigns/nothinglike/au/canberra-product11,fr/campaigns/nothinglike/au/canberra-product11.htm
CAMPAIGN,fr/campaigns/nothinglike/au/canberra-itinerary,fr/campaigns/nothinglike/au/canberra-itinerary.htm
CAMPAIGN,fr/campaigns/nothinglike/au/canberra-itinerary2,fr/campaigns/nothinglike/au/canberra-itinerary2.htm
CAMPAIGN,fr/campaigns/nothinglike/au/canberra-itinerary3,fr/campaigns/nothinglike/au/canberra-itinerary3.htm
CAMPAIGN,fr/campaigns/nothinglike/au/canberra-itinerary4,fr/campaigns/nothinglike/au/canberra-itinerary4.htm
CAMPAIGN,fr/campaigns/nothinglike/au/canberra-experiences,fr/campaigns/nothinglike/au/canberra-experiences.htm
CAMPAIGN,fr/campaigns/nothinglike/au/cape-leveque,fr/campaigns/nothinglike/au/cape-leveque.htm
CAMPAIGN,fr/campaigns/nothinglike/au/cape-leveque-product1,fr/campaigns/nothinglike/au/cape-leveque-product1.htm
CAMPAIGN,fr/campaigns/nothinglike/au/cape-leveque-product2,fr/campaigns/nothinglike/au/cape-leveque-product2.htm
CAMPAIGN,fr/campaigns/nothinglike/au/cape-leveque-product3,fr/campaigns/nothinglike/au/cape-leveque-product3.htm
CAMPAIGN,fr/campaigns/nothinglike/au/cape-leveque-product4,fr/campaigns/nothinglike/au/cape-leveque-product4.htm
CAMPAIGN,fr/campaigns/nothinglike/au/cape-leveque-product5,fr/campaigns/nothinglike/au/cape-leveque-product5.htm
CAMPAIGN,fr/campaigns/nothinglike/au/cape-leveque-product6,fr/campaigns/nothinglike/au/cape-leveque-product6.htm
CAMPAIGN,fr/campaigns/nothinglike/au/cape-leveque-product7,fr/campaigns/nothinglike/au/cape-leveque-product7.htm
CAMPAIGN,fr/campaigns/nothinglike/au/cape-leveque-product8,fr/campaigns/nothinglike/au/cape-leveque-product8.htm
CAMPAIGN,fr/campaigns/nothinglike/au/cape-leveque-product9,fr/campaigns/nothinglike/au/cape-leveque-product9.htm
CAMPAIGN,fr/campaigns/nothinglike/au/cape-leveque-product10,fr/campaigns/nothinglike/au/cape-leveque-product10.htm
CAMPAIGN,fr/campaigns/nothinglike/au/cape-leveque-itinerary,fr/campaigns/nothinglike/au/cape-leveque-itinerary.htm
CAMPAIGN,fr/campaigns/nothinglike/au/cape-leveque-itinerary2,fr/campaigns/nothinglike/au/cape-leveque-itinerary2.htm
CAMPAIGN,fr/campaigns/nothinglike/au/cape-leveque-itinerary3,fr/campaigns/nothinglike/au/cape-leveque-itinerary3.htm
CAMPAIGN,fr/campaigns/nothinglike/au/cape-leveque-itinerary4,fr/campaigns/nothinglike/au/cape-leveque-itinerary4.htm
CAMPAIGN,fr/campaigns/nothinglike/au/cape-leveque-itinerary5,fr/campaigns/nothinglike/au/cape-leveque-itinerary5.htm
CAMPAIGN,fr/campaigns/nothinglike/au/cape-leveque-experiences,fr/campaigns/nothinglike/au/cape-leveque-experiences.htm
CAMPAIGN,fr/campaigns/nothinglike/au/el-questro,fr/campaigns/nothinglike/au/el-questro.htm
CAMPAIGN,fr/campaigns/nothinglike/au/el-questro-product1,fr/campaigns/nothinglike/au/el-questro-product1.htm
CAMPAIGN,fr/campaigns/nothinglike/au/el-questro-product2,fr/campaigns/nothinglike/au/el-questro-product2.htm
CAMPAIGN,fr/campaigns/nothinglike/au/el-questro-product3,fr/campaigns/nothinglike/au/el-questro-product3.htm
CAMPAIGN,fr/campaigns/nothinglike/au/el-questro-product4,fr/campaigns/nothinglike/au/el-questro-product4.htm
CAMPAIGN,fr/campaigns/nothinglike/au/el-questro-product5,fr/campaigns/nothinglike/au/el-questro-product5.htm
CAMPAIGN,fr/campaigns/nothinglike/au/el-questro-product6,fr/campaigns/nothinglike/au/el-questro-product6.htm
CAMPAIGN,fr/campaigns/nothinglike/au/el-questro-product7,fr/campaigns/nothinglike/au/el-questro-product7.htm
CAMPAIGN,fr/campaigns/nothinglike/au/el-questro-product8,fr/campaigns/nothinglike/au/el-questro-product8.htm
CAMPAIGN,fr/campaigns/nothinglike/au/el-questro-product9,fr/campaigns/nothinglike/au/el-questro-product9.htm
CAMPAIGN,fr/campaigns/nothinglike/au/el-questro-product10,fr/campaigns/nothinglike/au/el-questro-product10.htm
CAMPAIGN,fr/campaigns/nothinglike/au/el-questro-itinerary,fr/campaigns/nothinglike/au/el-questro-itinerary.htm
CAMPAIGN,fr/campaigns/nothinglike/au/el-questro-itinerary2,fr/campaigns/nothinglike/au/el-questro-itinerary2.htm
CAMPAIGN,fr/campaigns/nothinglike/au/el-questro-itinerary3,fr/campaigns/nothinglike/au/el-questro-itinerary3.htm
CAMPAIGN,fr/campaigns/nothinglike/au/el-questro-itinerary4,fr/campaigns/nothinglike/au/el-questro-itinerary4.htm
CAMPAIGN,fr/campaigns/nothinglike/au/el-questro-experiences,fr/campaigns/nothinglike/au/el-questro-experiences.htm
CAMPAIGN,fr/campaigns/nothinglike/au/freycinet,fr/campaigns/nothinglike/au/freycinet.htm
CAMPAIGN,fr/campaigns/nothinglike/au/freycinet-product1,fr/campaigns/nothinglike/au/freycinet-product1.htm
CAMPAIGN,fr/campaigns/nothinglike/au/freycinet-product2,fr/campaigns/nothinglike/au/freycinet-product2.htm
CAMPAIGN,fr/campaigns/nothinglike/au/freycinet-product3,fr/campaigns/nothinglike/au/freycinet-product3.htm
CAMPAIGN,fr/campaigns/nothinglike/au/freycinet-product5,fr/campaigns/nothinglike/au/freycinet-product5.htm
CAMPAIGN,fr/campaigns/nothinglike/au/freycinet-product6,fr/campaigns/nothinglike/au/freycinet-product6.htm
CAMPAIGN,fr/campaigns/nothinglike/au/freycinet-product7,fr/campaigns/nothinglike/au/freycinet-product7.htm
CAMPAIGN,fr/campaigns/nothinglike/au/freycinet-product8,fr/campaigns/nothinglike/au/freycinet-product8.htm
CAMPAIGN,fr/campaigns/nothinglike/au/freycinet-product9,fr/campaigns/nothinglike/au/freycinet-product9.htm
CAMPAIGN,fr/campaigns/nothinglike/au/freycinet-product10,fr/campaigns/nothinglike/au/freycinet-product10.htm
CAMPAIGN,fr/campaigns/nothinglike/au/freycinet-itinerary,fr/campaigns/nothinglike/au/freycinet-itinerary.htm
CAMPAIGN,fr/campaigns/nothinglike/au/freycinet-itinerary2,fr/campaigns/nothinglike/au/freycinet-itinerary2.htm
CAMPAIGN,fr/campaigns/nothinglike/au/freycinet-itinerary3,fr/campaigns/nothinglike/au/freycinet-itinerary3.htm
CAMPAIGN,fr/campaigns/nothinglike/au/freycinet-itinerary4,fr/campaigns/nothinglike/au/freycinet-itinerary4.htm
CAMPAIGN,fr/campaigns/nothinglike/au/freycinet-itinerary5,fr/campaigns/nothinglike/au/freycinet-itinerary5.htm
CAMPAIGN,fr/campaigns/nothinglike/au/freycinet-experiences,fr/campaigns/nothinglike/au/freycinet-experiences.htm
CAMPAIGN,fr/campaigns/nothinglike/au/gold-coast,fr/campaigns/nothinglike/au/gold-coast.htm
CAMPAIGN,fr/campaigns/nothinglike/au/gold-coast-product1,fr/campaigns/nothinglike/au/gold-coast-product1.htm
CAMPAIGN,fr/campaigns/nothinglike/au/gold-coast-product2,fr/campaigns/nothinglike/au/gold-coast-product2.htm
CAMPAIGN,fr/campaigns/nothinglike/au/gold-coast-product3,fr/campaigns/nothinglike/au/gold-coast-product3.htm
CAMPAIGN,fr/campaigns/nothinglike/au/gold-coast-product4,fr/campaigns/nothinglike/au/gold-coast-product4.htm
CAMPAIGN,fr/campaigns/nothinglike/au/gold-coast-product5,fr/campaigns/nothinglike/au/gold-coast-product5.htm
CAMPAIGN,fr/campaigns/nothinglike/au/gold-coast-product6,fr/campaigns/nothinglike/au/gold-coast-product6.htm
CAMPAIGN,fr/campaigns/nothinglike/au/gold-coast-product7,fr/campaigns/nothinglike/au/gold-coast-product7.htm
CAMPAIGN,fr/campaigns/nothinglike/au/gold-coast-product8,fr/campaigns/nothinglike/au/gold-coast-product8.htm
CAMPAIGN,fr/campaigns/nothinglike/au/gold-coast-product9,fr/campaigns/nothinglike/au/gold-coast-product9.htm
CAMPAIGN,fr/campaigns/nothinglike/au/gold-coast-product10,fr/campaigns/nothinglike/au/gold-coast-product10.htm
CAMPAIGN,fr/campaigns/nothinglike/au/gold-coast-itinerary,fr/campaigns/nothinglike/au/gold-coast-itinerary.htm
CAMPAIGN,fr/campaigns/nothinglike/au/gold-coast-itinerary2,fr/campaigns/nothinglike/au/gold-coast-itinerary2.htm
CAMPAIGN,fr/campaigns/nothinglike/au/gold-coast-itinerary3,fr/campaigns/nothinglike/au/gold-coast-itinerary3.htm
CAMPAIGN,fr/campaigns/nothinglike/au/gold-coast-itinerary4,fr/campaigns/nothinglike/au/gold-coast-itinerary4.htm
CAMPAIGN,fr/campaigns/nothinglike/au/gold-coast-experiences,fr/campaigns/nothinglike/au/gold-coast-experiences.htm
CAMPAIGN,fr/campaigns/nothinglike/au/great-ocean-road,fr/campaigns/nothinglike/au/great-ocean-road.htm
CAMPAIGN,fr/campaigns/nothinglike/au/great-ocean-road-product1,fr/campaigns/nothinglike/au/great-ocean-road-product1.htm
CAMPAIGN,fr/campaigns/nothinglike/au/great-ocean-road-product2,fr/campaigns/nothinglike/au/great-ocean-road-product2.htm
CAMPAIGN,fr/campaigns/nothinglike/au/great-ocean-road-product3,fr/campaigns/nothinglike/au/great-ocean-road-product3.htm
CAMPAIGN,fr/campaigns/nothinglike/au/great-ocean-road-product4,fr/campaigns/nothinglike/au/great-ocean-road-product4.htm
CAMPAIGN,fr/campaigns/nothinglike/au/great-ocean-road-product5,fr/campaigns/nothinglike/au/great-ocean-road-product5.htm
CAMPAIGN,fr/campaigns/nothinglike/au/great-ocean-road-product6,fr/campaigns/nothinglike/au/great-ocean-road-product6.htm
CAMPAIGN,fr/campaigns/nothinglike/au/great-ocean-road-product7,fr/campaigns/nothinglike/au/great-ocean-road-product7.htm
CAMPAIGN,fr/campaigns/nothinglike/au/great-ocean-road-product8,fr/campaigns/nothinglike/au/great-ocean-road-product8.htm
CAMPAIGN,fr/campaigns/nothinglike/au/great-ocean-road-itinerary,fr/campaigns/nothinglike/au/great-ocean-road-itinerary.htm
CAMPAIGN,fr/campaigns/nothinglike/au/great-ocean-road-itinerary2,fr/campaigns/nothinglike/au/great-ocean-road-itinerary2.htm
CAMPAIGN,fr/campaigns/nothinglike/au/great-ocean-road-itinerary3,fr/campaigns/nothinglike/au/great-ocean-road-itinerary3.htm
CAMPAIGN,fr/campaigns/nothinglike/au/great-ocean-road-itinerary4,fr/campaigns/nothinglike/au/great-ocean-road-itinerary4.htm
CAMPAIGN,fr/campaigns/nothinglike/au/great-ocean-road-itinerary5,fr/campaigns/nothinglike/au/great-ocean-road-itinerary5.htm
CAMPAIGN,fr/campaigns/nothinglike/au/great-ocean-road-experiences,fr/campaigns/nothinglike/au/great-ocean-road-experiences.htm
CAMPAIGN,fr/campaigns/nothinglike/au/hayman-island,fr/campaigns/nothinglike/au/hayman-island.htm
CAMPAIGN,fr/campaigns/nothinglike/au/hayman-island-product1,fr/campaigns/nothinglike/au/hayman-island-product1.htm
CAMPAIGN,fr/campaigns/nothinglike/au/hayman-island-product2,fr/campaigns/nothinglike/au/hayman-island-product2.htm
CAMPAIGN,fr/campaigns/nothinglike/au/hayman-island-product3,fr/campaigns/nothinglike/au/hayman-island-product3.htm
CAMPAIGN,fr/campaigns/nothinglike/au/hayman-island-product4,fr/campaigns/nothinglike/au/hayman-island-product4.htm
CAMPAIGN,fr/campaigns/nothinglike/au/hayman-island-product6,fr/campaigns/nothinglike/au/hayman-island-product6.htm
CAMPAIGN,fr/campaigns/nothinglike/au/hayman-island-product7,fr/campaigns/nothinglike/au/hayman-island-product7.htm
CAMPAIGN,fr/campaigns/nothinglike/au/hayman-island-product8,fr/campaigns/nothinglike/au/hayman-island-product8.htm
CAMPAIGN,fr/campaigns/nothinglike/au/hayman-island-product9,fr/campaigns/nothinglike/au/hayman-island-product9.htm
CAMPAIGN,fr/campaigns/nothinglike/au/hayman-island-product10,fr/campaigns/nothinglike/au/hayman-island-product10.htm
CAMPAIGN,fr/campaigns/nothinglike/au/hayman-island-itinerary,fr/campaigns/nothinglike/au/hayman-island-itinerary.htm
CAMPAIGN,fr/campaigns/nothinglike/au/hayman-island-itinerary2,fr/campaigns/nothinglike/au/hayman-island-itinerary2.htm
CAMPAIGN,fr/campaigns/nothinglike/au/hayman-island-itinerary3,fr/campaigns/nothinglike/au/hayman-island-itinerary3.htm
CAMPAIGN,fr/campaigns/nothinglike/au/hayman-island-itinerary4,fr/campaigns/nothinglike/au/hayman-island-itinerary4.htm
CAMPAIGN,fr/campaigns/nothinglike/au/hayman-island-experiences,fr/campaigns/nothinglike/au/hayman-island-experiences.htm
CAMPAIGN,fr/campaigns/nothinglike/au/kangaroo-island,fr/campaigns/nothinglike/au/kangaroo-island.htm
CAMPAIGN,fr/campaigns/nothinglike/au/kangaroo-island-product1,fr/campaigns/nothinglike/au/kangaroo-island-product1.htm
CAMPAIGN,fr/campaigns/nothinglike/au/kangaroo-island-product2,fr/campaigns/nothinglike/au/kangaroo-island-product2.htm
CAMPAIGN,fr/campaigns/nothinglike/au/kangaroo-island-product3,fr/campaigns/nothinglike/au/kangaroo-island-product3.htm
CAMPAIGN,fr/campaigns/nothinglike/au/kangaroo-island-product4,fr/campaigns/nothinglike/au/kangaroo-island-product4.htm
CAMPAIGN,fr/campaigns/nothinglike/au/kangaroo-island-product5,fr/campaigns/nothinglike/au/kangaroo-island-product5.htm
CAMPAIGN,fr/campaigns/nothinglike/au/kangaroo-island-product6,fr/campaigns/nothinglike/au/kangaroo-island-product6.htm
CAMPAIGN,fr/campaigns/nothinglike/au/kangaroo-island-product7,fr/campaigns/nothinglike/au/kangaroo-island-product7.htm
CAMPAIGN,fr/campaigns/nothinglike/au/kangaroo-island-product8,fr/campaigns/nothinglike/au/kangaroo-island-product8.htm
CAMPAIGN,fr/campaigns/nothinglike/au/kangaroo-island-product9,fr/campaigns/nothinglike/au/kangaroo-island-product9.htm
CAMPAIGN,fr/campaigns/nothinglike/au/kangaroo-island-product10,fr/campaigns/nothinglike/au/kangaroo-island-product10.htm
CAMPAIGN,fr/campaigns/nothinglike/au/kangaroo-island-itinerary,fr/campaigns/nothinglike/au/kangaroo-island-itinerary.htm
CAMPAIGN,fr/campaigns/nothinglike/au/kangaroo-island-itinerary2,fr/campaigns/nothinglike/au/kangaroo-island-itinerary2.htm
CAMPAIGN,fr/campaigns/nothinglike/au/kangaroo-island-itinerary3,fr/campaigns/nothinglike/au/kangaroo-island-itinerary3.htm
CAMPAIGN,fr/campaigns/nothinglike/au/kangaroo-island-experiences,fr/campaigns/nothinglike/au/kangaroo-island-experiences.htm
CAMPAIGN,fr/campaigns/nothinglike/au/lizard-island,fr/campaigns/nothinglike/au/lizard-island.htm
CAMPAIGN,fr/campaigns/nothinglike/au/lizard-island-product1,fr/campaigns/nothinglike/au/lizard-island-product1.htm
CAMPAIGN,fr/campaigns/nothinglike/au/lizard-island-product2,fr/campaigns/nothinglike/au/lizard-island-product2.htm
CAMPAIGN,fr/campaigns/nothinglike/au/lizard-island-product3,fr/campaigns/nothinglike/au/lizard-island-product3.htm
CAMPAIGN,fr/campaigns/nothinglike/au/lizard-island-product5,fr/campaigns/nothinglike/au/lizard-island-product5.htm
CAMPAIGN,fr/campaigns/nothinglike/au/lizard-island-product6,fr/campaigns/nothinglike/au/lizard-island-product6.htm
CAMPAIGN,fr/campaigns/nothinglike/au/lizard-island-product7,fr/campaigns/nothinglike/au/lizard-island-product7.htm
CAMPAIGN,fr/campaigns/nothinglike/au/lizard-island-product8,fr/campaigns/nothinglike/au/lizard-island-product8.htm
CAMPAIGN,fr/campaigns/nothinglike/au/lizard-island-product9,fr/campaigns/nothinglike/au/lizard-island-product9.htm
CAMPAIGN,fr/campaigns/nothinglike/au/melbourne,fr/campaigns/nothinglike/au/melbourne.htm
CAMPAIGN,fr/campaigns/nothinglike/au/melbourne-product1,fr/campaigns/nothinglike/au/melbourne-product1.htm
CAMPAIGN,fr/campaigns/nothinglike/au/melbourne-product2,fr/campaigns/nothinglike/au/melbourne-product2.htm
CAMPAIGN,fr/campaigns/nothinglike/au/melbourne-product3,fr/campaigns/nothinglike/au/melbourne-product3.htm
CAMPAIGN,fr/campaigns/nothinglike/au/melbourne-product4,fr/campaigns/nothinglike/au/melbourne-product4.htm
CAMPAIGN,fr/campaigns/nothinglike/au/melbourne-product5,fr/campaigns/nothinglike/au/melbourne-product5.htm
CAMPAIGN,fr/campaigns/nothinglike/au/melbourne-product6,fr/campaigns/nothinglike/au/melbourne-product6.htm
CAMPAIGN,fr/campaigns/nothinglike/au/melbourne-product7,fr/campaigns/nothinglike/au/melbourne-product7.htm
CAMPAIGN,fr/campaigns/nothinglike/au/melbourne-product8,fr/campaigns/nothinglike/au/melbourne-product8.htm
CAMPAIGN,fr/campaigns/nothinglike/au/melbourne-product9,fr/campaigns/nothinglike/au/melbourne-product9.htm
CAMPAIGN,fr/campaigns/nothinglike/au/melbourne-product10,fr/campaigns/nothinglike/au/melbourne-product10.htm
CAMPAIGN,fr/campaigns/nothinglike/au/melbourne-itinerary,fr/campaigns/nothinglike/au/melbourne-itinerary.htm
CAMPAIGN,fr/campaigns/nothinglike/au/melbourne-itinerary2,fr/campaigns/nothinglike/au/melbourne-itinerary2.htm
CAMPAIGN,fr/campaigns/nothinglike/au/melbourne-itinerary3,fr/campaigns/nothinglike/au/melbourne-itinerary3.htm
CAMPAIGN,fr/campaigns/nothinglike/au/melbourne-itinerary4,fr/campaigns/nothinglike/au/melbourne-itinerary4.htm
CAMPAIGN,fr/campaigns/nothinglike/au/melbourne-experiences,fr/campaigns/nothinglike/au/melbourne-experiences.htm
CAMPAIGN,fr/campaigns/nothinglike/au/sydney,fr/campaigns/nothinglike/au/sydney.htm
CAMPAIGN,fr/campaigns/nothinglike/au/sydney-product1,fr/campaigns/nothinglike/au/sydney-product1.htm
CAMPAIGN,fr/campaigns/nothinglike/au/sydney-product2,fr/campaigns/nothinglike/au/sydney-product2.htm
CAMPAIGN,fr/campaigns/nothinglike/au/sydney-product3,fr/campaigns/nothinglike/au/sydney-product3.htm
CAMPAIGN,fr/campaigns/nothinglike/au/sydney-product4,fr/campaigns/nothinglike/au/sydney-product4.htm
CAMPAIGN,fr/campaigns/nothinglike/au/sydney-product5,fr/campaigns/nothinglike/au/sydney-product5.htm
CAMPAIGN,fr/campaigns/nothinglike/au/sydney-product6,fr/campaigns/nothinglike/au/sydney-product6.htm
CAMPAIGN,fr/campaigns/nothinglike/au/sydney-product7,fr/campaigns/nothinglike/au/sydney-product7.htm
CAMPAIGN,fr/campaigns/nothinglike/au/sydney-product8,fr/campaigns/nothinglike/au/sydney-product8.htm
CAMPAIGN,fr/campaigns/nothinglike/au/sydney-product9,fr/campaigns/nothinglike/au/sydney-product9.htm
CAMPAIGN,fr/campaigns/nothinglike/au/sydney-product10,fr/campaigns/nothinglike/au/sydney-product10.htm
CAMPAIGN,fr/campaigns/nothinglike/au/sydney-product11,fr/campaigns/nothinglike/au/sydney-product11.htm
CAMPAIGN,fr/campaigns/nothinglike/au/sydney-itinerary,fr/campaigns/nothinglike/au/sydney-itinerary.htm
CAMPAIGN,fr/campaigns/nothinglike/au/sydney-itinerary2,fr/campaigns/nothinglike/au/sydney-itinerary2.htm
CAMPAIGN,fr/campaigns/nothinglike/au/sydney-itinerary3,fr/campaigns/nothinglike/au/sydney-itinerary3.htm
CAMPAIGN,fr/campaigns/nothinglike/au/sydney-itinerary4,fr/campaigns/nothinglike/au/sydney-itinerary4.htm
CAMPAIGN,fr/campaigns/nothinglike/au/sydney-experiences,fr/campaigns/nothinglike/au/sydney-experiences.htm
CAMPAIGN,fr/campaigns/nothinglike/au/uluru,fr/campaigns/nothinglike/au/uluru.htm
CAMPAIGN,fr/campaigns/nothinglike/au/uluru-product1,fr/campaigns/nothinglike/au/uluru-product1.htm
CAMPAIGN,fr/campaigns/nothinglike/au/uluru-product2,fr/campaigns/nothinglike/au/uluru-product2.htm
CAMPAIGN,fr/campaigns/nothinglike/au/uluru-product3,fr/campaigns/nothinglike/au/uluru-product3.htm
CAMPAIGN,fr/campaigns/nothinglike/au/uluru-product4,fr/campaigns/nothinglike/au/uluru-product4.htm
CAMPAIGN,fr/campaigns/nothinglike/au/uluru-product5,fr/campaigns/nothinglike/au/uluru-product5.htm
CAMPAIGN,fr/campaigns/nothinglike/au/uluru-product6,fr/campaigns/nothinglike/au/uluru-product6.htm
CAMPAIGN,fr/campaigns/nothinglike/au/uluru-product7,fr/campaigns/nothinglike/au/uluru-product7.htm
CAMPAIGN,fr/campaigns/nothinglike/au/uluru-product8,fr/campaigns/nothinglike/au/uluru-product8.htm
CAMPAIGN,fr/campaigns/nothinglike/au/uluru-product9,fr/campaigns/nothinglike/au/uluru-product9.htm
CAMPAIGN,fr/campaigns/nothinglike/au/uluru-itinerary,fr/campaigns/nothinglike/au/uluru-itinerary.htm
CAMPAIGN,fr/campaigns/nothinglike/au/uluru-experiences,fr/campaigns/nothinglike/au/uluru-experiences.htm
CAMPAIGN,fr/campaigns/nothinglike/au/wolgan-valley,fr/campaigns/nothinglike/au/wolgan-valley.htm
CAMPAIGN,fr/campaigns/nothinglike/au/wolgan-valley-product1,fr/campaigns/nothinglike/au/wolgan-valley-product1.htm
CAMPAIGN,fr/campaigns/nothinglike/au/wolgan-valley-product2,fr/campaigns/nothinglike/au/wolgan-valley-product2.htm
CAMPAIGN,fr/campaigns/nothinglike/au/wolgan-valley-product3,fr/campaigns/nothinglike/au/wolgan-valley-product3.htm
CAMPAIGN,fr/campaigns/nothinglike/au/wolgan-valley-product4,fr/campaigns/nothinglike/au/wolgan-valley-product4.htm
CAMPAIGN,fr/campaigns/nothinglike/au/wolgan-valley-product5,fr/campaigns/nothinglike/au/wolgan-valley-product5.htm
CAMPAIGN,fr/campaigns/nothinglike/au/wolgan-valley-product6,fr/campaigns/nothinglike/au/wolgan-valley-product6.htm
CAMPAIGN,fr/campaigns/nothinglike/au/wolgan-valley-product7,fr/campaigns/nothinglike/au/wolgan-valley-product7.htm
CAMPAIGN,fr/campaigns/nothinglike/au/wolgan-valley-product8,fr/campaigns/nothinglike/au/wolgan-valley-product8.htm
CAMPAIGN,fr/campaigns/nothinglike/au/wolgan-valley-product9,fr/campaigns/nothinglike/au/wolgan-valley-product9.htm
CAMPAIGN,fr/campaigns/nothinglike/au/wolgan-valley-product10,fr/campaigns/nothinglike/au/wolgan-valley-product10.htm
CAMPAIGN,fr/campaigns/nothinglike/au/wolgan-valley-itinerary,fr/campaigns/nothinglike/au/wolgan-valley-itinerary.htm
CAMPAIGN,fr/campaigns/nothinglike/au/wolgan-valley-itinerary2,fr/campaigns/nothinglike/au/wolgan-valley-itinerary2.htm
CAMPAIGN,fr/campaigns/nothinglike/au/wolgan-valley-itinerary3,fr/campaigns/nothinglike/au/wolgan-valley-itinerary3.htm
CAMPAIGN,fr/campaigns/nothinglike/au/wolgan-valley-itinerary4,fr/campaigns/nothinglike/au/wolgan-valley-itinerary4.htm
CAMPAIGN,fr/campaigns/nothinglike/au/wolgan-valley-itinerary5,fr/campaigns/nothinglike/au/wolgan-valley-itinerary5.htm
CAMPAIGN,fr/campaigns/nothinglike/au/wolgan-valley-itinerary6,fr/campaigns/nothinglike/au/wolgan-valley-itinerary6.htm
CAMPAIGN,fr/campaigns/nothinglike/au/wolgan-valley-experiences,fr/campaigns/nothinglike/au/wolgan-valley-experiences.htm
ARTICLE,fr/planning/australian-public-holidays,fr/plan/before-you-go/australian-public-holidays
ARTICLE,fr/planning/australian-school-holidays,fr/plan/before-you-go/australian-school-holidays
ARTICLE,fr/planning/health-safety,fr/plan/before-you-go/health-safety
ARTICLE,fr/planning/useful-tips,fr/plan/before-you-go/useful-tips
ARTICLE,fr/articles/australias-animals,fr/about/key-facts/australias-animals
ARTICLE,fr/articles/heritage-attractions,fr/about/culture-history/australian-culture/heritage-attractions
ARTICLE,fr/planning/backpacker-essentials,fr/plan/before-you-go/work-volunteer-study/backpacker-essentials
ARTICLE,fr/planning/backpacker-precincts,fr/plan/before-you-go/work-volunteer-study/backpacker-precincts
ARTICLE,fr/planning/youth-visa,fr/plan/before-you-go/work-volunteer-study/youth-visa
ARTICLE,fr/planning/planning-a-trip,fr/plan/before-you-go/planning-a-trip
ARTICLE,fr/articles/foa-holiday-favourites-au,foa-holiday-favourites-au
ARTICLE,fr/articles/foa-holiday-favourites-john-bertrand-au,foa-holiday-favourites-john-bertrand-au
ARTICLE,fr/articles/foa-holiday-favourites-terri-irwin-au,foa-holiday-favourites-terri-irwin-au
ARTICLE,fr/articles/foa-holiday-favourites-david-whitehill-au,foa-holiday-favourites-david-whitehill-au
ARTICLE,fr/articles/foa-holiday-favourites-steve-liebman-au,foa-holiday-favourites-steve-liebman-au
ARTICLE,fr/articles/foa-holiday-favourites-sophie-falkiner-au,foa-holiday-favourites-sophie-falkiner-au
CAMPAIGN,fr/campaigns/makingtracks/index,fr/campaigns/makingtracks/index.htm
CAMPAIGN,fr/campaigns/makingtracks/meet-the-musician-Andy-Bull,fr/campaigns/makingtracks/meet-the-musician-Andy-Bull.htm
CAMPAIGN,fr/campaigns/makingtracks/meet-the-musician-Desmond-NeySmith,fr/campaigns/makingtracks/meet-the-musician-Desmond-NeySmith.htm
CAMPAIGN,fr/campaigns/makingtracks/meet-the-musician-Dewayne-Everett-Smith,fr/campaigns/makingtracks/meet-the-musician-Dewayne-Everett-Smith.htm
CAMPAIGN,fr/campaigns/makingtracks/meet-the-musician-Irene-Chen,fr/campaigns/makingtracks/meet-the-musician-Irene-Chen.htm
CAMPAIGN,fr/campaigns/makingtracks/meet-the-musician-Jasmine-Beam,fr/campaigns/makingtracks/meet-the-musician-Jasmine-Beam.htm
CAMPAIGN,fr/campaigns/makingtracks/meet-the-musician-Luke-Web,fr/campaigns/makingtracks/meet-the-musician-Luke-Web.htm
CAMPAIGN,fr/campaigns/makingtracks/meet-the-musician-Samuel-Blair,fr/campaigns/makingtracks/meet-the-musician-Samuel-Blair.htm
CAMPAIGN,fr/campaigns/makingtracks/meet-the-musician-Stu-Cullen,fr/campaigns/makingtracks/meet-the-musician-Stu-Cullen.htm
CAMPAIGN,fr/campaigns/makingtracks/musical-pairs-luke-desmond,fr/campaigns/makingtracks/musical-pairs-luke-desmond.htm
CAMPAIGN,fr/campaigns/makingtracks/musical-pairs-andy-irene,fr/campaigns/makingtracks/musical-pairs-andy-irene.htm
CAMPAIGN,fr/campaigns/makingtracks/musical-pairs-dewayne-jasmine,fr/campaigns/makingtracks/musical-pairs-dewayne-jasmine.htm
CAMPAIGN,fr/campaigns/makingtracks/musical-pairs-stu-samuel,fr/campaigns/makingtracks/musical-pairs-stu-samuel.htm
