ICON,de/places/great-barrier-reef,de/explore/icons/great-barrier-reef
ICON,de/places/red-centre,de/explore/icons/red-centre
ICON,de/places/great-ocean-road,de/explore/icons/great-ocean-road
ICON,de/places/kakadu,de/explore/icons/kakadu
ICON,de/places/kimberley,de/explore/icons/kimberley
ICON,de/places/kangaroo-island,de/explore/icons/kangaroo-island
ICON,de/places/byron-bay,de/explore/icons/byron-bay
ICON,de/places/tas-wilderness,de/explore/icons/tas-wilderness
ICON,de/places/alps,de/explore/icons/alps
ICON,de/places/ningaloo,de/explore/icons/ningaloo
ICON,de/places/flinders,de/explore/icons/flinders
ICON,de/places/fraser-island,de/explore/icons/fraser-island
ICON,de/places/freycinet,de/explore/icons/freycinet
ICON,de/places/gippsland,de/explore/icons/gippsland
ICON,de/places/blue-mountains,de/explore/icons/blue-mountains
ICON,de/places/namadgi,de/explore/icons/namadgi
CITY,de/places/sydney,de/explore/cities/sydney
CITY,de/places/melbourne,de/explore/cities/melbourne
CITY,de/places/brisbane,de/explore/cities/brisbane
CITY,de/places/perth,de/explore/cities/perth
CITY,de/places/darwin,de/explore/cities/darwin
CITY,de/places/adelaide,de/explore/cities/adelaide
CITY,de/places/hobart,de/explore/cities/hobart
CITY,de/places/canberra,de/explore/cities/canberra
CITY,de/places/gold-coast,de/explore/cities/gold-coast
CITY,de/places/cairns,de/explore/cities/cairns
CITY,de/places/alice-springs,de/explore/cities/alice-springs
CITY,de/places/broome,de/explore/cities/broome
CATEGORY PAGE,de/places/regional-cities,de/explore/cities/regional-cities
CITY,de/places/nsw/orange,de/explore/events/nsw-taste-of-orange
CITY,de/places/qld/bundaberg-natural-attraction,de/explore/cities/regional-cities/bundaberg-natural-attraction
CITY,de/places/tas/launceston-devonport-burnie,de/explore/cities/regional-cities/tas-launceston-devonport-burnie
CITY,de/places/vic/bendigo,de/explore/states/vic/vic-bendigo
CITY,de/places/wa/albany,de/explore/cities/regional-cities/wa-albany
CITY,de/places/wa/kalgoorlie,de/explore/states/wa/wa-kalgoorlie
CITY,de/places/wa/kununurra,de/explore/states/wa/wa-kununurra
STATE,de/places/nsw,de/explore/states/nsw
ARTICLE,de/places/nsw/anz-stadium,de/about/culture-history/stadiums/anz-stadium
ARTICLE,de/places/nsw/allianz-stadium,de/about/culture-history/stadiums/allianz-stadium
ARTICLE,de/places/nsw/nsw-glebe,de/explore/cities/sydney/nsw-glebe
ARTICLE,de/places/nsw/sydney-the-rocks,de/explore/cities/sydney/sydney-the-rocks
ARTICLE,de/places/nsw/sydney-harbour-np,de/explore/cities/sydney/sydney-harbour-np
ARTICLE,de/places/nsw/nsw-manly-beach,de/explore/cities/sydney/nsw-manly-beach
ARTICLE,de/places/nsw/nsw-palm-beach,de/explore/cities/sydney/nsw-palm-beach
ARTICLE,de/places/nsw/nsw-bondi-beach,de/explore/cities/sydney/nsw-bondi-beach
ARTICLE,de/places/nsw/nsw-bondi-bronte,de/explore/cities/sydney/nsw-bondi-bronte
ARTICLE,de/places/nsw/nsw-coogee-beach,de/explore/cities/sydney/nsw-coogee-beach
ARTICLE,de/places/nsw/nsw-sydney-beaches,de/explore/cities/sydney/nsw-sydney-beaches
ARTICLE,de/places/nsw/coffs-harbour,de/explore/states/nsw/coffs-harbour
ARTICLE,de/places/nsw/nsw-spring-hunter-valley,de/explore/states/nsw/nsw-spring-hunter-valley
ARTICLE,de/places/nsw/nsw-jervis-bay,de/explore/states/nsw/nsw-jervis-bay
STATE,de/places/vic,de/explore/states/vic
ARTICLE,de/places/vic/flemington-racecourse-stadium,de/about/culture-history/stadiums/flemington-racecourse-stadium
ARTICLE,de/places/vic/melbourne-cricket-ground,de/about/culture-history/stadiums/melbourne-cricket-ground
ARTICLE,de/places/vic/rod-laver-arena,de/about/culture-history/stadiums/rod-laver-arena
ARTICLE,de/places/vic/etihad-stadium,de/about/culture-history/stadiums/etihad-stadium
ARTICLE,de/places/vic/melbourne-hidden-laneways,de/explore/cities/melbourne/melbourne-hidden-laneways
ARTICLE,de/places/vic/melbourne-rooftop-culture,de/explore/cities/melbourne/melbourne-rooftop-culture
ARTICLE,de/places/vic/vic-brunswick,de/explore/cities/melbourne/vic-brunswick
ARTICLE,de/places/vic/fed-square,de/explore/cities/melbourne/fed-square
ARTICLE,de/places/vic/st-kilda,de/explore/cities/melbourne/st-kilda
ARTICLE,de/places/vic/mornington-peninsula,de/explore/cities/melbourne/mornington-peninsula
ARTICLE,de/places/vic/vic-torquay,de/explore/states/vic/vic-torquay
ARTICLE,de/places/vic/vic-grampians,de/explore/states/vic/vic-grampians
ARTICLE,de/places/vic/vic-12-apostles,de/explore/states/vic/vic-12-apostles
ARTICLE,de/places/vic/vic-bendigo,de/explore/states/vic/vic-bendigo
ARTICLE,de/places/vic/vic-snow-play,de/explore/states/vic/vic-snow-play
STATE,de/places/qld,de/explore/states/qld
ARTICLE,de/places/qld/suncorp-stadium,de/about/culture-history/stadiums/suncorp-stadium
ARTICLE,de/places/qld/the-gabba,de/about/culture-history/stadiums/the-gabba
ARTICLE,de/places/qld/brisbane-culture-life,de/explore/cities/brisbane/brisbane-culture-life
ARTICLE,de/places/qld/qld-adventure-on-brisbane-river,de/explore/cities/brisbane/qld-adventure-on-brisbane-river
ARTICLE,de/places/qld/qld-surfing,de/explore/cities/gold-coast/qld-surfing
ARTICLE,de/places/qld/port-douglas,de/explore/cities/cairns/port-douglas
ARTICLE,de/places/qld/kuranda,de/explore/cities/cairns/kuranda
STATE,de/places/nt,de/explore/states/nt
ARTICLE,de/places/nt/darwin-historical-attractions,de/explore/cities/darwin/nt-darwin-historical-attractions
ARTICLE,de/places/nt/darwin-art-precincts,de/explore/cities/darwin/darwin-art-precincts
ARTICLE,de/places/nt/darwin-waterfront,de/explore/cities/darwin/darwin-waterfront
ARTICLE,de/places/nt/mindil-markets,de/explore/cities/darwin/nt-mindil-markets
STATE,de/places/wa,de/explore/states/wa
ARTICLE,de/places/wa/the-waca,de/about/culture-history/stadiums/the-waca
ARTICLE,de/places/wa/perth-city-precincts,de/explore/cities/perth/perth-city-precincts
ARTICLE,de/places/wa/cottesloe-beach,de/explore/cities/perth/wa-cottesloe-beach
ARTICLE,de/places/wa/rottnest-island,de/explore/cities/perth/rottnest-island
ARTICLE,de/places/wa/cable-beach,de/explore/cities/broome/wa-cable-beach
ARTICLE,de/places/wa/albany,de/explore/cities/regional-cities/wa-albany
STATE,de/places/sa,de/explore/states/sa
ARTICLE,de/places/sa/adelaide-oval,de/about/culture-history/stadiums/adelaide-oval
ARTICLE,de/places/sa/adelaide-central-market,de/explore/cities/adelaide/adelaide-central-market
ARTICLE,de/places/sa/glenelg-beach,de/explore/cities/adelaide/sa-glenelg-beach
ARTICLE,de/places/sa/hahndorf,de/explore/cities/adelaide/sa-hahndorf
STATE,de/places/tas,de/explore/states/tas
ARTICLE,de/places/tas/hobart-salamanca-place,de/explore/cities/hobart/hobart-salamanca-place
ARTICLE,de/places/tas/winter-secrets,de/explore/states/tas/tas-winter-secrets
STATE,de/places/act,de/explore/states/act
ARTICLE,de/places/act/canberra-stadium,de/about/culture-history/stadiums/canberra-stadium
ARTICLE,de/places/act/manuka-oval,de/about/culture-history/stadiums/manuka-oval
ARTICLE,de/places/act/canberra-aboriginal-art,de/explore/cities/canberra/canberra-aboriginal-art
ARTICLE,de/places/act/canberra-home-grown-shopping,de/explore/cities/canberra/canberra-home-grown-shopping
ARTICLE,de/places/act/fireside-festival,de/explore/cities/canberra/act-fireside-festival
CATEGORY,de/itineraries/holiday-ideas,de/explore/itineraries-ideas/holiday-ideas
CATEGORY,de/itineraries/drive-australia,de/explore/itineraries-ideas/drive-australia
ITINERARY,de/itineraries/nsw-pacific-coast-touring-route,de/explore/itineraries/nsw-pacific-coast-touring-route
ITINERARY,de/itineraries/nt-red-centre-way,de/explore/itineraries/nt-red-centre-way
ITINERARY,de/itineraries/qld-pacific-coast,de/explore/itineraries/qld-pacific-coast
ITINERARY,de/itineraries/nt-natures-way,de/explore/itineraries/nt-natures-way
ITINERARY,de/itineraries/nsw-sydney-to-melbourne-coastal-drive,de/explore/itineraries/nsw-sydney-to-melbourne-coastal-drive
ITINERARY,de/itineraries/wa-indian-ocean-drive,de/explore/itineraries/wa-indian-ocean-drive
ITINERARY,de/itineraries/vic-great-southern-touring-route,de/explore/itineraries/vic-great-southern-touring-route
ITINERARY,de/itineraries/wa-gibb-river-rd,de/explore/itineraries/wa-gibb-river-rd
ITINERARY,de/itineraries/melbourne-adelaide-gor,de/explore/itineraries/melbourne-adelaide-gor
ITINERARY,de/itineraries/tas-circle-tas,de/explore/itineraries/tas-circle-tas
ITINERARY,de/itineraries/sa-loop,de/explore/itineraries/sa-loop
ITINERARY,de/itineraries/tas-east-coast,de/explore/itineraries/tas-east-coast
ITINERARY,de/itineraries/sa-explorers-highway,de/explore/itineraries/sa-explorers-highway
CATEGORY,de/itineraries/coastal-journeys,de/explore/itineraries-ideas/coastal-journeys
ITINERARY,de/itineraries/vic-great-southern-touring-route,de/explore/itineraries/vic-great-southern-touring-route
ITINERARY,de/itineraries/nsw-pacific-coast-touring-route,de/explore/itineraries/nsw-pacific-coast-touring-route
ITINERARY,de/itineraries/qld-pacific-coast,de/explore/itineraries/qld-pacific-coast
ITINERARY,de/itineraries/nsw-sydney-to-melbourne-coastal-drive,de/explore/itineraries/nsw-sydney-to-melbourne-coastal-drive
ITINERARY,de/itineraries/wa-south-west-beaches-goldfields,de/explore/itineraries/wa-south-west-beaches-goldfields
ITINERARY,de/itineraries/vic-wilsons-prom,de/explore/itineraries/vic-wilsons-prom
ITINERARY,de/itineraries/qld-3days-gold-coast,de/explore/itineraries/qld-3days-gold-coast
ITINERARY,de/itineraries/wa-3days-broome,de/explore/itineraries/wa-3days-broome
ITINERARY,de/itineraries/tas-east-coast,de/explore/itineraries/tas-east-coast
ITINERARY,de/itineraries/qld-whitsundays-sailing,de/explore/itineraries/qld-whitsundays-sailing
ITINERARY,de/itineraries/qld-great-sunshine-way,de/explore/itineraries/qld-great-sunshine-way
ITINERARY,de/itineraries/qld-3days-cairns,de/explore/itineraries/qld-3days-cairns
ITINERARY,de/itineraries/wa-indian-ocean-drive,de/explore/itineraries/wa-indian-ocean-drive
ITINERARY,de/itineraries/qld-tropical-drive,de/explore/itineraries/qld-tropical-drive
ITINERARY,de/itineraries/melbourne-adelaide-gor,de/explore/itineraries/melbourne-adelaide-gor
ITINERARY,de/itineraries/big-pacific-coast-touring-route,de/explore/itineraries/big-pacific-coast-touring-route
CATEGORY,de/itineraries/outback-journeys,de/explore/itineraries-ideas/outback-journeys
ITINERARY,de/itineraries/wa-gibb-river-rd,de/explore/itineraries/wa-gibb-river-rd
ITINERARY,de/itineraries/nt-red-centre-way,de/explore/itineraries/nt-red-centre-way
ITINERARY,de/itineraries/sa-explorers-highway,de/explore/itineraries/sa-explorers-highway
ITINERARY,de/itineraries/wa-savannah,de/explore/itineraries/wa-savannah
ITINERARY,de/itineraries/qld-savannah-way,de/explore/itineraries/qld-savannah-way
ITINERARY,de/itineraries/sa-loop,de/explore/itineraries/sa-loop
ITINERARY,de/itineraries/nt-natures-way,de/explore/itineraries/nt-natures-way
ITINERARY,de/itineraries/nt-larapinta-trail,de/explore/itineraries/nt-larapinta-trail
ITINERARY,de/itineraries/wa-sa-nsw-indian-pacific,de/explore/itineraries/wa-sa-nsw-indian-pacific
ITINERARY,de/itineraries/sa-ghan,de/explore/itineraries/sa-ghan
ITINERARY,de/itineraries/crossing-nullarbor,de/explore/itineraries/crossing-nullarbor
CATEGORY,de/itineraries/nature-discovery,de/explore/itineraries-ideas/nature-discovery
ITINERARY,de/itineraries/nt-natures-way,de/explore/itineraries/nt-natures-way
ITINERARY,de/itineraries/vic-great-alpine-way,de/explore/itineraries/vic-great-alpine-way
ITINERARY,de/itineraries/tas-circle-tas,de/explore/itineraries/tas-circle-tas
ITINERARY,de/itineraries/tas-east-coast,de/explore/itineraries/tas-east-coast
ITINERARY,de/itineraries/sa-loop,de/explore/itineraries/sa-loop
ITINERARY,de/itineraries/tas-overland-track,de/explore/itineraries/tas-overland-track
ITINERARY,de/itineraries/act-australian-alps-walking-track,de/explore/itineraries/act-australian-alps-walking-track
ITINERARY,de/itineraries/qld-goldcoast-hinterland,de/explore/itineraries/qld-goldcoast-hinterland
ITINERARY,de/itineraries/sa-heysen-trail,de/explore/itineraries/sa-heysen-trail
ITINERARY,de/itineraries/vic-wilsons-prom,de/explore/itineraries/vic-wilsons-prom
ITINERARY,de/itineraries/nsw-six-foot-track,de/explore/itineraries/nsw-six-foot-track
ITINERARY,de/itineraries/act-capital-country,de/explore/itineraries/act-capital-country
ITINERARY,de/itineraries/act-poachers-way,de/explore/itineraries/act-poachers-way
ITINERARY,de/itineraries/rainforest-way,de/explore/itineraries/rainforest-way
CATEGORY,de/itineraries/adventure-journeys,de/explore/itineraries-ideas/adventure-journeys
ITINERARY,de/itineraries/wa-gibb-river-rd,de/explore/itineraries/wa-gibb-river-rd
ITINERARY,de/itineraries/nt-red-centre-way,de/explore/itineraries/nt-red-centre-way
ITINERARY,de/itineraries/sa-explorers-highway,de/explore/itineraries/sa-explorers-highway
ITINERARY,de/itineraries/wa-savannah,de/explore/itineraries/wa-savannah
ITINERARY,de/itineraries/qld-savannah-way,de/explore/itineraries/qld-savannah-way
ITINERARY,de/itineraries/sa-loop,de/explore/itineraries/sa-loop
ITINERARY,de/itineraries/nt-natures-way,de/explore/itineraries/nt-natures-way
ITINERARY,de/itineraries/nt-larapinta-trail,de/explore/itineraries/nt-larapinta-trail
ITINERARY,de/itineraries/sa-heysen-trail,de/explore/itineraries/sa-heysen-trail
ITINERARY,de/itineraries/qld-whitsundays-sailing,de/explore/itineraries/qld-whitsundays-sailing
ITINERARY,de/itineraries/wa-munda-biddi-trail,de/explore/itineraries/wa-munda-biddi-trail
ITINERARY,de/itineraries/crossing-nullarbor,de/explore/itineraries/crossing-nullarbor
CATEGORY,de/itineraries/aboriginal-discovery,de/explore/itineraries-ideas/aboriginal-discovery
ITINERARY,de/itineraries/nt-red-centre-way,de/explore/itineraries/nt-red-centre-way
ITINERARY,de/itineraries/nt-natures-way,de/explore/itineraries/nt-natures-way
ITINERARY,de/itineraries/sa-loop,de/explore/itineraries/sa-loop
ITINERARY,de/itineraries/vic-great-southern-touring-route,de/explore/itineraries/vic-great-southern-touring-route
ITINERARY,de/itineraries/tas-east-coast,de/explore/itineraries/tas-east-coast
ITINERARY,de/itineraries/sa-explorers-highway,de/explore/itineraries/sa-explorers-highway
ITINERARY,de/itineraries/wa-savannah,de/explore/itineraries/wa-savannah
ITINERARY,de/itineraries/wa-south-west-beaches-goldfields,de/explore/itineraries/wa-south-west-beaches-goldfields
CATEGORY,de/itineraries/walking-australia,de/explore/itineraries-ideas/walking-australia
ITINERARY,de/itineraries/tas-overland-track,de/explore/itineraries/tas-overland-track
ITINERARY,de/itineraries/act-australian-alps-walking-track,de/explore/itineraries/act-australian-alps-walking-track
ITINERARY,de/itineraries/qld-goldcoast-hinterland,de/explore/itineraries/qld-goldcoast-hinterland
ITINERARY,de/itineraries/sa-heysen-trail,de/explore/itineraries/sa-heysen-trail
ITINERARY,de/itineraries/nt-larapinta-trail,de/explore/itineraries/nt-larapinta-trail
ITINERARY,de/itineraries/vic-wilsons-prom,de/explore/itineraries/vic-wilsons-prom
ITINERARY,de/itineraries/nsw-six-foot-track,de/explore/itineraries/nsw-six-foot-track
ITINERARY,de/itineraries/wa-bibbulmun-track,de/explore/itineraries/wa-bibbulmun-track
ITINERARY,de/itineraries/nsw-kanangra-katoomba,de/explore/itineraries/nsw-kanangra-katoomba
ITINERARY,de/itineraries/sydney-coastal-walks,de/explore/itineraries/sydney-coastal-walks
ITINERARY,de/itineraries/hinchinbrook-island,de/explore/itineraries/hinchinbrook-island
CATEGORY,de/itineraries/holiday-ideas,de/explore/itineraries-ideas/holiday-ideas
ITINERARY,de/itineraries/nsw-3weeks-sydney,de/explore/itineraries/nsw-3weeks-sydney
ITINERARY,de/itineraries/vic-3weeks-melbourne,de/explore/itineraries/vic-3weeks-melbourne
ITINERARY,de/itineraries/qld-3weeks-brisbane,de/explore/itineraries/qld-3weeks-brisbane
ITINERARY,de/itineraries/wa-3weeks-perth,de/explore/itineraries/wa-3weeks-perth
ITINERARY,de/itineraries/sa-3weeks-adelaide,de/explore/itineraries/sa-3weeks-adelaide
ITINERARY,de/itineraries/nt-3weeks-darwin,de/explore/itineraries/nt-3weeks-darwin
ITINERARY,de/itineraries/qld-3weeks-cairns,de/explore/itineraries/qld-3weeks-cairns
CATEGORY,de/itineraries/city-journeys,de/explore/itineraries-ideas/city-journeys
ITINERARY,de/itineraries/nsw-3days-sydney,de/explore/itineraries/nsw-3days-sydney
ITINERARY,de/itineraries/vic-3days-melbourne,de/explore/itineraries/vic-3days-melbourne
ITINERARY,de/itineraries/qld-3days-brisbane,de/explore/itineraries/qld-3days-brisbane
ITINERARY,de/itineraries/wa-3days-perth,de/explore/itineraries/wa-3days-perth
ITINERARY,de/itineraries/sa-3days-adelaide,de/explore/itineraries/sa-3days-adelaide
ITINERARY,de/itineraries/nt-3days-darwin,de/explore/itineraries/nt-3days-darwin
ITINERARY,de/itineraries/tas-3days-hobart,de/explore/itineraries/tas-3days-hobart
ITINERARY,de/itineraries/act-3days-canberra,de/explore/itineraries/act-3days-canberra
ITINERARY,de/itineraries/qld-3days-cairns,de/explore/itineraries/qld-3days-cairns
ITINERARY,de/itineraries/nt-3days-alice-springs,de/explore/itineraries/nt-3days-alice-springs
ITINERARY,de/itineraries/wa-3days-broome,de/explore/itineraries/wa-3days-broome
ITINERARY,de/itineraries/qld-3days-gold-coast,de/explore/itineraries/qld-3days-gold-coast
CATEGORY,de/itineraries/australian-holiday-stories,de/explore/things-to-do/australian-holiday-stories
ITINERARY,de/itineraries/nsw-sydney-story,de/explore/cities/sydney/nsw-sydney-story
ITINERARY,de/itineraries/nt-uluru-story,de/explore/icons/red-centre/nt-uluru-story
ITINERARY,de/itineraries/wa-pinnacles-travel-story,de/explore/states/wa/wa-pinnacles-travel-story
ITINERARY,de/itineraries/tasman-national-park-story,de/explore/states/tas/tasman-national-park-story
ITINERARY,de/itineraries/margaret-river-story,de/explore/states/wa/margaret-river-story
ITINERARY,de/itineraries/sa-kangaroo-Island-story,de/explore/icons/kangaroo-island/sa-kangaroo-Island-story
ITINERARY,de/itineraries/nt-kakadu-story,de/explore/icons/kakadu/nt-kakadu-story
ITINERARY,de/itineraries/wa-kimberley-travel-story,de/explore/icons/kimberley/wa-kimberley-travel-story
ITINERARY,de/itineraries/liffey-falls-story,de/explore/cities/hobart/liffey-falls-story
ITINERARY,de/itineraries/port-campbell-travel-story,de/explore/icons/great-ocean-road/port-campbell-travel-story
ITINERARY,de/itineraries/qld-surfers-paradise-story,de/explore/cities/gold-coast/qld-surfers-paradise-story
ITINERARY,de/itineraries/bruny-travel-story,de/explore/states/tas/bruny-travel-story
ITINERARY,de/itineraries/qld-tangalooma-story,de/explore/cities/brisbane/qld-tangalooma-story
ITINERARY,de/itineraries/wa-karijini-story,de/explore/states/wa/wa-karijini-story
ITINERARY,de/itineraries/act-tharwa-story,de/explore/cities/canberra/act-tharwa-story
ITINERARY,de/itineraries/wa-valley-of-the-giants-story,de/explore/states/wa/wa-valley-of-the-giants-story
ITINERARY,de/itineraries/wa-wave-rock-story,de/explore/states/wa/wa-wave-rock-story
EVENT LANDING,de/events/major-events,de/explore/australian-events/major-events
EVENT LANDING,de/events/sporting-events,de/explore/australian-events/sporting-events
EVENT LANDING,de/events/horse-racing-events,de/explore/australian-events/horse-racing-events
EVENT LANDING,de/events/beaches-events,de/explore/australian-events/beaches-events
EVENT LANDING,de/events/culture-events,de/explore/australian-events/culture-events
EVENT LANDING,de/events/art-events,de/explore/australian-events/art-events
EVENT LANDING,de/events/music-festivals-events,de/explore/australian-events/music-festivals-events
EVENT LANDING,de/events/food-wine-events,de/explore/australian-events/food-wine-events
EVENT LANDING,de/events/regional-outback-events,de/explore/australian-events/regional-outback-events
EVENT LANDING,de/events/aboriginal-events,de/explore/australian-events/aboriginal-events
EVENT LANDING,de/events/natural-events,de/explore/australian-events/natural-events
EVENT LANDING,de/events/nat-uniquely-australian-events,de/explore/australian-events/nat-uniquely-australian-events
EVENT ARTICLE ,de/events/2014/january/tour-down-under,de/explore/events/tour-down-under
EVENT ARTICLE ,de/events/2014/february/australian-open,de/explore/events/australian-open
EVENT ARTICLE ,de/events/2014/march/australia-day,de/explore/events/australia-day
EVENT ARTICLE ,de/events/2014/april/melbourne-food-and-wine-festival,de/explore/events/melbourne-food-and-wine-festival
EVENT ARTICLE ,de/events/2014/may/vic-australian-grand-prix,de/explore/events/vic-australian-grand-prix
EVENT ARTICLE ,de/events/2014/june/opera-sydney-harbour,de/explore/events/opera-sydney-harbour
EVENT ARTICLE ,de/events/2014/july/sydney-royal-easter-show,de/explore/events/sydney-royal-easter-show
EVENT ARTICLE ,de/events/2014/august/vivid-sydney,de/explore/events/vivid-sydney
EVENT ARTICLE ,de/events/2014/september/british-lions-2013,de/explore/events/british-lions-2013
EVENT ARTICLE ,de/events/2014/october/australias-running-events,de/explore/events/australias-running-events
EVENT ARTICLE ,de/events/2014/november/floriade,de/explore/events/floriade
EVENT ARTICLE ,de/events/2014/december/afl-events,de/explore/events/afl-events
EVENT ARTICLE ,de/events/2014/january/melbourne-cup-carnival,de/explore/events/melbourne-cup-carnival
EVENT ARTICLE ,de/events/2014/february/syd-hobart-yacht-race,de/explore/events/syd-hobart-yacht-race
EVENT ARTICLE ,de/events/2014/march/nat-new-years-fireworks,de/explore/events/nat-new-years-fireworks
EVENT ARTICLE ,de/events/2014/april/sydney-mardi-gras,de/explore/events/sydney-mardi-gras
EVENT ARTICLE ,de/events/2014/may/jazz-blues-classical-festivals,de/explore/events/jazz-blues-classical-festivals
EVENT ARTICLE ,de/events/2014/june/indie-alternative-rock-festivals,de/explore/events/indie-alternative-rock-festivals
EVENT ARTICLE ,de/events/2014/july/folk-country-world-music-festivals,de/explore/events/folk-country-world-music-festivals
EVENT ARTICLE ,de/events/2014/august/horse-racing-events-article,de/explore/events/horse-racing-events-article
EVENT ARTICLE ,de/events/2014/september/act-canberra-balloon-fiesta,de/explore/events/act-canberra-balloon-fiesta
EVENT ARTICLE ,de/events/2014/october/nat-film-festivals,de/explore/events/nat-film-festivals
EVENT ARTICLE ,de/events/2014/november/nsw-taste-of-orange,de/explore/events/nsw-taste-of-orange
EVENT ARTICLE ,de/events/2014/december/nt-henley-on-todd,de/explore/events/nt-henley-on-todd
EVENT ARTICLE ,de/events/2014/january/tas-taste-festival,de/explore/events/tas-taste-festival
EVENT ARTICLE ,de/events/2014/february/vic-spring-racing,de/explore/events/vic-spring-racing
EVENT ARTICLE ,de/events/2014/march/australias-motorsport-events,de/explore/events/australias-motorsport-events
EVENT ARTICLE ,de/events/2014/april/nsw-orange-food-week,de/explore/events/nsw-orange-food-week
EVENT ARTICLE ,de/events/2014/may/qld-coolangatta-ocean-swim,de/explore/events/qld-coolangatta-ocean-swim
EVENT ARTICLE ,de/events/2014/june/summer-cricket,de/explore/events/summer-cricket
EVENT ARTICLE ,de/events/2014/july/wa-ord-valley-muster,de/explore/events/wa-ord-valley-muster
EVENT ARTICLE ,de/events/2014/august/australias-grand-slam-tennis,de/explore/events/australias-grand-slam-tennis
EVENT ARTICLE ,de/events/2014/september/surfing-events,de/explore/events/surfing-events
EVENT ARTICLE ,de/events/2014/october/australian-theatre,de/explore/events/australian-theatre
EVENT ARTICLE ,de/events/2014/november/ashes-2013,de/explore/events/ashes-2013
EVENT ARTICLE ,de/events/2014/december/australias-cycling-events,de/explore/events/australias-cycling-events
EVENT ARTICLE ,de/events/2014/january/australias-golf-events,de/explore/events/australias-golf-events
EVENT ARTICLE ,de/events/2014/february/australias-oceans-swims,de/explore/events/australias-oceans-swims
EVENT ARTICLE ,de/events/2014/march/bledisloe-cup,de/explore/events/bledisloe-cup
EVENT ARTICLE ,de/events/2014/april/endurance-events,de/explore/events/endurance-events
EVENT ARTICLE ,de/events/2014/may/sa-tasting-australia,de/explore/events/sa-tasting-australia
EVENT ARTICLE ,de/events/2014/june/australian-opera,de/explore/events/australian-opera
EVENT ARTICLE ,de/events/2014/july/sa-outback-cattle-drive,de/explore/events/sa-outback-cattle-drive
EVENT ARTICLE ,de/events/2014/august/wa-margaret-river-wine-festival,de/explore/events/wa-margaret-river-wine-festival
EVENT ARTICLE ,de/events/2014/september/surf-life-saving-events,de/explore/events/surf-life-saving-events
CATEGORY,de/categories/outback-australia,de/about/australias-landscapes/outback-australia
ARTICLE,de/places/nsw/mungo,de/explore/states/nsw/nsw-mungo
ARTICLE,de/articles/outback,de/about/australias-landscapes/outback/outback
ARTICLE,de/articles/houseboating-murray-river,de/explore/things-to-do/australian-adventure/houseboating-murray-river
ARTICLE,de/articles/glamping-australia,de/explore/things-to-do/australian-adventure/glamping-australia
ARTICLE,de/articles/outback-cattle-drive,de/explore/events/sa-outback-cattle-drive
CATEGORY,de/categories/aboriginal-australia,de/explore/things-to-do/aboriginal-australia
ARTICLE,de/articles/aboriginal,de/explore/things-to-do/aboriginal-australia/aboriginal
CITY ,de/places/nt/alice-springs,de/explore/cities/alice-springs
CATEGORY,de/categories/food-and-wine,de/explore/things-to-do/food-and-wine
ARTICLE,de/articles/australian-wineries,de/about/australias-landscapes/australian-wineries
ARTICLE,de/articles/ultimate-wineries,de/explore/things-to-do/ultimate-wineries
CATEGORY,de/categories/art-music-culture,de/about/culture-history/culture
ARTICLE,de/articles/australian-art,de/about/culture-history/australian-art
ARTICLE,de/articles/shopping,de/explore/things-to-do/shopping
ARTICLE,de/articles/shopping/nat-shopping,de/explore/things-to-do/shopping/nat-shopping
ARTICLE,de/articles/shopping/nat-australias-markets,de/explore/things-to-do/shopping/nat-australias-markets
ARTICLE,de/articles/shopping/australias-opals,de/explore/things-to-do/shopping/australias-opals
ARTICLE,de/articles/shopping/australian-souvenirs,de/explore/things-to-do/shopping/australian-souvenirs
ARTICLE,de/articles/famous-australians,de/about/culture-history/famous-australians
CATEGORY,de/categories/australias-islands,de/about/australias-landscapes/australias-islands
ARTICLE,de/places/qld/tangalooma,de/explore/states/qld/tangalooma
ARTICLE,de/places/qld/whitsundays-islands,de/explore/icons/great-barrier-reef/whitsundays-islands
ARTICLE,de/places/tas/tas-bass-strait-islands,de/explore/states/tas/tas-bass-strait-islands
ARTICLE,de/places/nsw/nsw-lord-howe-island,de/explore/states/nsw/nsw-lord-howe-island
ARTICLE,de/places/nt/tiwi-islands,de/about/australias-landscapes/australias-islands/tiwi-islands
CATEGORY,de/categories/nature and wildlife,de/about/australias-landscapes/nature
ARTICLE,de/articles/natural-australia,de/explore/things-to-do/natural-australia
ARTICLE,de/articles/nat-australias-rainforests,de/explore/things-to-do/nature/nat-australias-rainforests
ARTICLE,de/articles/world-heritage-sites-australia,de/explore/things-to-do/nature/world-heritage-sites-australia
ARTICLE,de/facts/plants,de/about/key-facts/plants
CATEGORY,de/categories/beaches ,de/about/australias-landscapes/australian-beaches
ARTICLE,de/articles/coastal,de/about/australias-landscapes/coastal
ARTICLE,de/articles/sydney-beaches,de/explore/cities/sydney/nsw-sydney-beaches
CATEGORY,de/categories/australian-sport ,de/explore/things-to-do/australian-adventure/nat-australian-sport
ARTICLE,de/articles/australias-stadiums-venues,de/about/culture-history/australias-stadiums-venues
ARTICLE,de/articles/great-golf-courses,de/explore/things-to-do/great-golf-courses
CATEGORY,de/categories/australian-adventure,de/explore/things-to-do/australian-adventure
ARTICLE,de/articles/great-walks,de/explore/things-to-do/great-walks
ARTICLE,de/articles/great-luxury-lodges,de/explore/things-to-do/great-luxury-lodges
CATEGORY  ,de/categories/youthful-travellers,de/explore/things-to-do/youthful-travellers
ARTICLE,de/planning/working-holiday-visa,de/plan/before-you-go/working-holiday-visa
ARTICLE,de/planning/working-holiday-visa-faq,de/plan/before-you-go/working-holiday-visa-faq
ARTICLE,de/planning/work-study-abroad,de/plan/before-you-go/work-study-abroad
CATEGORY ,de/facts,de/about
CATEGORY ,de/facts/weather,de/about/key-facts/weather
ARTICLE,de/facts/sydney-weather,de/about/key-facts/weather/sydney-weather
ARTICLE,de/facts/melbourne-weather,de/about/key-facts/weather/melbourne-weather
ARTICLE,de/facts/adelaide-weather,de/about/key-facts/weather/adelaide-weather
ARTICLE,de/facts/perth-weather,de/about/key-facts/weather/perth-weather
ARTICLE,de/facts/brisbane-weather,de/about/key-facts/weather/brisbane-weather
ARTICLE,de/facts/cairns-weather,de/about/key-facts/weather/cairns-weather
ARTICLE,de/facts/hobart-weather,de/about/key-facts/weather/hobart-weather
ARTICLE,de/facts/canberra-weather,de/about/key-facts/weather/canberra-weather
ARTICLE,de/facts/alice-springs-weather,de/about/key-facts/weather/alice-springs-weather
ARTICLE,de/facts/broome-weather,de/about/key-facts/weather/broome-weather
ARTICLE,de/facts/darwin-weather,de/about/key-facts/weather/darwin-weather
ARTICLE,de/facts/gold-coast-weather,de/about/key-facts/weather/gold-coast-weather
ARTICLE,de/planning/tips-hazards,de/plan/while-your-here/tips-hazards
CATEGORY ,de/facts/australias-seasons,de/about/australias-landscapes/australias-seasons
ARTICLE,de/facts/australias-seasons/summer,de/about/australias-landscapes/australias-seasons/summer
ARTICLE,de/facts/australias-seasons/autumn,de/about/australias-landscapes/australias-seasons/autumn
ARTICLE,de/facts/australias-seasons/winter,de/about/australias-landscapes/australias-seasons/winter
ARTICLE,de/facts/australias-seasons/spring,de/about/australias-landscapes/australias-seasons/spring
ARTICLE,de/planning/getting-there,de/plan/plan-your-trip/getting-there
CATEGORY ,de/planning/planning-a-trip,de/plan/before-you-go/planning-a-trip
ARTICLE,de/facts/currency,de/about/key-facts/currency
ARTICLE,de/facts/time-zones,de/about/key-facts/time-zones
ARTICLE,de/planning/getting-around,de/plan/while-your-here/getting-around
ARTICLE,de/planning/road-safety,de/plan/while-your-here/road-safety
ARTICLE,de/facts/cities-states-territories,de/about/key-facts/cities-states-territories
ARTICLE,de/planning/visa-information,de/plan/before-you-go/visa-information
ARTICLE,de/planning/customs-quarantine,de/plan/before-you-go/customs-quarantine
ASP SEARCH,de/planning/find-travel-agent,de/plan/plan-your-trip/find-travel-agent
ARTICLE,de/facts/emergency-services,de/about/key-facts/emergency-services
MAP IFRAME,explore,explore
SITE MAP,sitemap,sitemap
PRIVACY POLICY ,privacypolicy,privacypolicy
TERMS&CONDS,terms-conditions,terms-conditions
DISCLAIMER ,disclaimer,disclaimer
CAMPAIGN,nationallandscapes,nationallandscapes
CAMPAIGN,de/campaigns/nationallandscapes/AustralianAlps,de/campaigns/nationallandscapes/AustralianAlps.htm
CAMPAIGN,de/campaigns/nationallandscapes/AustraliasCoastalWilderness,de/campaigns/nationallandscapes/AustraliasCoastalWilderness.htm
CAMPAIGN,de/campaigns/nationallandscapes/AustraliasGreenCauldron,de/campaigns/nationallandscapes/AustraliasGreenCauldron.htm
CAMPAIGN,de/campaigns/nationallandscapes/FlindersRanges,de/campaigns/nationallandscapes/FlindersRanges.htm
CAMPAIGN,de/campaigns/nationallandscapes/AustraliasRedCentre,de/campaigns/nationallandscapes/AustraliasRedCentre.htm
CAMPAIGN,de/campaigns/nationallandscapes/GreatBarrierReef,de/campaigns/nationallandscapes/GreatBarrierReef.htm
CAMPAIGN,de/campaigns/nationallandscapes/GreatOceanRoad,de/campaigns/nationallandscapes/GreatOceanRoad.htm
CAMPAIGN,de/campaigns/nationallandscapes/GreaterBlueMountains,de/campaigns/nationallandscapes/GreaterBlueMountains.htm
CAMPAIGN,de/campaigns/nationallandscapes/Great-South-West-Edge,de/campaigns/nationallandscapes/Great-South-West-Edge.htm
CAMPAIGN,de/campaigns/nationallandscapes/Australias-Timeless-North,de/campaigns/nationallandscapes/Australias-Timeless-North.htm
CAMPAIGN,de/campaigns/nationallandscapes/KangarooIsland,de/campaigns/nationallandscapes/KangarooIsland.htm
CAMPAIGN,de/campaigns/nationallandscapes/NingalooSharkBay,de/campaigns/nationallandscapes/NingalooSharkBay.htm
CAMPAIGN,de/campaigns/nationallandscapes/SydneyHarbour,de/campaigns/nationallandscapes/SydneyHarbour.htm
CAMPAIGN,de/campaigns/nationallandscapes/TasmaniasIslandHeritage,de/campaigns/nationallandscapes/TasmaniasIslandHeritage.htm
CAMPAIGN,de/campaigns/nationallandscapes/TheKimberley,de/campaigns/nationallandscapes/TheKimberley.htm
CAMPAIGN,de/campaigns/nationallandscapes/wettropics,de/campaigns/nationallandscapes/wettropics.htm
CAMPAIGN,de/campaigns/nothinglike/au,de/campaigns/nothinglike/au/index.htm
CAMPAIGN,de/campaigns/nothinglike/au/bungle-bungles,de/campaigns/nothinglike/au/bungle-bungles.htm
CAMPAIGN,de/campaigns/nothinglike/au/bungle-bungles-product1,de/campaigns/nothinglike/au/bungle-bungles-product1.htm
CAMPAIGN,de/campaigns/nothinglike/au/bungle-bungles-product2,de/campaigns/nothinglike/au/bungle-bungles-product2.htm
CAMPAIGN,de/campaigns/nothinglike/au/bungle-bungles-product3,de/campaigns/nothinglike/au/bungle-bungles-product3.htm
CAMPAIGN,de/campaigns/nothinglike/au/bungle-bungles-product4,de/campaigns/nothinglike/au/bungle-bungles-product4.htm
CAMPAIGN,de/campaigns/nothinglike/au/bungle-bungles-product5,de/campaigns/nothinglike/au/bungle-bungles-product5.htm
CAMPAIGN,de/campaigns/nothinglike/au/bungle-bungles-product6,de/campaigns/nothinglike/au/bungle-bungles-product6.htm
CAMPAIGN,de/campaigns/nothinglike/au/bungle-bungles-product7,de/campaigns/nothinglike/au/bungle-bungles-product7.htm
CAMPAIGN,de/campaigns/nothinglike/au/bungle-bungles-product8,de/campaigns/nothinglike/au/bungle-bungles-product8.htm
CAMPAIGN,de/campaigns/nothinglike/au/bungle-bungles-product9,de/campaigns/nothinglike/au/bungle-bungles-product9.htm
CAMPAIGN,de/campaigns/nothinglike/au/bungle-bungles-product10,de/campaigns/nothinglike/au/bungle-bungles-product10.htm
CAMPAIGN,de/campaigns/nothinglike/au/bungle-bungles-itinerary,de/campaigns/nothinglike/au/bungle-bungles-itinerary.htm
CAMPAIGN,de/campaigns/nothinglike/au/bungle-bungles-itinerary2,de/campaigns/nothinglike/au/bungle-bungles-itinerary2.htm
CAMPAIGN,de/campaigns/nothinglike/au/bungle-bungles-itinerary3,de/campaigns/nothinglike/au/bungle-bungles-itinerary3.htm
CAMPAIGN,de/campaigns/nothinglike/au/bungle-bungles-itinerary4,de/campaigns/nothinglike/au/bungle-bungles-itinerary4.htm
CAMPAIGN,de/campaigns/nothinglike/au/bungle-bungles-experiences,de/campaigns/nothinglike/au/bungle-bungles-experiences.htm
CAMPAIGN,de/campaigns/nothinglike/au/canberra,de/campaigns/nothinglike/au/canberra.htm
CAMPAIGN,de/campaigns/nothinglike/au/canberra-product1,de/campaigns/nothinglike/au/canberra-product1.htm
CAMPAIGN,de/campaigns/nothinglike/au/canberra-product2,de/campaigns/nothinglike/au/canberra-product2.htm
CAMPAIGN,de/campaigns/nothinglike/au/canberra-product3,de/campaigns/nothinglike/au/canberra-product3.htm
CAMPAIGN,de/campaigns/nothinglike/au/canberra-product4,de/campaigns/nothinglike/au/canberra-product4.htm
CAMPAIGN,de/campaigns/nothinglike/au/canberra-product5,de/campaigns/nothinglike/au/canberra-product5.htm
CAMPAIGN,de/campaigns/nothinglike/au/canberra-product6,de/campaigns/nothinglike/au/canberra-product6.htm
CAMPAIGN,de/campaigns/nothinglike/au/canberra-product7,de/campaigns/nothinglike/au/canberra-product7.htm
CAMPAIGN,de/campaigns/nothinglike/au/canberra-product8,de/campaigns/nothinglike/au/canberra-product8.htm
CAMPAIGN,de/campaigns/nothinglike/au/canberra-product9,de/campaigns/nothinglike/au/canberra-product9.htm
CAMPAIGN,de/campaigns/nothinglike/au/canberra-product10,de/campaigns/nothinglike/au/canberra-product10.htm
CAMPAIGN,de/campaigns/nothinglike/au/canberra-product11,de/campaigns/nothinglike/au/canberra-product11.htm
CAMPAIGN,de/campaigns/nothinglike/au/canberra-itinerary,de/campaigns/nothinglike/au/canberra-itinerary.htm
CAMPAIGN,de/campaigns/nothinglike/au/canberra-itinerary2,de/campaigns/nothinglike/au/canberra-itinerary2.htm
CAMPAIGN,de/campaigns/nothinglike/au/canberra-itinerary3,de/campaigns/nothinglike/au/canberra-itinerary3.htm
CAMPAIGN,de/campaigns/nothinglike/au/canberra-itinerary4,de/campaigns/nothinglike/au/canberra-itinerary4.htm
CAMPAIGN,de/campaigns/nothinglike/au/canberra-experiences,de/campaigns/nothinglike/au/canberra-experiences.htm
CAMPAIGN,de/campaigns/nothinglike/au/cape-leveque,de/campaigns/nothinglike/au/cape-leveque.htm
CAMPAIGN,de/campaigns/nothinglike/au/cape-leveque-product1,de/campaigns/nothinglike/au/cape-leveque-product1.htm
CAMPAIGN,de/campaigns/nothinglike/au/cape-leveque-product2,de/campaigns/nothinglike/au/cape-leveque-product2.htm
CAMPAIGN,de/campaigns/nothinglike/au/cape-leveque-product3,de/campaigns/nothinglike/au/cape-leveque-product3.htm
CAMPAIGN,de/campaigns/nothinglike/au/cape-leveque-product4,de/campaigns/nothinglike/au/cape-leveque-product4.htm
CAMPAIGN,de/campaigns/nothinglike/au/cape-leveque-product5,de/campaigns/nothinglike/au/cape-leveque-product5.htm
CAMPAIGN,de/campaigns/nothinglike/au/cape-leveque-product6,de/campaigns/nothinglike/au/cape-leveque-product6.htm
CAMPAIGN,de/campaigns/nothinglike/au/cape-leveque-product7,de/campaigns/nothinglike/au/cape-leveque-product7.htm
CAMPAIGN,de/campaigns/nothinglike/au/cape-leveque-product8,de/campaigns/nothinglike/au/cape-leveque-product8.htm
CAMPAIGN,de/campaigns/nothinglike/au/cape-leveque-product9,de/campaigns/nothinglike/au/cape-leveque-product9.htm
CAMPAIGN,de/campaigns/nothinglike/au/cape-leveque-product10,de/campaigns/nothinglike/au/cape-leveque-product10.htm
CAMPAIGN,de/campaigns/nothinglike/au/cape-leveque-itinerary,de/campaigns/nothinglike/au/cape-leveque-itinerary.htm
CAMPAIGN,de/campaigns/nothinglike/au/cape-leveque-itinerary2,de/campaigns/nothinglike/au/cape-leveque-itinerary2.htm
CAMPAIGN,de/campaigns/nothinglike/au/cape-leveque-itinerary3,de/campaigns/nothinglike/au/cape-leveque-itinerary3.htm
CAMPAIGN,de/campaigns/nothinglike/au/cape-leveque-itinerary4,de/campaigns/nothinglike/au/cape-leveque-itinerary4.htm
CAMPAIGN,de/campaigns/nothinglike/au/cape-leveque-itinerary5,de/campaigns/nothinglike/au/cape-leveque-itinerary5.htm
CAMPAIGN,de/campaigns/nothinglike/au/cape-leveque-experiences,de/campaigns/nothinglike/au/cape-leveque-experiences.htm
CAMPAIGN,de/campaigns/nothinglike/au/el-questro,de/campaigns/nothinglike/au/el-questro.htm
CAMPAIGN,de/campaigns/nothinglike/au/el-questro-product1,de/campaigns/nothinglike/au/el-questro-product1.htm
CAMPAIGN,de/campaigns/nothinglike/au/el-questro-product2,de/campaigns/nothinglike/au/el-questro-product2.htm
CAMPAIGN,de/campaigns/nothinglike/au/el-questro-product3,de/campaigns/nothinglike/au/el-questro-product3.htm
CAMPAIGN,de/campaigns/nothinglike/au/el-questro-product4,de/campaigns/nothinglike/au/el-questro-product4.htm
CAMPAIGN,de/campaigns/nothinglike/au/el-questro-product5,de/campaigns/nothinglike/au/el-questro-product5.htm
CAMPAIGN,de/campaigns/nothinglike/au/el-questro-product6,de/campaigns/nothinglike/au/el-questro-product6.htm
CAMPAIGN,de/campaigns/nothinglike/au/el-questro-product7,de/campaigns/nothinglike/au/el-questro-product7.htm
CAMPAIGN,de/campaigns/nothinglike/au/el-questro-product8,de/campaigns/nothinglike/au/el-questro-product8.htm
CAMPAIGN,de/campaigns/nothinglike/au/el-questro-product9,de/campaigns/nothinglike/au/el-questro-product9.htm
CAMPAIGN,de/campaigns/nothinglike/au/el-questro-product10,de/campaigns/nothinglike/au/el-questro-product10.htm
CAMPAIGN,de/campaigns/nothinglike/au/el-questro-itinerary,de/campaigns/nothinglike/au/el-questro-itinerary.htm
CAMPAIGN,de/campaigns/nothinglike/au/el-questro-itinerary2,de/campaigns/nothinglike/au/el-questro-itinerary2.htm
CAMPAIGN,de/campaigns/nothinglike/au/el-questro-itinerary3,de/campaigns/nothinglike/au/el-questro-itinerary3.htm
CAMPAIGN,de/campaigns/nothinglike/au/el-questro-itinerary4,de/campaigns/nothinglike/au/el-questro-itinerary4.htm
CAMPAIGN,de/campaigns/nothinglike/au/el-questro-experiences,de/campaigns/nothinglike/au/el-questro-experiences.htm
CAMPAIGN,de/campaigns/nothinglike/au/freycinet,de/campaigns/nothinglike/au/freycinet.htm
CAMPAIGN,de/campaigns/nothinglike/au/freycinet-product1,de/campaigns/nothinglike/au/freycinet-product1.htm
CAMPAIGN,de/campaigns/nothinglike/au/freycinet-product2,de/campaigns/nothinglike/au/freycinet-product2.htm
CAMPAIGN,de/campaigns/nothinglike/au/freycinet-product3,de/campaigns/nothinglike/au/freycinet-product3.htm
CAMPAIGN,de/campaigns/nothinglike/au/freycinet-product5,de/campaigns/nothinglike/au/freycinet-product5.htm
CAMPAIGN,de/campaigns/nothinglike/au/freycinet-product6,de/campaigns/nothinglike/au/freycinet-product6.htm
CAMPAIGN,de/campaigns/nothinglike/au/freycinet-product7,de/campaigns/nothinglike/au/freycinet-product7.htm
CAMPAIGN,de/campaigns/nothinglike/au/freycinet-product8,de/campaigns/nothinglike/au/freycinet-product8.htm
CAMPAIGN,de/campaigns/nothinglike/au/freycinet-product9,de/campaigns/nothinglike/au/freycinet-product9.htm
CAMPAIGN,de/campaigns/nothinglike/au/freycinet-product10,de/campaigns/nothinglike/au/freycinet-product10.htm
CAMPAIGN,de/campaigns/nothinglike/au/freycinet-itinerary,de/campaigns/nothinglike/au/freycinet-itinerary.htm
CAMPAIGN,de/campaigns/nothinglike/au/freycinet-itinerary2,de/campaigns/nothinglike/au/freycinet-itinerary2.htm
CAMPAIGN,de/campaigns/nothinglike/au/freycinet-itinerary3,de/campaigns/nothinglike/au/freycinet-itinerary3.htm
CAMPAIGN,de/campaigns/nothinglike/au/freycinet-itinerary4,de/campaigns/nothinglike/au/freycinet-itinerary4.htm
CAMPAIGN,de/campaigns/nothinglike/au/freycinet-itinerary5,de/campaigns/nothinglike/au/freycinet-itinerary5.htm
CAMPAIGN,de/campaigns/nothinglike/au/freycinet-experiences,de/campaigns/nothinglike/au/freycinet-experiences.htm
CAMPAIGN,de/campaigns/nothinglike/au/gold-coast,de/campaigns/nothinglike/au/gold-coast.htm
CAMPAIGN,de/campaigns/nothinglike/au/gold-coast-product1,de/campaigns/nothinglike/au/gold-coast-product1.htm
CAMPAIGN,de/campaigns/nothinglike/au/gold-coast-product2,de/campaigns/nothinglike/au/gold-coast-product2.htm
CAMPAIGN,de/campaigns/nothinglike/au/gold-coast-product3,de/campaigns/nothinglike/au/gold-coast-product3.htm
CAMPAIGN,de/campaigns/nothinglike/au/gold-coast-product4,de/campaigns/nothinglike/au/gold-coast-product4.htm
CAMPAIGN,de/campaigns/nothinglike/au/gold-coast-product5,de/campaigns/nothinglike/au/gold-coast-product5.htm
CAMPAIGN,de/campaigns/nothinglike/au/gold-coast-product6,de/campaigns/nothinglike/au/gold-coast-product6.htm
CAMPAIGN,de/campaigns/nothinglike/au/gold-coast-product7,de/campaigns/nothinglike/au/gold-coast-product7.htm
CAMPAIGN,de/campaigns/nothinglike/au/gold-coast-product8,de/campaigns/nothinglike/au/gold-coast-product8.htm
CAMPAIGN,de/campaigns/nothinglike/au/gold-coast-product9,de/campaigns/nothinglike/au/gold-coast-product9.htm
CAMPAIGN,de/campaigns/nothinglike/au/gold-coast-product10,de/campaigns/nothinglike/au/gold-coast-product10.htm
CAMPAIGN,de/campaigns/nothinglike/au/gold-coast-itinerary,de/campaigns/nothinglike/au/gold-coast-itinerary.htm
CAMPAIGN,de/campaigns/nothinglike/au/gold-coast-itinerary2,de/campaigns/nothinglike/au/gold-coast-itinerary2.htm
CAMPAIGN,de/campaigns/nothinglike/au/gold-coast-itinerary3,de/campaigns/nothinglike/au/gold-coast-itinerary3.htm
CAMPAIGN,de/campaigns/nothinglike/au/gold-coast-itinerary4,de/campaigns/nothinglike/au/gold-coast-itinerary4.htm
CAMPAIGN,de/campaigns/nothinglike/au/gold-coast-experiences,de/campaigns/nothinglike/au/gold-coast-experiences.htm
CAMPAIGN,de/campaigns/nothinglike/au/great-ocean-road,de/campaigns/nothinglike/au/great-ocean-road.htm
CAMPAIGN,de/campaigns/nothinglike/au/great-ocean-road-product1,de/campaigns/nothinglike/au/great-ocean-road-product1.htm
CAMPAIGN,de/campaigns/nothinglike/au/great-ocean-road-product2,de/campaigns/nothinglike/au/great-ocean-road-product2.htm
CAMPAIGN,de/campaigns/nothinglike/au/great-ocean-road-product3,de/campaigns/nothinglike/au/great-ocean-road-product3.htm
CAMPAIGN,de/campaigns/nothinglike/au/great-ocean-road-product4,de/campaigns/nothinglike/au/great-ocean-road-product4.htm
CAMPAIGN,de/campaigns/nothinglike/au/great-ocean-road-product5,de/campaigns/nothinglike/au/great-ocean-road-product5.htm
CAMPAIGN,de/campaigns/nothinglike/au/great-ocean-road-product6,de/campaigns/nothinglike/au/great-ocean-road-product6.htm
CAMPAIGN,de/campaigns/nothinglike/au/great-ocean-road-product7,de/campaigns/nothinglike/au/great-ocean-road-product7.htm
CAMPAIGN,de/campaigns/nothinglike/au/great-ocean-road-product8,de/campaigns/nothinglike/au/great-ocean-road-product8.htm
CAMPAIGN,de/campaigns/nothinglike/au/great-ocean-road-itinerary,de/campaigns/nothinglike/au/great-ocean-road-itinerary.htm
CAMPAIGN,de/campaigns/nothinglike/au/great-ocean-road-itinerary2,de/campaigns/nothinglike/au/great-ocean-road-itinerary2.htm
CAMPAIGN,de/campaigns/nothinglike/au/great-ocean-road-itinerary3,de/campaigns/nothinglike/au/great-ocean-road-itinerary3.htm
CAMPAIGN,de/campaigns/nothinglike/au/great-ocean-road-itinerary4,de/campaigns/nothinglike/au/great-ocean-road-itinerary4.htm
CAMPAIGN,de/campaigns/nothinglike/au/great-ocean-road-itinerary5,de/campaigns/nothinglike/au/great-ocean-road-itinerary5.htm
CAMPAIGN,de/campaigns/nothinglike/au/great-ocean-road-experiences,de/campaigns/nothinglike/au/great-ocean-road-experiences.htm
CAMPAIGN,de/campaigns/nothinglike/au/hayman-island,de/campaigns/nothinglike/au/hayman-island.htm
CAMPAIGN,de/campaigns/nothinglike/au/hayman-island-product1,de/campaigns/nothinglike/au/hayman-island-product1.htm
CAMPAIGN,de/campaigns/nothinglike/au/hayman-island-product2,de/campaigns/nothinglike/au/hayman-island-product2.htm
CAMPAIGN,de/campaigns/nothinglike/au/hayman-island-product3,de/campaigns/nothinglike/au/hayman-island-product3.htm
CAMPAIGN,de/campaigns/nothinglike/au/hayman-island-product4,de/campaigns/nothinglike/au/hayman-island-product4.htm
CAMPAIGN,de/campaigns/nothinglike/au/hayman-island-product6,de/campaigns/nothinglike/au/hayman-island-product6.htm
CAMPAIGN,de/campaigns/nothinglike/au/hayman-island-product7,de/campaigns/nothinglike/au/hayman-island-product7.htm
CAMPAIGN,de/campaigns/nothinglike/au/hayman-island-product8,de/campaigns/nothinglike/au/hayman-island-product8.htm
CAMPAIGN,de/campaigns/nothinglike/au/hayman-island-product9,de/campaigns/nothinglike/au/hayman-island-product9.htm
CAMPAIGN,de/campaigns/nothinglike/au/hayman-island-product10,de/campaigns/nothinglike/au/hayman-island-product10.htm
CAMPAIGN,de/campaigns/nothinglike/au/hayman-island-itinerary,de/campaigns/nothinglike/au/hayman-island-itinerary.htm
CAMPAIGN,de/campaigns/nothinglike/au/hayman-island-itinerary2,de/campaigns/nothinglike/au/hayman-island-itinerary2.htm
CAMPAIGN,de/campaigns/nothinglike/au/hayman-island-itinerary3,de/campaigns/nothinglike/au/hayman-island-itinerary3.htm
CAMPAIGN,de/campaigns/nothinglike/au/hayman-island-itinerary4,de/campaigns/nothinglike/au/hayman-island-itinerary4.htm
CAMPAIGN,de/campaigns/nothinglike/au/hayman-island-experiences,de/campaigns/nothinglike/au/hayman-island-experiences.htm
CAMPAIGN,de/campaigns/nothinglike/au/kangaroo-island,de/campaigns/nothinglike/au/kangaroo-island.htm
CAMPAIGN,de/campaigns/nothinglike/au/kangaroo-island-product1,de/campaigns/nothinglike/au/kangaroo-island-product1.htm
CAMPAIGN,de/campaigns/nothinglike/au/kangaroo-island-product2,de/campaigns/nothinglike/au/kangaroo-island-product2.htm
CAMPAIGN,de/campaigns/nothinglike/au/kangaroo-island-product3,de/campaigns/nothinglike/au/kangaroo-island-product3.htm
CAMPAIGN,de/campaigns/nothinglike/au/kangaroo-island-product4,de/campaigns/nothinglike/au/kangaroo-island-product4.htm
CAMPAIGN,de/campaigns/nothinglike/au/kangaroo-island-product5,de/campaigns/nothinglike/au/kangaroo-island-product5.htm
CAMPAIGN,de/campaigns/nothinglike/au/kangaroo-island-product6,de/campaigns/nothinglike/au/kangaroo-island-product6.htm
CAMPAIGN,de/campaigns/nothinglike/au/kangaroo-island-product7,de/campaigns/nothinglike/au/kangaroo-island-product7.htm
CAMPAIGN,de/campaigns/nothinglike/au/kangaroo-island-product8,de/campaigns/nothinglike/au/kangaroo-island-product8.htm
CAMPAIGN,de/campaigns/nothinglike/au/kangaroo-island-product9,de/campaigns/nothinglike/au/kangaroo-island-product9.htm
CAMPAIGN,de/campaigns/nothinglike/au/kangaroo-island-product10,de/campaigns/nothinglike/au/kangaroo-island-product10.htm
CAMPAIGN,de/campaigns/nothinglike/au/kangaroo-island-itinerary,de/campaigns/nothinglike/au/kangaroo-island-itinerary.htm
CAMPAIGN,de/campaigns/nothinglike/au/kangaroo-island-itinerary2,de/campaigns/nothinglike/au/kangaroo-island-itinerary2.htm
CAMPAIGN,de/campaigns/nothinglike/au/kangaroo-island-itinerary3,de/campaigns/nothinglike/au/kangaroo-island-itinerary3.htm
CAMPAIGN,de/campaigns/nothinglike/au/kangaroo-island-experiences,de/campaigns/nothinglike/au/kangaroo-island-experiences.htm
CAMPAIGN,de/campaigns/nothinglike/au/lizard-island,de/campaigns/nothinglike/au/lizard-island.htm
CAMPAIGN,de/campaigns/nothinglike/au/lizard-island-product1,de/campaigns/nothinglike/au/lizard-island-product1.htm
CAMPAIGN,de/campaigns/nothinglike/au/lizard-island-product2,de/campaigns/nothinglike/au/lizard-island-product2.htm
CAMPAIGN,de/campaigns/nothinglike/au/lizard-island-product3,de/campaigns/nothinglike/au/lizard-island-product3.htm
CAMPAIGN,de/campaigns/nothinglike/au/lizard-island-product5,de/campaigns/nothinglike/au/lizard-island-product5.htm
CAMPAIGN,de/campaigns/nothinglike/au/lizard-island-product6,de/campaigns/nothinglike/au/lizard-island-product6.htm
CAMPAIGN,de/campaigns/nothinglike/au/lizard-island-product7,de/campaigns/nothinglike/au/lizard-island-product7.htm
CAMPAIGN,de/campaigns/nothinglike/au/lizard-island-product8,de/campaigns/nothinglike/au/lizard-island-product8.htm
CAMPAIGN,de/campaigns/nothinglike/au/lizard-island-product9,de/campaigns/nothinglike/au/lizard-island-product9.htm
CAMPAIGN,de/campaigns/nothinglike/au/melbourne,de/campaigns/nothinglike/au/melbourne.htm
CAMPAIGN,de/campaigns/nothinglike/au/melbourne-product1,de/campaigns/nothinglike/au/melbourne-product1.htm
CAMPAIGN,de/campaigns/nothinglike/au/melbourne-product2,de/campaigns/nothinglike/au/melbourne-product2.htm
CAMPAIGN,de/campaigns/nothinglike/au/melbourne-product3,de/campaigns/nothinglike/au/melbourne-product3.htm
CAMPAIGN,de/campaigns/nothinglike/au/melbourne-product4,de/campaigns/nothinglike/au/melbourne-product4.htm
CAMPAIGN,de/campaigns/nothinglike/au/melbourne-product5,de/campaigns/nothinglike/au/melbourne-product5.htm
CAMPAIGN,de/campaigns/nothinglike/au/melbourne-product6,de/campaigns/nothinglike/au/melbourne-product6.htm
CAMPAIGN,de/campaigns/nothinglike/au/melbourne-product7,de/campaigns/nothinglike/au/melbourne-product7.htm
CAMPAIGN,de/campaigns/nothinglike/au/melbourne-product8,de/campaigns/nothinglike/au/melbourne-product8.htm
CAMPAIGN,de/campaigns/nothinglike/au/melbourne-product9,de/campaigns/nothinglike/au/melbourne-product9.htm
CAMPAIGN,de/campaigns/nothinglike/au/melbourne-product10,de/campaigns/nothinglike/au/melbourne-product10.htm
CAMPAIGN,de/campaigns/nothinglike/au/melbourne-itinerary,de/campaigns/nothinglike/au/melbourne-itinerary.htm
CAMPAIGN,de/campaigns/nothinglike/au/melbourne-itinerary2,de/campaigns/nothinglike/au/melbourne-itinerary2.htm
CAMPAIGN,de/campaigns/nothinglike/au/melbourne-itinerary3,de/campaigns/nothinglike/au/melbourne-itinerary3.htm
CAMPAIGN,de/campaigns/nothinglike/au/melbourne-itinerary4,de/campaigns/nothinglike/au/melbourne-itinerary4.htm
CAMPAIGN,de/campaigns/nothinglike/au/melbourne-experiences,de/campaigns/nothinglike/au/melbourne-experiences.htm
CAMPAIGN,de/campaigns/nothinglike/au/sydney,de/campaigns/nothinglike/au/sydney.htm
CAMPAIGN,de/campaigns/nothinglike/au/sydney-product1,de/campaigns/nothinglike/au/sydney-product1.htm
CAMPAIGN,de/campaigns/nothinglike/au/sydney-product2,de/campaigns/nothinglike/au/sydney-product2.htm
CAMPAIGN,de/campaigns/nothinglike/au/sydney-product3,de/campaigns/nothinglike/au/sydney-product3.htm
CAMPAIGN,de/campaigns/nothinglike/au/sydney-product4,de/campaigns/nothinglike/au/sydney-product4.htm
CAMPAIGN,de/campaigns/nothinglike/au/sydney-product5,de/campaigns/nothinglike/au/sydney-product5.htm
CAMPAIGN,de/campaigns/nothinglike/au/sydney-product6,de/campaigns/nothinglike/au/sydney-product6.htm
CAMPAIGN,de/campaigns/nothinglike/au/sydney-product7,de/campaigns/nothinglike/au/sydney-product7.htm
CAMPAIGN,de/campaigns/nothinglike/au/sydney-product8,de/campaigns/nothinglike/au/sydney-product8.htm
CAMPAIGN,de/campaigns/nothinglike/au/sydney-product9,de/campaigns/nothinglike/au/sydney-product9.htm
CAMPAIGN,de/campaigns/nothinglike/au/sydney-product10,de/campaigns/nothinglike/au/sydney-product10.htm
CAMPAIGN,de/campaigns/nothinglike/au/sydney-product11,de/campaigns/nothinglike/au/sydney-product11.htm
CAMPAIGN,de/campaigns/nothinglike/au/sydney-itinerary,de/campaigns/nothinglike/au/sydney-itinerary.htm
CAMPAIGN,de/campaigns/nothinglike/au/sydney-itinerary2,de/campaigns/nothinglike/au/sydney-itinerary2.htm
CAMPAIGN,de/campaigns/nothinglike/au/sydney-itinerary3,de/campaigns/nothinglike/au/sydney-itinerary3.htm
CAMPAIGN,de/campaigns/nothinglike/au/sydney-itinerary4,de/campaigns/nothinglike/au/sydney-itinerary4.htm
CAMPAIGN,de/campaigns/nothinglike/au/sydney-experiences,de/campaigns/nothinglike/au/sydney-experiences.htm
CAMPAIGN,de/campaigns/nothinglike/au/uluru,de/campaigns/nothinglike/au/uluru.htm
CAMPAIGN,de/campaigns/nothinglike/au/uluru-product1,de/campaigns/nothinglike/au/uluru-product1.htm
CAMPAIGN,de/campaigns/nothinglike/au/uluru-product2,de/campaigns/nothinglike/au/uluru-product2.htm
CAMPAIGN,de/campaigns/nothinglike/au/uluru-product3,de/campaigns/nothinglike/au/uluru-product3.htm
CAMPAIGN,de/campaigns/nothinglike/au/uluru-product4,de/campaigns/nothinglike/au/uluru-product4.htm
CAMPAIGN,de/campaigns/nothinglike/au/uluru-product5,de/campaigns/nothinglike/au/uluru-product5.htm
CAMPAIGN,de/campaigns/nothinglike/au/uluru-product6,de/campaigns/nothinglike/au/uluru-product6.htm
CAMPAIGN,de/campaigns/nothinglike/au/uluru-product7,de/campaigns/nothinglike/au/uluru-product7.htm
CAMPAIGN,de/campaigns/nothinglike/au/uluru-product8,de/campaigns/nothinglike/au/uluru-product8.htm
CAMPAIGN,de/campaigns/nothinglike/au/uluru-product9,de/campaigns/nothinglike/au/uluru-product9.htm
CAMPAIGN,de/campaigns/nothinglike/au/uluru-itinerary,de/campaigns/nothinglike/au/uluru-itinerary.htm
CAMPAIGN,de/campaigns/nothinglike/au/uluru-experiences,de/campaigns/nothinglike/au/uluru-experiences.htm
CAMPAIGN,de/campaigns/nothinglike/au/wolgan-valley,de/campaigns/nothinglike/au/wolgan-valley.htm
CAMPAIGN,de/campaigns/nothinglike/au/wolgan-valley-product1,de/campaigns/nothinglike/au/wolgan-valley-product1.htm
CAMPAIGN,de/campaigns/nothinglike/au/wolgan-valley-product2,de/campaigns/nothinglike/au/wolgan-valley-product2.htm
CAMPAIGN,de/campaigns/nothinglike/au/wolgan-valley-product3,de/campaigns/nothinglike/au/wolgan-valley-product3.htm
CAMPAIGN,de/campaigns/nothinglike/au/wolgan-valley-product4,de/campaigns/nothinglike/au/wolgan-valley-product4.htm
CAMPAIGN,de/campaigns/nothinglike/au/wolgan-valley-product5,de/campaigns/nothinglike/au/wolgan-valley-product5.htm
CAMPAIGN,de/campaigns/nothinglike/au/wolgan-valley-product6,de/campaigns/nothinglike/au/wolgan-valley-product6.htm
CAMPAIGN,de/campaigns/nothinglike/au/wolgan-valley-product7,de/campaigns/nothinglike/au/wolgan-valley-product7.htm
CAMPAIGN,de/campaigns/nothinglike/au/wolgan-valley-product8,de/campaigns/nothinglike/au/wolgan-valley-product8.htm
CAMPAIGN,de/campaigns/nothinglike/au/wolgan-valley-product9,de/campaigns/nothinglike/au/wolgan-valley-product9.htm
CAMPAIGN,de/campaigns/nothinglike/au/wolgan-valley-product10,de/campaigns/nothinglike/au/wolgan-valley-product10.htm
CAMPAIGN,de/campaigns/nothinglike/au/wolgan-valley-itinerary,de/campaigns/nothinglike/au/wolgan-valley-itinerary.htm
CAMPAIGN,de/campaigns/nothinglike/au/wolgan-valley-itinerary2,de/campaigns/nothinglike/au/wolgan-valley-itinerary2.htm
CAMPAIGN,de/campaigns/nothinglike/au/wolgan-valley-itinerary3,de/campaigns/nothinglike/au/wolgan-valley-itinerary3.htm
CAMPAIGN,de/campaigns/nothinglike/au/wolgan-valley-itinerary4,de/campaigns/nothinglike/au/wolgan-valley-itinerary4.htm
CAMPAIGN,de/campaigns/nothinglike/au/wolgan-valley-itinerary5,de/campaigns/nothinglike/au/wolgan-valley-itinerary5.htm
CAMPAIGN,de/campaigns/nothinglike/au/wolgan-valley-itinerary6,de/campaigns/nothinglike/au/wolgan-valley-itinerary6.htm
CAMPAIGN,de/campaigns/nothinglike/au/wolgan-valley-experiences,de/campaigns/nothinglike/au/wolgan-valley-experiences.htm
ARTICLE,de/planning/australian-public-holidays,de/plan/before-you-go/australian-public-holidays
ARTICLE,de/planning/australian-school-holidays,de/plan/before-you-go/australian-school-holidays
ARTICLE,de/planning/health-safety,de/plan/before-you-go/health-safety
ARTICLE,de/planning/useful-tips,de/plan/before-you-go/useful-tips
ARTICLE,de/articles/australias-animals,de/about/key-facts/australias-animals
ARTICLE,de/articles/heritage-attractions,de/about/culture-history/australian-culture/heritage-attractions
ARTICLE,de/planning/backpacker-essentials,de/plan/before-you-go/work-volunteer-study/backpacker-essentials
ARTICLE,de/planning/backpacker-precincts,de/plan/before-you-go/work-volunteer-study/backpacker-precincts
ARTICLE,de/planning/youth-visa,de/plan/before-you-go/work-volunteer-study/youth-visa
ARTICLE,de/planning/planning-a-trip,de/plan/before-you-go/planning-a-trip
ARTICLE,de/articles/foa-holiday-favourites-au,foa-holiday-favourites-au
ARTICLE,de/articles/foa-holiday-favourites-john-bertrand-au,foa-holiday-favourites-john-bertrand-au
ARTICLE,de/articles/foa-holiday-favourites-terri-irwin-au,foa-holiday-favourites-terri-irwin-au
ARTICLE,de/articles/foa-holiday-favourites-david-whitehill-au,foa-holiday-favourites-david-whitehill-au
ARTICLE,de/articles/foa-holiday-favourites-steve-liebman-au,foa-holiday-favourites-steve-liebman-au
ARTICLE,de/articles/foa-holiday-favourites-sophie-falkiner-au,foa-holiday-favourites-sophie-falkiner-au
CAMPAIGN,de/campaigns/makingtracks/index,de/campaigns/makingtracks/index.htm
CAMPAIGN,de/campaigns/makingtracks/meet-the-musician-Andy-Bull,de/campaigns/makingtracks/meet-the-musician-Andy-Bull.htm
CAMPAIGN,de/campaigns/makingtracks/meet-the-musician-Desmond-NeySmith,de/campaigns/makingtracks/meet-the-musician-Desmond-NeySmith.htm
CAMPAIGN,de/campaigns/makingtracks/meet-the-musician-Dewayne-Everett-Smith,de/campaigns/makingtracks/meet-the-musician-Dewayne-Everett-Smith.htm
CAMPAIGN,de/campaigns/makingtracks/meet-the-musician-Irene-Chen,de/campaigns/makingtracks/meet-the-musician-Irene-Chen.htm
CAMPAIGN,de/campaigns/makingtracks/meet-the-musician-Jasmine-Beam,de/campaigns/makingtracks/meet-the-musician-Jasmine-Beam.htm
CAMPAIGN,de/campaigns/makingtracks/meet-the-musician-Luke-Web,de/campaigns/makingtracks/meet-the-musician-Luke-Web.htm
CAMPAIGN,de/campaigns/makingtracks/meet-the-musician-Samuel-Blair,de/campaigns/makingtracks/meet-the-musician-Samuel-Blair.htm
CAMPAIGN,de/campaigns/makingtracks/meet-the-musician-Stu-Cullen,de/campaigns/makingtracks/meet-the-musician-Stu-Cullen.htm
CAMPAIGN,de/campaigns/makingtracks/musical-pairs-luke-desmond,de/campaigns/makingtracks/musical-pairs-luke-desmond.htm
CAMPAIGN,de/campaigns/makingtracks/musical-pairs-andy-irene,de/campaigns/makingtracks/musical-pairs-andy-irene.htm
CAMPAIGN,de/campaigns/makingtracks/musical-pairs-dewayne-jasmine,de/campaigns/makingtracks/musical-pairs-dewayne-jasmine.htm
CAMPAIGN,de/campaigns/makingtracks/musical-pairs-stu-samuel,de/campaigns/makingtracks/musical-pairs-stu-samuel.htm