ICON,es/places/great-barrier-reef,es/explore/icons/great-barrier-reef
ICON,es/places/red-centre,es/explore/icons/red-centre
ICON,es/places/great-ocean-road,es/explore/icons/great-ocean-road
ICON,es/places/kakadu,es/explore/icons/kakadu
ICON,es/places/kimberley,es/explore/icons/kimberley
ICON,es/places/kangaroo-island,es/explore/icons/kangaroo-island
ICON,es/places/byron-bay,es/explore/icons/byron-bay
ICON,es/places/tas-wilderness,es/explore/icons/tas-wilderness
ICON,es/places/alps,es/explore/icons/alps
ICON,es/places/ningaloo,es/explore/icons/ningaloo
ICON,es/places/flinders,es/explore/icons/flinders
ICON,es/places/fraser-island,es/explore/icons/fraser-island
ICON,es/places/freycinet,es/explore/icons/freycinet
ICON,es/places/gippsland,es/explore/icons/gippsland
ICON,es/places/blue-mountains,es/explore/icons/blue-mountains
ICON,es/places/namadgi,es/explore/icons/namadgi
CITY,es/places/sydney,es/explore/cities/sydney
CITY,es/places/melbourne,es/explore/cities/melbourne
CITY,es/places/brisbane,es/explore/cities/brisbane
CITY,es/places/perth,es/explore/cities/perth
CITY,es/places/darwin,es/explore/cities/darwin
CITY,es/places/adelaide,es/explore/cities/adelaide
CITY,es/places/hobart,es/explore/cities/hobart
CITY,es/places/canberra,es/explore/cities/canberra
CITY,es/places/gold-coast,es/explore/cities/gold-coast
CITY,es/places/cairns,es/explore/cities/cairns
CITY,es/places/alice-springs,es/explore/cities/alice-springs
CITY,es/places/broome,es/explore/cities/broome
CATEGORY PAGE,es/places/regional-cities,es/explore/cities/regional-cities
CITY,es/places/nsw/orange,es/explore/events/nsw-taste-of-orange
CITY,es/places/qld/bundaberg-natural-attraction,es/explore/cities/regional-cities/bundaberg-natural-attraction
CITY,es/places/tas/launceston-devonport-burnie,es/explore/cities/regional-cities/tas-launceston-devonport-burnie
CITY,es/places/vic/bendigo,es/explore/states/vic/vic-bendigo
CITY,es/places/wa/albany,es/explore/cities/regional-cities/wa-albany
CITY,es/places/wa/kalgoorlie,es/explore/states/wa/wa-kalgoorlie
CITY,es/places/wa/kununurra,es/explore/states/wa/wa-kununurra
STATE,es/places/nsw,es/explore/states/nsw
ARTICLE,es/places/nsw/anz-stadium,es/about/culture-history/stadiums/anz-stadium
ARTICLE,es/places/nsw/allianz-stadium,es/about/culture-history/stadiums/allianz-stadium
ARTICLE,es/places/nsw/nsw-glebe,es/explore/cities/sydney/nsw-glebe
ARTICLE,es/places/nsw/sydney-the-rocks,es/explore/cities/sydney/sydney-the-rocks
ARTICLE,es/places/nsw/sydney-harbour-np,es/explore/cities/sydney/sydney-harbour-np
ARTICLE,es/places/nsw/nsw-manly-beach,es/explore/cities/sydney/nsw-manly-beach
ARTICLE,es/places/nsw/nsw-palm-beach,es/explore/cities/sydney/nsw-palm-beach
ARTICLE,es/places/nsw/nsw-bondi-beach,es/explore/cities/sydney/nsw-bondi-beach
ARTICLE,es/places/nsw/nsw-bondi-bronte,es/explore/cities/sydney/nsw-bondi-bronte
ARTICLE,es/places/nsw/nsw-coogee-beach,es/explore/cities/sydney/nsw-coogee-beach
ARTICLE,es/places/nsw/nsw-sydney-beaches,es/explore/cities/sydney/nsw-sydney-beaches
ARTICLE,es/places/nsw/coffs-harbour,es/explore/states/nsw/coffs-harbour
ARTICLE,es/places/nsw/nsw-spring-hunter-valley,es/explore/states/nsw/nsw-spring-hunter-valley
ARTICLE,es/places/nsw/nsw-jervis-bay,es/explore/states/nsw/nsw-jervis-bay
STATE,es/places/vic,es/explore/states/vic
ARTICLE,es/places/vic/flemington-racecourse-stadium,es/about/culture-history/stadiums/flemington-racecourse-stadium
ARTICLE,es/places/vic/melbourne-cricket-ground,es/about/culture-history/stadiums/melbourne-cricket-ground
ARTICLE,es/places/vic/rod-laver-arena,es/about/culture-history/stadiums/rod-laver-arena
ARTICLE,es/places/vic/etihad-stadium,es/about/culture-history/stadiums/etihad-stadium
ARTICLE,es/places/vic/melbourne-hidden-laneways,es/explore/cities/melbourne/melbourne-hidden-laneways
ARTICLE,es/places/vic/melbourne-rooftop-culture,es/explore/cities/melbourne/melbourne-rooftop-culture
ARTICLE,es/places/vic/vic-brunswick,es/explore/cities/melbourne/vic-brunswick
ARTICLE,es/places/vic/fed-square,es/explore/cities/melbourne/fed-square
ARTICLE,es/places/vic/st-kilda,es/explore/cities/melbourne/st-kilda
ARTICLE,es/places/vic/mornington-peninsula,es/explore/cities/melbourne/mornington-peninsula
ARTICLE,es/places/vic/vic-torquay,es/explore/states/vic/vic-torquay
ARTICLE,es/places/vic/vic-grampians,es/explore/states/vic/vic-grampians
ARTICLE,es/places/vic/vic-12-apostles,es/explore/states/vic/vic-12-apostles
ARTICLE,es/places/vic/vic-bendigo,es/explore/states/vic/vic-bendigo
ARTICLE,es/places/vic/vic-snow-play,es/explore/states/vic/vic-snow-play
STATE,es/places/qld,es/explore/states/qld
ARTICLE,es/places/qld/suncorp-stadium,es/about/culture-history/stadiums/suncorp-stadium
ARTICLE,es/places/qld/the-gabba,es/about/culture-history/stadiums/the-gabba
ARTICLE,es/places/qld/brisbane-culture-life,es/explore/cities/brisbane/brisbane-culture-life
ARTICLE,es/places/qld/qld-adventure-on-brisbane-river,es/explore/cities/brisbane/qld-adventure-on-brisbane-river
ARTICLE,es/places/qld/qld-surfing,es/explore/cities/gold-coast/qld-surfing
ARTICLE,es/places/qld/port-douglas,es/explore/cities/cairns/port-douglas
ARTICLE,es/places/qld/kuranda,es/explore/cities/cairns/kuranda
STATE,es/places/nt,es/explore/states/nt
ARTICLE,es/places/nt/darwin-historical-attractions,es/explore/cities/darwin/nt-darwin-historical-attractions
ARTICLE,es/places/nt/darwin-art-precincts,es/explore/cities/darwin/darwin-art-precincts
ARTICLE,es/places/nt/darwin-waterfront,es/explore/cities/darwin/darwin-waterfront
ARTICLE,es/places/nt/mindil-markets,es/explore/cities/darwin/nt-mindil-markets
STATE,es/places/wa,es/explore/states/wa
ARTICLE,es/places/wa/the-waca,es/about/culture-history/stadiums/the-waca
ARTICLE,es/places/wa/perth-city-precincts,es/explore/cities/perth/perth-city-precincts
ARTICLE,es/places/wa/cottesloe-beach,es/explore/cities/perth/wa-cottesloe-beach
ARTICLE,es/places/wa/rottnest-island,es/explore/cities/perth/rottnest-island
ARTICLE,es/places/wa/cable-beach,es/explore/cities/broome/wa-cable-beach
ARTICLE,es/places/wa/albany,es/explore/cities/regional-cities/wa-albany
STATE,es/places/sa,es/explore/states/sa
ARTICLE,es/places/sa/adelaide-oval,es/about/culture-history/stadiums/adelaide-oval
ARTICLE,es/places/sa/adelaide-central-market,es/explore/cities/adelaide/adelaide-central-market
ARTICLE,es/places/sa/glenelg-beach,es/explore/cities/adelaide/sa-glenelg-beach
ARTICLE,es/places/sa/hahndorf,es/explore/cities/adelaide/sa-hahndorf
STATE,es/places/tas,es/explore/states/tas
ARTICLE,es/places/tas/hobart-salamanca-place,es/explore/cities/hobart/hobart-salamanca-place
ARTICLE,es/places/tas/winter-secrets,es/explore/states/tas/tas-winter-secrets
STATE,es/places/act,es/explore/states/act
ARTICLE,es/places/act/canberra-stadium,es/about/culture-history/stadiums/canberra-stadium
ARTICLE,es/places/act/manuka-oval,es/about/culture-history/stadiums/manuka-oval
ARTICLE,es/places/act/canberra-aboriginal-art,es/explore/cities/canberra/canberra-aboriginal-art
ARTICLE,es/places/act/canberra-home-grown-shopping,es/explore/cities/canberra/canberra-home-grown-shopping
ARTICLE,es/places/act/fireside-festival,es/explore/cities/canberra/act-fireside-festival
CATEGORY,es/itineraries/holiday-ideas,es/explore/itineraries-ideas/holiday-ideas
CATEGORY,es/itineraries/drive-australia,es/explore/itineraries-ideas/drive-australia
ITINERARY,es/itineraries/nsw-pacific-coast-touring-route,es/explore/itineraries/nsw-pacific-coast-touring-route
ITINERARY,es/itineraries/nt-red-centre-way,es/explore/itineraries/nt-red-centre-way
ITINERARY,es/itineraries/qld-pacific-coast,es/explore/itineraries/qld-pacific-coast
ITINERARY,es/itineraries/nt-natures-way,es/explore/itineraries/nt-natures-way
ITINERARY,es/itineraries/nsw-sydney-to-melbourne-coastal-drive,es/explore/itineraries/nsw-sydney-to-melbourne-coastal-drive
ITINERARY,es/itineraries/wa-indian-ocean-drive,es/explore/itineraries/wa-indian-ocean-drive
ITINERARY,es/itineraries/vic-great-southern-touring-route,es/explore/itineraries/vic-great-southern-touring-route
ITINERARY,es/itineraries/wa-gibb-river-rd,es/explore/itineraries/wa-gibb-river-rd
ITINERARY,es/itineraries/melbourne-adelaide-gor,es/explore/itineraries/melbourne-adelaide-gor
ITINERARY,es/itineraries/tas-circle-tas,es/explore/itineraries/tas-circle-tas
ITINERARY,es/itineraries/sa-loop,es/explore/itineraries/sa-loop
ITINERARY,es/itineraries/tas-east-coast,es/explore/itineraries/tas-east-coast
ITINERARY,es/itineraries/sa-explorers-highway,es/explore/itineraries/sa-explorers-highway
CATEGORY,es/itineraries/coastal-journeys,es/explore/itineraries-ideas/coastal-journeys
ITINERARY,es/itineraries/vic-great-southern-touring-route,es/explore/itineraries/vic-great-southern-touring-route
ITINERARY,es/itineraries/nsw-pacific-coast-touring-route,es/explore/itineraries/nsw-pacific-coast-touring-route
ITINERARY,es/itineraries/qld-pacific-coast,es/explore/itineraries/qld-pacific-coast
ITINERARY,es/itineraries/nsw-sydney-to-melbourne-coastal-drive,es/explore/itineraries/nsw-sydney-to-melbourne-coastal-drive
ITINERARY,es/itineraries/wa-south-west-beaches-goldfields,es/explore/itineraries/wa-south-west-beaches-goldfields
ITINERARY,es/itineraries/vic-wilsons-prom,es/explore/itineraries/vic-wilsons-prom
ITINERARY,es/itineraries/qld-3days-gold-coast,es/explore/itineraries/qld-3days-gold-coast
ITINERARY,es/itineraries/wa-3days-broome,es/explore/itineraries/wa-3days-broome
ITINERARY,es/itineraries/tas-east-coast,es/explore/itineraries/tas-east-coast
ITINERARY,es/itineraries/qld-whitsundays-sailing,es/explore/itineraries/qld-whitsundays-sailing
ITINERARY,es/itineraries/qld-great-sunshine-way,es/explore/itineraries/qld-great-sunshine-way
ITINERARY,es/itineraries/qld-3days-cairns,es/explore/itineraries/qld-3days-cairns
ITINERARY,es/itineraries/wa-indian-ocean-drive,es/explore/itineraries/wa-indian-ocean-drive
ITINERARY,es/itineraries/qld-tropical-drive,es/explore/itineraries/qld-tropical-drive
ITINERARY,es/itineraries/melbourne-adelaide-gor,es/explore/itineraries/melbourne-adelaide-gor
ITINERARY,es/itineraries/big-pacific-coast-touring-route,es/explore/itineraries/big-pacific-coast-touring-route
CATEGORY,es/itineraries/outback-journeys,es/explore/itineraries-ideas/outback-journeys
ITINERARY,es/itineraries/wa-gibb-river-rd,es/explore/itineraries/wa-gibb-river-rd
ITINERARY,es/itineraries/nt-red-centre-way,es/explore/itineraries/nt-red-centre-way
ITINERARY,es/itineraries/sa-explorers-highway,es/explore/itineraries/sa-explorers-highway
ITINERARY,es/itineraries/wa-savannah,es/explore/itineraries/wa-savannah
ITINERARY,es/itineraries/qld-savannah-way,es/explore/itineraries/qld-savannah-way
ITINERARY,es/itineraries/sa-loop,es/explore/itineraries/sa-loop
ITINERARY,es/itineraries/nt-natures-way,es/explore/itineraries/nt-natures-way
ITINERARY,es/itineraries/nt-larapinta-trail,es/explore/itineraries/nt-larapinta-trail
ITINERARY,es/itineraries/wa-sa-nsw-indian-pacific,es/explore/itineraries/wa-sa-nsw-indian-pacific
ITINERARY,es/itineraries/sa-ghan,es/explore/itineraries/sa-ghan
ITINERARY,es/itineraries/crossing-nullarbor,es/explore/itineraries/crossing-nullarbor
CATEGORY,es/itineraries/nature-discovery,es/explore/itineraries-ideas/nature-discovery
ITINERARY,es/itineraries/nt-natures-way,es/explore/itineraries/nt-natures-way
ITINERARY,es/itineraries/vic-great-alpine-way,es/explore/itineraries/vic-great-alpine-way
ITINERARY,es/itineraries/tas-circle-tas,es/explore/itineraries/tas-circle-tas
ITINERARY,es/itineraries/tas-east-coast,es/explore/itineraries/tas-east-coast
ITINERARY,es/itineraries/sa-loop,es/explore/itineraries/sa-loop
ITINERARY,es/itineraries/tas-overland-track,es/explore/itineraries/tas-overland-track
ITINERARY,es/itineraries/act-australian-alps-walking-track,es/explore/itineraries/act-australian-alps-walking-track
ITINERARY,es/itineraries/qld-goldcoast-hinterland,es/explore/itineraries/qld-goldcoast-hinterland
ITINERARY,es/itineraries/sa-heysen-trail,es/explore/itineraries/sa-heysen-trail
ITINERARY,es/itineraries/vic-wilsons-prom,es/explore/itineraries/vic-wilsons-prom
ITINERARY,es/itineraries/nsw-six-foot-track,es/explore/itineraries/nsw-six-foot-track
ITINERARY,es/itineraries/act-capital-country,es/explore/itineraries/act-capital-country
ITINERARY,es/itineraries/act-poachers-way,es/explore/itineraries/act-poachers-way
ITINERARY,es/itineraries/rainforest-way,es/explore/itineraries/rainforest-way
CATEGORY,es/itineraries/adventure-journeys,es/explore/itineraries-ideas/adventure-journeys
ITINERARY,es/itineraries/wa-gibb-river-rd,es/explore/itineraries/wa-gibb-river-rd
ITINERARY,es/itineraries/nt-red-centre-way,es/explore/itineraries/nt-red-centre-way
ITINERARY,es/itineraries/sa-explorers-highway,es/explore/itineraries/sa-explorers-highway
ITINERARY,es/itineraries/wa-savannah,es/explore/itineraries/wa-savannah
ITINERARY,es/itineraries/qld-savannah-way,es/explore/itineraries/qld-savannah-way
ITINERARY,es/itineraries/sa-loop,es/explore/itineraries/sa-loop
ITINERARY,es/itineraries/nt-natures-way,es/explore/itineraries/nt-natures-way
ITINERARY,es/itineraries/nt-larapinta-trail,es/explore/itineraries/nt-larapinta-trail
ITINERARY,es/itineraries/sa-heysen-trail,es/explore/itineraries/sa-heysen-trail
ITINERARY,es/itineraries/qld-whitsundays-sailing,es/explore/itineraries/qld-whitsundays-sailing
ITINERARY,es/itineraries/wa-munda-biddi-trail,es/explore/itineraries/wa-munda-biddi-trail
ITINERARY,es/itineraries/crossing-nullarbor,es/explore/itineraries/crossing-nullarbor
CATEGORY,es/itineraries/aboriginal-discovery,es/explore/itineraries-ideas/aboriginal-discovery
ITINERARY,es/itineraries/nt-red-centre-way,es/explore/itineraries/nt-red-centre-way
ITINERARY,es/itineraries/nt-natures-way,es/explore/itineraries/nt-natures-way
ITINERARY,es/itineraries/sa-loop,es/explore/itineraries/sa-loop
ITINERARY,es/itineraries/vic-great-southern-touring-route,es/explore/itineraries/vic-great-southern-touring-route
ITINERARY,es/itineraries/tas-east-coast,es/explore/itineraries/tas-east-coast
ITINERARY,es/itineraries/sa-explorers-highway,es/explore/itineraries/sa-explorers-highway
ITINERARY,es/itineraries/wa-savannah,es/explore/itineraries/wa-savannah
ITINERARY,es/itineraries/wa-south-west-beaches-goldfields,es/explore/itineraries/wa-south-west-beaches-goldfields
CATEGORY,es/itineraries/walking-australia,es/explore/itineraries-ideas/walking-australia
ITINERARY,es/itineraries/tas-overland-track,es/explore/itineraries/tas-overland-track
ITINERARY,es/itineraries/act-australian-alps-walking-track,es/explore/itineraries/act-australian-alps-walking-track
ITINERARY,es/itineraries/qld-goldcoast-hinterland,es/explore/itineraries/qld-goldcoast-hinterland
ITINERARY,es/itineraries/sa-heysen-trail,es/explore/itineraries/sa-heysen-trail
ITINERARY,es/itineraries/nt-larapinta-trail,es/explore/itineraries/nt-larapinta-trail
ITINERARY,es/itineraries/vic-wilsons-prom,es/explore/itineraries/vic-wilsons-prom
ITINERARY,es/itineraries/nsw-six-foot-track,es/explore/itineraries/nsw-six-foot-track
ITINERARY,es/itineraries/wa-bibbulmun-track,es/explore/itineraries/wa-bibbulmun-track
ITINERARY,es/itineraries/nsw-kanangra-katoomba,es/explore/itineraries/nsw-kanangra-katoomba
ITINERARY,es/itineraries/sydney-coastal-walks,es/explore/itineraries/sydney-coastal-walks
ITINERARY,es/itineraries/hinchinbrook-island,es/explore/itineraries/hinchinbrook-island
CATEGORY,es/itineraries/holiday-ideas,es/explore/itineraries-ideas/holiday-ideas
ITINERARY,es/itineraries/nsw-3weeks-sydney,es/explore/itineraries/nsw-3weeks-sydney
ITINERARY,es/itineraries/vic-3weeks-melbourne,es/explore/itineraries/vic-3weeks-melbourne
ITINERARY,es/itineraries/qld-3weeks-brisbane,es/explore/itineraries/qld-3weeks-brisbane
ITINERARY,es/itineraries/wa-3weeks-perth,es/explore/itineraries/wa-3weeks-perth
ITINERARY,es/itineraries/sa-3weeks-adelaide,es/explore/itineraries/sa-3weeks-adelaide
ITINERARY,es/itineraries/nt-3weeks-darwin,es/explore/itineraries/nt-3weeks-darwin
ITINERARY,es/itineraries/qld-3weeks-cairns,es/explore/itineraries/qld-3weeks-cairns
CATEGORY,es/itineraries/city-journeys,es/explore/itineraries-ideas/city-journeys
ITINERARY,es/itineraries/nsw-3days-sydney,es/explore/itineraries/nsw-3days-sydney
ITINERARY,es/itineraries/vic-3days-melbourne,es/explore/itineraries/vic-3days-melbourne
ITINERARY,es/itineraries/qld-3days-brisbane,es/explore/itineraries/qld-3days-brisbane
ITINERARY,es/itineraries/wa-3days-perth,es/explore/itineraries/wa-3days-perth
ITINERARY,es/itineraries/sa-3days-adelaide,es/explore/itineraries/sa-3days-adelaide
ITINERARY,es/itineraries/nt-3days-darwin,es/explore/itineraries/nt-3days-darwin
ITINERARY,es/itineraries/tas-3days-hobart,es/explore/itineraries/tas-3days-hobart
ITINERARY,es/itineraries/act-3days-canberra,es/explore/itineraries/act-3days-canberra
ITINERARY,es/itineraries/qld-3days-cairns,es/explore/itineraries/qld-3days-cairns
ITINERARY,es/itineraries/nt-3days-alice-springs,es/explore/itineraries/nt-3days-alice-springs
ITINERARY,es/itineraries/wa-3days-broome,es/explore/itineraries/wa-3days-broome
ITINERARY,es/itineraries/qld-3days-gold-coast,es/explore/itineraries/qld-3days-gold-coast
CATEGORY,es/itineraries/australian-holiday-stories,es/explore/things-to-do/australian-holiday-stories
ITINERARY,es/itineraries/nsw-sydney-story,es/explore/cities/sydney/nsw-sydney-story
ITINERARY,es/itineraries/nt-uluru-story,es/explore/icons/red-centre/nt-uluru-story
ITINERARY,es/itineraries/wa-pinnacles-travel-story,es/explore/states/wa/wa-pinnacles-travel-story
ITINERARY,es/itineraries/tasman-national-park-story,es/explore/states/tas/tasman-national-park-story
ITINERARY,es/itineraries/margaret-river-story,es/explore/states/wa/margaret-river-story
ITINERARY,es/itineraries/sa-kangaroo-Island-story,es/explore/icons/kangaroo-island/sa-kangaroo-Island-story
ITINERARY,es/itineraries/nt-kakadu-story,es/explore/icons/kakadu/nt-kakadu-story
ITINERARY,es/itineraries/wa-kimberley-travel-story,es/explore/icons/kimberley/wa-kimberley-travel-story
ITINERARY,es/itineraries/liffey-falls-story,es/explore/cities/hobart/liffey-falls-story
ITINERARY,es/itineraries/port-campbell-travel-story,es/explore/icons/great-ocean-road/port-campbell-travel-story
ITINERARY,es/itineraries/qld-surfers-paradise-story,es/explore/cities/gold-coast/qld-surfers-paradise-story
ITINERARY,es/itineraries/bruny-travel-story,es/explore/states/tas/bruny-travel-story
ITINERARY,es/itineraries/qld-tangalooma-story,es/explore/cities/brisbane/qld-tangalooma-story
ITINERARY,es/itineraries/wa-karijini-story,es/explore/states/wa/wa-karijini-story
ITINERARY,es/itineraries/act-tharwa-story,es/explore/cities/canberra/act-tharwa-story
ITINERARY,es/itineraries/wa-valley-of-the-giants-story,es/explore/states/wa/wa-valley-of-the-giants-story
ITINERARY,es/itineraries/wa-wave-rock-story,es/explore/states/wa/wa-wave-rock-story
EVENT LANDING,es/events/major-events,es/explore/australian-events/major-events
EVENT LANDING,es/events/sporting-events,es/explore/australian-events/sporting-events
EVENT LANDING,es/events/horse-racing-events,es/explore/australian-events/horse-racing-events
EVENT LANDING,es/events/beaches-events,es/explore/australian-events/beaches-events
EVENT LANDING,es/events/culture-events,es/explore/australian-events/culture-events
EVENT LANDING,es/events/art-events,es/explore/australian-events/art-events
EVENT LANDING,es/events/music-festivals-events,es/explore/australian-events/music-festivals-events
EVENT LANDING,es/events/food-wine-events,es/explore/australian-events/food-wine-events
EVENT LANDING,es/events/regional-outback-events,es/explore/australian-events/regional-outback-events
EVENT LANDING,es/events/aboriginal-events,es/explore/australian-events/aboriginal-events
EVENT LANDING,es/events/natural-events,es/explore/australian-events/natural-events
EVENT LANDING,es/events/nat-uniquely-australian-events,es/explore/australian-events/nat-uniquely-australian-events
EVENT ARTICLE ,es/events/2014/january/tour-down-under,es/explore/events/tour-down-under
EVENT ARTICLE ,es/events/2014/february/australian-open,es/explore/events/australian-open
EVENT ARTICLE ,es/events/2014/march/australia-day,es/explore/events/australia-day
EVENT ARTICLE ,es/events/2014/april/melbourne-food-and-wine-festival,es/explore/events/melbourne-food-and-wine-festival
EVENT ARTICLE ,es/events/2014/may/vic-australian-grand-prix,es/explore/events/vic-australian-grand-prix
EVENT ARTICLE ,es/events/2014/june/opera-sydney-harbour,es/explore/events/opera-sydney-harbour
EVENT ARTICLE ,es/events/2014/july/sydney-royal-easter-show,es/explore/events/sydney-royal-easter-show
EVENT ARTICLE ,es/events/2014/august/vivid-sydney,es/explore/events/vivid-sydney
EVENT ARTICLE ,es/events/2014/september/british-lions-2013,es/explore/events/british-lions-2013
EVENT ARTICLE ,es/events/2014/october/australias-running-events,es/explore/events/australias-running-events
EVENT ARTICLE ,es/events/2014/november/floriade,es/explore/events/floriade
EVENT ARTICLE ,es/events/2014/december/afl-events,es/explore/events/afl-events
EVENT ARTICLE ,es/events/2014/january/melbourne-cup-carnival,es/explore/events/melbourne-cup-carnival
EVENT ARTICLE ,es/events/2014/february/syd-hobart-yacht-race,es/explore/events/syd-hobart-yacht-race
EVENT ARTICLE ,es/events/2014/march/nat-new-years-fireworks,es/explore/events/nat-new-years-fireworks
EVENT ARTICLE ,es/events/2014/april/sydney-mardi-gras,es/explore/events/sydney-mardi-gras
EVENT ARTICLE ,es/events/2014/may/jazz-blues-classical-festivals,es/explore/events/jazz-blues-classical-festivals
EVENT ARTICLE ,es/events/2014/june/indie-alternative-rock-festivals,es/explore/events/indie-alternative-rock-festivals
EVENT ARTICLE ,es/events/2014/july/folk-country-world-music-festivals,es/explore/events/folk-country-world-music-festivals
EVENT ARTICLE ,es/events/2014/august/horse-racing-events-article,es/explore/events/horse-racing-events-article
EVENT ARTICLE ,es/events/2014/september/act-canberra-balloon-fiesta,es/explore/events/act-canberra-balloon-fiesta
EVENT ARTICLE ,es/events/2014/october/nat-film-festivals,es/explore/events/nat-film-festivals
EVENT ARTICLE ,es/events/2014/november/nsw-taste-of-orange,es/explore/events/nsw-taste-of-orange
EVENT ARTICLE ,es/events/2014/december/nt-henley-on-todd,es/explore/events/nt-henley-on-todd
EVENT ARTICLE ,es/events/2014/january/tas-taste-festival,es/explore/events/tas-taste-festival
EVENT ARTICLE ,es/events/2014/february/vic-spring-racing,es/explore/events/vic-spring-racing
EVENT ARTICLE ,es/events/2014/march/australias-motorsport-events,es/explore/events/australias-motorsport-events
EVENT ARTICLE ,es/events/2014/april/nsw-orange-food-week,es/explore/events/nsw-orange-food-week
EVENT ARTICLE ,es/events/2014/may/qld-coolangatta-ocean-swim,es/explore/events/qld-coolangatta-ocean-swim
EVENT ARTICLE ,es/events/2014/june/summer-cricket,es/explore/events/summer-cricket
EVENT ARTICLE ,es/events/2014/july/wa-ord-valley-muster,es/explore/events/wa-ord-valley-muster
EVENT ARTICLE ,es/events/2014/august/australias-grand-slam-tennis,es/explore/events/australias-grand-slam-tennis
EVENT ARTICLE ,es/events/2014/september/surfing-events,es/explore/events/surfing-events
EVENT ARTICLE ,es/events/2014/october/australian-theatre,es/explore/events/australian-theatre
EVENT ARTICLE ,es/events/2014/november/ashes-2013,es/explore/events/ashes-2013
EVENT ARTICLE ,es/events/2014/december/australias-cycling-events,es/explore/events/australias-cycling-events
EVENT ARTICLE ,es/events/2014/january/australias-golf-events,es/explore/events/australias-golf-events
EVENT ARTICLE ,es/events/2014/february/australias-oceans-swims,es/explore/events/australias-oceans-swims
EVENT ARTICLE ,es/events/2014/march/bledisloe-cup,es/explore/events/bledisloe-cup
EVENT ARTICLE ,es/events/2014/april/endurance-events,es/explore/events/endurance-events
EVENT ARTICLE ,es/events/2014/may/sa-tasting-australia,es/explore/events/sa-tasting-australia
EVENT ARTICLE ,es/events/2014/june/australian-opera,es/explore/events/australian-opera
EVENT ARTICLE ,es/events/2014/july/sa-outback-cattle-drive,es/explore/events/sa-outback-cattle-drive
EVENT ARTICLE ,es/events/2014/august/wa-margaret-river-wine-festival,es/explore/events/wa-margaret-river-wine-festival
EVENT ARTICLE ,es/events/2014/september/surf-life-saving-events,es/explore/events/surf-life-saving-events
CATEGORY,es/categories/outback-australia,es/about/australias-landscapes/outback-australia
ARTICLE,es/places/nsw/mungo,es/explore/states/nsw/nsw-mungo
ARTICLE,es/articles/outback,es/about/australias-landscapes/outback/outback
ARTICLE,es/articles/houseboating-murray-river,es/explore/things-to-do/australian-adventure/houseboating-murray-river
ARTICLE,es/articles/glamping-australia,es/explore/things-to-do/australian-adventure/glamping-australia
ARTICLE,es/articles/outback-cattle-drive,es/explore/events/sa-outback-cattle-drive
CATEGORY,es/categories/aboriginal-australia,es/explore/things-to-do/aboriginal-australia
ARTICLE,es/articles/aboriginal,es/explore/things-to-do/aboriginal-australia/aboriginal
CITY ,es/places/nt/alice-springs,es/explore/cities/alice-springs
CATEGORY,es/categories/food-and-wine,es/explore/things-to-do/food-and-wine
ARTICLE,es/articles/australian-wineries,es/about/australias-landscapes/australian-wineries
ARTICLE,es/articles/ultimate-wineries,es/explore/things-to-do/ultimate-wineries
CATEGORY,es/categories/art-music-culture,es/about/culture-history/culture
ARTICLE,es/articles/australian-art,es/about/culture-history/australian-art
ARTICLE,es/articles/shopping,es/explore/things-to-do/shopping
ARTICLE,es/articles/shopping/nat-shopping,es/explore/things-to-do/shopping/nat-shopping
ARTICLE,es/articles/shopping/nat-australias-markets,es/explore/things-to-do/shopping/nat-australias-markets
ARTICLE,es/articles/shopping/australias-opals,es/explore/things-to-do/shopping/australias-opals
ARTICLE,es/articles/shopping/australian-souvenirs,es/explore/things-to-do/shopping/australian-souvenirs
ARTICLE,es/articles/famous-australians,es/about/culture-history/famous-australians
CATEGORY,es/categories/australias-islands,es/about/australias-landscapes/australias-islands
ARTICLE,es/places/qld/tangalooma,es/explore/states/qld/tangalooma
ARTICLE,es/places/qld/whitsundays-islands,es/explore/icons/great-barrier-reef/whitsundays-islands
ARTICLE,es/places/tas/tas-bass-strait-islands,es/explore/states/tas/tas-bass-strait-islands
ARTICLE,es/places/nsw/nsw-lord-howe-island,es/explore/states/nsw/nsw-lord-howe-island
ARTICLE,es/places/nt/tiwi-islands,es/about/australias-landscapes/australias-islands/tiwi-islands
CATEGORY,es/categories/nature and wildlife,es/about/australias-landscapes/nature
ARTICLE,es/articles/natural-australia,es/explore/things-to-do/natural-australia
ARTICLE,es/articles/nat-australias-rainforests,es/explore/things-to-do/nature/nat-australias-rainforests
ARTICLE,es/articles/world-heritage-sites-australia,es/explore/things-to-do/nature/world-heritage-sites-australia
ARTICLE,es/facts/plants,es/about/key-facts/plants
CATEGORY,es/categories/beaches ,es/about/australias-landscapes/australian-beaches
ARTICLE,es/articles/coastal,es/about/australias-landscapes/coastal
ARTICLE,es/articles/sydney-beaches,es/explore/cities/sydney/nsw-sydney-beaches
CATEGORY,es/categories/australian-sport ,es/explore/things-to-do/australian-adventure/nat-australian-sport
ARTICLE,es/articles/australias-stadiums-venues,es/about/culture-history/australias-stadiums-venues
ARTICLE,es/articles/great-golf-courses,es/explore/things-to-do/great-golf-courses
CATEGORY,es/categories/australian-adventure,es/explore/things-to-do/australian-adventure
ARTICLE,es/articles/great-walks,es/explore/things-to-do/great-walks
ARTICLE,es/articles/great-luxury-lodges,es/explore/things-to-do/great-luxury-lodges
CATEGORY  ,es/categories/youthful-travellers,es/explore/things-to-do/youthful-travellers
ARTICLE,es/planning/working-holiday-visa,es/plan/before-you-go/working-holiday-visa
ARTICLE,es/planning/working-holiday-visa-faq,es/plan/before-you-go/working-holiday-visa-faq
ARTICLE,es/planning/work-study-abroad,es/plan/before-you-go/work-study-abroad
CATEGORY ,es/facts,es/about
CATEGORY ,es/facts/weather,es/about/key-facts/weather
ARTICLE,es/facts/sydney-weather,es/about/key-facts/weather/sydney-weather
ARTICLE,es/facts/melbourne-weather,es/about/key-facts/weather/melbourne-weather
ARTICLE,es/facts/adelaide-weather,es/about/key-facts/weather/adelaide-weather
ARTICLE,es/facts/perth-weather,es/about/key-facts/weather/perth-weather
ARTICLE,es/facts/brisbane-weather,es/about/key-facts/weather/brisbane-weather
ARTICLE,es/facts/cairns-weather,es/about/key-facts/weather/cairns-weather
ARTICLE,es/facts/hobart-weather,es/about/key-facts/weather/hobart-weather
ARTICLE,es/facts/canberra-weather,es/about/key-facts/weather/canberra-weather
ARTICLE,es/facts/alice-springs-weather,es/about/key-facts/weather/alice-springs-weather
ARTICLE,es/facts/broome-weather,es/about/key-facts/weather/broome-weather
ARTICLE,es/facts/darwin-weather,es/about/key-facts/weather/darwin-weather
ARTICLE,es/facts/gold-coast-weather,es/about/key-facts/weather/gold-coast-weather
ARTICLE,es/planning/tips-hazards,es/plan/while-your-here/tips-hazards
CATEGORY ,es/facts/australias-seasons,es/about/australias-landscapes/australias-seasons
ARTICLE,es/facts/australias-seasons/summer,es/about/australias-landscapes/australias-seasons/summer
ARTICLE,es/facts/australias-seasons/autumn,es/about/australias-landscapes/australias-seasons/autumn
ARTICLE,es/facts/australias-seasons/winter,es/about/australias-landscapes/australias-seasons/winter
ARTICLE,es/facts/australias-seasons/spring,es/about/australias-landscapes/australias-seasons/spring
ARTICLE,es/planning/getting-there,es/plan/plan-your-trip/getting-there
CATEGORY ,es/planning/planning-a-trip,es/plan/before-you-go/planning-a-trip
ARTICLE,es/facts/currency,es/about/key-facts/currency
ARTICLE,es/facts/time-zones,es/about/key-facts/time-zones
ARTICLE,es/planning/getting-around,es/plan/while-your-here/getting-around
ARTICLE,es/planning/road-safety,es/plan/while-your-here/road-safety
ARTICLE,es/facts/cities-states-territories,es/about/key-facts/cities-states-territories
ARTICLE,es/planning/visa-information,es/plan/before-you-go/visa-information
ARTICLE,es/planning/customs-quarantine,es/plan/before-you-go/customs-quarantine
ASP SEARCH,es/planning/find-travel-agent,es/plan/plan-your-trip/find-travel-agent
ARTICLE,es/facts/emergency-services,es/about/key-facts/emergency-services
MAP IFRAME,explore,explore
SITE MAP,sitemap,sitemap
PRIVACY POLICY ,privacypolicy,privacypolicy
TERMS&CONDS,terms-conditions,terms-conditions
DISCLAIMER ,disclaimer,disclaimer
CAMPAIGN,nationallandscapes,nationallandscapes
CAMPAIGN,es/campaigns/nationallandscapes/AustralianAlps,es/campaigns/nationallandscapes/AustralianAlps.htm
CAMPAIGN,es/campaigns/nationallandscapes/AustraliasCoastalWilderness,es/campaigns/nationallandscapes/AustraliasCoastalWilderness.htm
CAMPAIGN,es/campaigns/nationallandscapes/AustraliasGreenCauldron,es/campaigns/nationallandscapes/AustraliasGreenCauldron.htm
CAMPAIGN,es/campaigns/nationallandscapes/FlindersRanges,es/campaigns/nationallandscapes/FlindersRanges.htm
CAMPAIGN,es/campaigns/nationallandscapes/AustraliasRedCentre,es/campaigns/nationallandscapes/AustraliasRedCentre.htm
CAMPAIGN,es/campaigns/nationallandscapes/GreatBarrierReef,es/campaigns/nationallandscapes/GreatBarrierReef.htm
CAMPAIGN,es/campaigns/nationallandscapes/GreatOceanRoad,es/campaigns/nationallandscapes/GreatOceanRoad.htm
CAMPAIGN,es/campaigns/nationallandscapes/GreaterBlueMountains,es/campaigns/nationallandscapes/GreaterBlueMountains.htm
CAMPAIGN,es/campaigns/nationallandscapes/Great-South-West-Edge,es/campaigns/nationallandscapes/Great-South-West-Edge.htm
CAMPAIGN,es/campaigns/nationallandscapes/Australias-Timeless-North,es/campaigns/nationallandscapes/Australias-Timeless-North.htm
CAMPAIGN,es/campaigns/nationallandscapes/KangarooIsland,es/campaigns/nationallandscapes/KangarooIsland.htm
CAMPAIGN,es/campaigns/nationallandscapes/NingalooSharkBay,es/campaigns/nationallandscapes/NingalooSharkBay.htm
CAMPAIGN,es/campaigns/nationallandscapes/SydneyHarbour,es/campaigns/nationallandscapes/SydneyHarbour.htm
CAMPAIGN,es/campaigns/nationallandscapes/TasmaniasIslandHeritage,es/campaigns/nationallandscapes/TasmaniasIslandHeritage.htm
CAMPAIGN,es/campaigns/nationallandscapes/TheKimberley,es/campaigns/nationallandscapes/TheKimberley.htm
CAMPAIGN,es/campaigns/nationallandscapes/wettropics,es/campaigns/nationallandscapes/wettropics.htm
CAMPAIGN,es/campaigns/nothinglike/au,es/campaigns/nothinglike/au/index.htm
CAMPAIGN,es/campaigns/nothinglike/au/bungle-bungles,es/campaigns/nothinglike/au/bungle-bungles.htm
CAMPAIGN,es/campaigns/nothinglike/au/bungle-bungles-product1,es/campaigns/nothinglike/au/bungle-bungles-product1.htm
CAMPAIGN,es/campaigns/nothinglike/au/bungle-bungles-product2,es/campaigns/nothinglike/au/bungle-bungles-product2.htm
CAMPAIGN,es/campaigns/nothinglike/au/bungle-bungles-product3,es/campaigns/nothinglike/au/bungle-bungles-product3.htm
CAMPAIGN,es/campaigns/nothinglike/au/bungle-bungles-product4,es/campaigns/nothinglike/au/bungle-bungles-product4.htm
CAMPAIGN,es/campaigns/nothinglike/au/bungle-bungles-product5,es/campaigns/nothinglike/au/bungle-bungles-product5.htm
CAMPAIGN,es/campaigns/nothinglike/au/bungle-bungles-product6,es/campaigns/nothinglike/au/bungle-bungles-product6.htm
CAMPAIGN,es/campaigns/nothinglike/au/bungle-bungles-product7,es/campaigns/nothinglike/au/bungle-bungles-product7.htm
CAMPAIGN,es/campaigns/nothinglike/au/bungle-bungles-product8,es/campaigns/nothinglike/au/bungle-bungles-product8.htm
CAMPAIGN,es/campaigns/nothinglike/au/bungle-bungles-product9,es/campaigns/nothinglike/au/bungle-bungles-product9.htm
CAMPAIGN,es/campaigns/nothinglike/au/bungle-bungles-product10,es/campaigns/nothinglike/au/bungle-bungles-product10.htm
CAMPAIGN,es/campaigns/nothinglike/au/bungle-bungles-itinerary,es/campaigns/nothinglike/au/bungle-bungles-itinerary.htm
CAMPAIGN,es/campaigns/nothinglike/au/bungle-bungles-itinerary2,es/campaigns/nothinglike/au/bungle-bungles-itinerary2.htm
CAMPAIGN,es/campaigns/nothinglike/au/bungle-bungles-itinerary3,es/campaigns/nothinglike/au/bungle-bungles-itinerary3.htm
CAMPAIGN,es/campaigns/nothinglike/au/bungle-bungles-itinerary4,es/campaigns/nothinglike/au/bungle-bungles-itinerary4.htm
CAMPAIGN,es/campaigns/nothinglike/au/bungle-bungles-experiences,es/campaigns/nothinglike/au/bungle-bungles-experiences.htm
CAMPAIGN,es/campaigns/nothinglike/au/canberra,es/campaigns/nothinglike/au/canberra.htm
CAMPAIGN,es/campaigns/nothinglike/au/canberra-product1,es/campaigns/nothinglike/au/canberra-product1.htm
CAMPAIGN,es/campaigns/nothinglike/au/canberra-product2,es/campaigns/nothinglike/au/canberra-product2.htm
CAMPAIGN,es/campaigns/nothinglike/au/canberra-product3,es/campaigns/nothinglike/au/canberra-product3.htm
CAMPAIGN,es/campaigns/nothinglike/au/canberra-product4,es/campaigns/nothinglike/au/canberra-product4.htm
CAMPAIGN,es/campaigns/nothinglike/au/canberra-product5,es/campaigns/nothinglike/au/canberra-product5.htm
CAMPAIGN,es/campaigns/nothinglike/au/canberra-product6,es/campaigns/nothinglike/au/canberra-product6.htm
CAMPAIGN,es/campaigns/nothinglike/au/canberra-product7,es/campaigns/nothinglike/au/canberra-product7.htm
CAMPAIGN,es/campaigns/nothinglike/au/canberra-product8,es/campaigns/nothinglike/au/canberra-product8.htm
CAMPAIGN,es/campaigns/nothinglike/au/canberra-product9,es/campaigns/nothinglike/au/canberra-product9.htm
CAMPAIGN,es/campaigns/nothinglike/au/canberra-product10,es/campaigns/nothinglike/au/canberra-product10.htm
CAMPAIGN,es/campaigns/nothinglike/au/canberra-product11,es/campaigns/nothinglike/au/canberra-product11.htm
CAMPAIGN,es/campaigns/nothinglike/au/canberra-itinerary,es/campaigns/nothinglike/au/canberra-itinerary.htm
CAMPAIGN,es/campaigns/nothinglike/au/canberra-itinerary2,es/campaigns/nothinglike/au/canberra-itinerary2.htm
CAMPAIGN,es/campaigns/nothinglike/au/canberra-itinerary3,es/campaigns/nothinglike/au/canberra-itinerary3.htm
CAMPAIGN,es/campaigns/nothinglike/au/canberra-itinerary4,es/campaigns/nothinglike/au/canberra-itinerary4.htm
CAMPAIGN,es/campaigns/nothinglike/au/canberra-experiences,es/campaigns/nothinglike/au/canberra-experiences.htm
CAMPAIGN,es/campaigns/nothinglike/au/cape-leveque,es/campaigns/nothinglike/au/cape-leveque.htm
CAMPAIGN,es/campaigns/nothinglike/au/cape-leveque-product1,es/campaigns/nothinglike/au/cape-leveque-product1.htm
CAMPAIGN,es/campaigns/nothinglike/au/cape-leveque-product2,es/campaigns/nothinglike/au/cape-leveque-product2.htm
CAMPAIGN,es/campaigns/nothinglike/au/cape-leveque-product3,es/campaigns/nothinglike/au/cape-leveque-product3.htm
CAMPAIGN,es/campaigns/nothinglike/au/cape-leveque-product4,es/campaigns/nothinglike/au/cape-leveque-product4.htm
CAMPAIGN,es/campaigns/nothinglike/au/cape-leveque-product5,es/campaigns/nothinglike/au/cape-leveque-product5.htm
CAMPAIGN,es/campaigns/nothinglike/au/cape-leveque-product6,es/campaigns/nothinglike/au/cape-leveque-product6.htm
CAMPAIGN,es/campaigns/nothinglike/au/cape-leveque-product7,es/campaigns/nothinglike/au/cape-leveque-product7.htm
CAMPAIGN,es/campaigns/nothinglike/au/cape-leveque-product8,es/campaigns/nothinglike/au/cape-leveque-product8.htm
CAMPAIGN,es/campaigns/nothinglike/au/cape-leveque-product9,es/campaigns/nothinglike/au/cape-leveque-product9.htm
CAMPAIGN,es/campaigns/nothinglike/au/cape-leveque-product10,es/campaigns/nothinglike/au/cape-leveque-product10.htm
CAMPAIGN,es/campaigns/nothinglike/au/cape-leveque-itinerary,es/campaigns/nothinglike/au/cape-leveque-itinerary.htm
CAMPAIGN,es/campaigns/nothinglike/au/cape-leveque-itinerary2,es/campaigns/nothinglike/au/cape-leveque-itinerary2.htm
CAMPAIGN,es/campaigns/nothinglike/au/cape-leveque-itinerary3,es/campaigns/nothinglike/au/cape-leveque-itinerary3.htm
CAMPAIGN,es/campaigns/nothinglike/au/cape-leveque-itinerary4,es/campaigns/nothinglike/au/cape-leveque-itinerary4.htm
CAMPAIGN,es/campaigns/nothinglike/au/cape-leveque-itinerary5,es/campaigns/nothinglike/au/cape-leveque-itinerary5.htm
CAMPAIGN,es/campaigns/nothinglike/au/cape-leveque-experiences,es/campaigns/nothinglike/au/cape-leveque-experiences.htm
CAMPAIGN,es/campaigns/nothinglike/au/el-questro,es/campaigns/nothinglike/au/el-questro.htm
CAMPAIGN,es/campaigns/nothinglike/au/el-questro-product1,es/campaigns/nothinglike/au/el-questro-product1.htm
CAMPAIGN,es/campaigns/nothinglike/au/el-questro-product2,es/campaigns/nothinglike/au/el-questro-product2.htm
CAMPAIGN,es/campaigns/nothinglike/au/el-questro-product3,es/campaigns/nothinglike/au/el-questro-product3.htm
CAMPAIGN,es/campaigns/nothinglike/au/el-questro-product4,es/campaigns/nothinglike/au/el-questro-product4.htm
CAMPAIGN,es/campaigns/nothinglike/au/el-questro-product5,es/campaigns/nothinglike/au/el-questro-product5.htm
CAMPAIGN,es/campaigns/nothinglike/au/el-questro-product6,es/campaigns/nothinglike/au/el-questro-product6.htm
CAMPAIGN,es/campaigns/nothinglike/au/el-questro-product7,es/campaigns/nothinglike/au/el-questro-product7.htm
CAMPAIGN,es/campaigns/nothinglike/au/el-questro-product8,es/campaigns/nothinglike/au/el-questro-product8.htm
CAMPAIGN,es/campaigns/nothinglike/au/el-questro-product9,es/campaigns/nothinglike/au/el-questro-product9.htm
CAMPAIGN,es/campaigns/nothinglike/au/el-questro-product10,es/campaigns/nothinglike/au/el-questro-product10.htm
CAMPAIGN,es/campaigns/nothinglike/au/el-questro-itinerary,es/campaigns/nothinglike/au/el-questro-itinerary.htm
CAMPAIGN,es/campaigns/nothinglike/au/el-questro-itinerary2,es/campaigns/nothinglike/au/el-questro-itinerary2.htm
CAMPAIGN,es/campaigns/nothinglike/au/el-questro-itinerary3,es/campaigns/nothinglike/au/el-questro-itinerary3.htm
CAMPAIGN,es/campaigns/nothinglike/au/el-questro-itinerary4,es/campaigns/nothinglike/au/el-questro-itinerary4.htm
CAMPAIGN,es/campaigns/nothinglike/au/el-questro-experiences,es/campaigns/nothinglike/au/el-questro-experiences.htm
CAMPAIGN,es/campaigns/nothinglike/au/freycinet,es/campaigns/nothinglike/au/freycinet.htm
CAMPAIGN,es/campaigns/nothinglike/au/freycinet-product1,es/campaigns/nothinglike/au/freycinet-product1.htm
CAMPAIGN,es/campaigns/nothinglike/au/freycinet-product2,es/campaigns/nothinglike/au/freycinet-product2.htm
CAMPAIGN,es/campaigns/nothinglike/au/freycinet-product3,es/campaigns/nothinglike/au/freycinet-product3.htm
CAMPAIGN,es/campaigns/nothinglike/au/freycinet-product5,es/campaigns/nothinglike/au/freycinet-product5.htm
CAMPAIGN,es/campaigns/nothinglike/au/freycinet-product6,es/campaigns/nothinglike/au/freycinet-product6.htm
CAMPAIGN,es/campaigns/nothinglike/au/freycinet-product7,es/campaigns/nothinglike/au/freycinet-product7.htm
CAMPAIGN,es/campaigns/nothinglike/au/freycinet-product8,es/campaigns/nothinglike/au/freycinet-product8.htm
CAMPAIGN,es/campaigns/nothinglike/au/freycinet-product9,es/campaigns/nothinglike/au/freycinet-product9.htm
CAMPAIGN,es/campaigns/nothinglike/au/freycinet-product10,es/campaigns/nothinglike/au/freycinet-product10.htm
CAMPAIGN,es/campaigns/nothinglike/au/freycinet-itinerary,es/campaigns/nothinglike/au/freycinet-itinerary.htm
CAMPAIGN,es/campaigns/nothinglike/au/freycinet-itinerary2,es/campaigns/nothinglike/au/freycinet-itinerary2.htm
CAMPAIGN,es/campaigns/nothinglike/au/freycinet-itinerary3,es/campaigns/nothinglike/au/freycinet-itinerary3.htm
CAMPAIGN,es/campaigns/nothinglike/au/freycinet-itinerary4,es/campaigns/nothinglike/au/freycinet-itinerary4.htm
CAMPAIGN,es/campaigns/nothinglike/au/freycinet-itinerary5,es/campaigns/nothinglike/au/freycinet-itinerary5.htm
CAMPAIGN,es/campaigns/nothinglike/au/freycinet-experiences,es/campaigns/nothinglike/au/freycinet-experiences.htm
CAMPAIGN,es/campaigns/nothinglike/au/gold-coast,es/campaigns/nothinglike/au/gold-coast.htm
CAMPAIGN,es/campaigns/nothinglike/au/gold-coast-product1,es/campaigns/nothinglike/au/gold-coast-product1.htm
CAMPAIGN,es/campaigns/nothinglike/au/gold-coast-product2,es/campaigns/nothinglike/au/gold-coast-product2.htm
CAMPAIGN,es/campaigns/nothinglike/au/gold-coast-product3,es/campaigns/nothinglike/au/gold-coast-product3.htm
CAMPAIGN,es/campaigns/nothinglike/au/gold-coast-product4,es/campaigns/nothinglike/au/gold-coast-product4.htm
CAMPAIGN,es/campaigns/nothinglike/au/gold-coast-product5,es/campaigns/nothinglike/au/gold-coast-product5.htm
CAMPAIGN,es/campaigns/nothinglike/au/gold-coast-product6,es/campaigns/nothinglike/au/gold-coast-product6.htm
CAMPAIGN,es/campaigns/nothinglike/au/gold-coast-product7,es/campaigns/nothinglike/au/gold-coast-product7.htm
CAMPAIGN,es/campaigns/nothinglike/au/gold-coast-product8,es/campaigns/nothinglike/au/gold-coast-product8.htm
CAMPAIGN,es/campaigns/nothinglike/au/gold-coast-product9,es/campaigns/nothinglike/au/gold-coast-product9.htm
CAMPAIGN,es/campaigns/nothinglike/au/gold-coast-product10,es/campaigns/nothinglike/au/gold-coast-product10.htm
CAMPAIGN,es/campaigns/nothinglike/au/gold-coast-itinerary,es/campaigns/nothinglike/au/gold-coast-itinerary.htm
CAMPAIGN,es/campaigns/nothinglike/au/gold-coast-itinerary2,es/campaigns/nothinglike/au/gold-coast-itinerary2.htm
CAMPAIGN,es/campaigns/nothinglike/au/gold-coast-itinerary3,es/campaigns/nothinglike/au/gold-coast-itinerary3.htm
CAMPAIGN,es/campaigns/nothinglike/au/gold-coast-itinerary4,es/campaigns/nothinglike/au/gold-coast-itinerary4.htm
CAMPAIGN,es/campaigns/nothinglike/au/gold-coast-experiences,es/campaigns/nothinglike/au/gold-coast-experiences.htm
CAMPAIGN,es/campaigns/nothinglike/au/great-ocean-road,es/campaigns/nothinglike/au/great-ocean-road.htm
CAMPAIGN,es/campaigns/nothinglike/au/great-ocean-road-product1,es/campaigns/nothinglike/au/great-ocean-road-product1.htm
CAMPAIGN,es/campaigns/nothinglike/au/great-ocean-road-product2,es/campaigns/nothinglike/au/great-ocean-road-product2.htm
CAMPAIGN,es/campaigns/nothinglike/au/great-ocean-road-product3,es/campaigns/nothinglike/au/great-ocean-road-product3.htm
CAMPAIGN,es/campaigns/nothinglike/au/great-ocean-road-product4,es/campaigns/nothinglike/au/great-ocean-road-product4.htm
CAMPAIGN,es/campaigns/nothinglike/au/great-ocean-road-product5,es/campaigns/nothinglike/au/great-ocean-road-product5.htm
CAMPAIGN,es/campaigns/nothinglike/au/great-ocean-road-product6,es/campaigns/nothinglike/au/great-ocean-road-product6.htm
CAMPAIGN,es/campaigns/nothinglike/au/great-ocean-road-product7,es/campaigns/nothinglike/au/great-ocean-road-product7.htm
CAMPAIGN,es/campaigns/nothinglike/au/great-ocean-road-product8,es/campaigns/nothinglike/au/great-ocean-road-product8.htm
CAMPAIGN,es/campaigns/nothinglike/au/great-ocean-road-itinerary,es/campaigns/nothinglike/au/great-ocean-road-itinerary.htm
CAMPAIGN,es/campaigns/nothinglike/au/great-ocean-road-itinerary2,es/campaigns/nothinglike/au/great-ocean-road-itinerary2.htm
CAMPAIGN,es/campaigns/nothinglike/au/great-ocean-road-itinerary3,es/campaigns/nothinglike/au/great-ocean-road-itinerary3.htm
CAMPAIGN,es/campaigns/nothinglike/au/great-ocean-road-itinerary4,es/campaigns/nothinglike/au/great-ocean-road-itinerary4.htm
CAMPAIGN,es/campaigns/nothinglike/au/great-ocean-road-itinerary5,es/campaigns/nothinglike/au/great-ocean-road-itinerary5.htm
CAMPAIGN,es/campaigns/nothinglike/au/great-ocean-road-experiences,es/campaigns/nothinglike/au/great-ocean-road-experiences.htm
CAMPAIGN,es/campaigns/nothinglike/au/hayman-island,es/campaigns/nothinglike/au/hayman-island.htm
CAMPAIGN,es/campaigns/nothinglike/au/hayman-island-product1,es/campaigns/nothinglike/au/hayman-island-product1.htm
CAMPAIGN,es/campaigns/nothinglike/au/hayman-island-product2,es/campaigns/nothinglike/au/hayman-island-product2.htm
CAMPAIGN,es/campaigns/nothinglike/au/hayman-island-product3,es/campaigns/nothinglike/au/hayman-island-product3.htm
CAMPAIGN,es/campaigns/nothinglike/au/hayman-island-product4,es/campaigns/nothinglike/au/hayman-island-product4.htm
CAMPAIGN,es/campaigns/nothinglike/au/hayman-island-product6,es/campaigns/nothinglike/au/hayman-island-product6.htm
CAMPAIGN,es/campaigns/nothinglike/au/hayman-island-product7,es/campaigns/nothinglike/au/hayman-island-product7.htm
CAMPAIGN,es/campaigns/nothinglike/au/hayman-island-product8,es/campaigns/nothinglike/au/hayman-island-product8.htm
CAMPAIGN,es/campaigns/nothinglike/au/hayman-island-product9,es/campaigns/nothinglike/au/hayman-island-product9.htm
CAMPAIGN,es/campaigns/nothinglike/au/hayman-island-product10,es/campaigns/nothinglike/au/hayman-island-product10.htm
CAMPAIGN,es/campaigns/nothinglike/au/hayman-island-itinerary,es/campaigns/nothinglike/au/hayman-island-itinerary.htm
CAMPAIGN,es/campaigns/nothinglike/au/hayman-island-itinerary2,es/campaigns/nothinglike/au/hayman-island-itinerary2.htm
CAMPAIGN,es/campaigns/nothinglike/au/hayman-island-itinerary3,es/campaigns/nothinglike/au/hayman-island-itinerary3.htm
CAMPAIGN,es/campaigns/nothinglike/au/hayman-island-itinerary4,es/campaigns/nothinglike/au/hayman-island-itinerary4.htm
CAMPAIGN,es/campaigns/nothinglike/au/hayman-island-experiences,es/campaigns/nothinglike/au/hayman-island-experiences.htm
CAMPAIGN,es/campaigns/nothinglike/au/kangaroo-island,es/campaigns/nothinglike/au/kangaroo-island.htm
CAMPAIGN,es/campaigns/nothinglike/au/kangaroo-island-product1,es/campaigns/nothinglike/au/kangaroo-island-product1.htm
CAMPAIGN,es/campaigns/nothinglike/au/kangaroo-island-product2,es/campaigns/nothinglike/au/kangaroo-island-product2.htm
CAMPAIGN,es/campaigns/nothinglike/au/kangaroo-island-product3,es/campaigns/nothinglike/au/kangaroo-island-product3.htm
CAMPAIGN,es/campaigns/nothinglike/au/kangaroo-island-product4,es/campaigns/nothinglike/au/kangaroo-island-product4.htm
CAMPAIGN,es/campaigns/nothinglike/au/kangaroo-island-product5,es/campaigns/nothinglike/au/kangaroo-island-product5.htm
CAMPAIGN,es/campaigns/nothinglike/au/kangaroo-island-product6,es/campaigns/nothinglike/au/kangaroo-island-product6.htm
CAMPAIGN,es/campaigns/nothinglike/au/kangaroo-island-product7,es/campaigns/nothinglike/au/kangaroo-island-product7.htm
CAMPAIGN,es/campaigns/nothinglike/au/kangaroo-island-product8,es/campaigns/nothinglike/au/kangaroo-island-product8.htm
CAMPAIGN,es/campaigns/nothinglike/au/kangaroo-island-product9,es/campaigns/nothinglike/au/kangaroo-island-product9.htm
CAMPAIGN,es/campaigns/nothinglike/au/kangaroo-island-product10,es/campaigns/nothinglike/au/kangaroo-island-product10.htm
CAMPAIGN,es/campaigns/nothinglike/au/kangaroo-island-itinerary,es/campaigns/nothinglike/au/kangaroo-island-itinerary.htm
CAMPAIGN,es/campaigns/nothinglike/au/kangaroo-island-itinerary2,es/campaigns/nothinglike/au/kangaroo-island-itinerary2.htm
CAMPAIGN,es/campaigns/nothinglike/au/kangaroo-island-itinerary3,es/campaigns/nothinglike/au/kangaroo-island-itinerary3.htm
CAMPAIGN,es/campaigns/nothinglike/au/kangaroo-island-experiences,es/campaigns/nothinglike/au/kangaroo-island-experiences.htm
CAMPAIGN,es/campaigns/nothinglike/au/lizard-island,es/campaigns/nothinglike/au/lizard-island.htm
CAMPAIGN,es/campaigns/nothinglike/au/lizard-island-product1,es/campaigns/nothinglike/au/lizard-island-product1.htm
CAMPAIGN,es/campaigns/nothinglike/au/lizard-island-product2,es/campaigns/nothinglike/au/lizard-island-product2.htm
CAMPAIGN,es/campaigns/nothinglike/au/lizard-island-product3,es/campaigns/nothinglike/au/lizard-island-product3.htm
CAMPAIGN,es/campaigns/nothinglike/au/lizard-island-product5,es/campaigns/nothinglike/au/lizard-island-product5.htm
CAMPAIGN,es/campaigns/nothinglike/au/lizard-island-product6,es/campaigns/nothinglike/au/lizard-island-product6.htm
CAMPAIGN,es/campaigns/nothinglike/au/lizard-island-product7,es/campaigns/nothinglike/au/lizard-island-product7.htm
CAMPAIGN,es/campaigns/nothinglike/au/lizard-island-product8,es/campaigns/nothinglike/au/lizard-island-product8.htm
CAMPAIGN,es/campaigns/nothinglike/au/lizard-island-product9,es/campaigns/nothinglike/au/lizard-island-product9.htm
CAMPAIGN,es/campaigns/nothinglike/au/melbourne,es/campaigns/nothinglike/au/melbourne.htm
CAMPAIGN,es/campaigns/nothinglike/au/melbourne-product1,es/campaigns/nothinglike/au/melbourne-product1.htm
CAMPAIGN,es/campaigns/nothinglike/au/melbourne-product2,es/campaigns/nothinglike/au/melbourne-product2.htm
CAMPAIGN,es/campaigns/nothinglike/au/melbourne-product3,es/campaigns/nothinglike/au/melbourne-product3.htm
CAMPAIGN,es/campaigns/nothinglike/au/melbourne-product4,es/campaigns/nothinglike/au/melbourne-product4.htm
CAMPAIGN,es/campaigns/nothinglike/au/melbourne-product5,es/campaigns/nothinglike/au/melbourne-product5.htm
CAMPAIGN,es/campaigns/nothinglike/au/melbourne-product6,es/campaigns/nothinglike/au/melbourne-product6.htm
CAMPAIGN,es/campaigns/nothinglike/au/melbourne-product7,es/campaigns/nothinglike/au/melbourne-product7.htm
CAMPAIGN,es/campaigns/nothinglike/au/melbourne-product8,es/campaigns/nothinglike/au/melbourne-product8.htm
CAMPAIGN,es/campaigns/nothinglike/au/melbourne-product9,es/campaigns/nothinglike/au/melbourne-product9.htm
CAMPAIGN,es/campaigns/nothinglike/au/melbourne-product10,es/campaigns/nothinglike/au/melbourne-product10.htm
CAMPAIGN,es/campaigns/nothinglike/au/melbourne-itinerary,es/campaigns/nothinglike/au/melbourne-itinerary.htm
CAMPAIGN,es/campaigns/nothinglike/au/melbourne-itinerary2,es/campaigns/nothinglike/au/melbourne-itinerary2.htm
CAMPAIGN,es/campaigns/nothinglike/au/melbourne-itinerary3,es/campaigns/nothinglike/au/melbourne-itinerary3.htm
CAMPAIGN,es/campaigns/nothinglike/au/melbourne-itinerary4,es/campaigns/nothinglike/au/melbourne-itinerary4.htm
CAMPAIGN,es/campaigns/nothinglike/au/melbourne-experiences,es/campaigns/nothinglike/au/melbourne-experiences.htm
CAMPAIGN,es/campaigns/nothinglike/au/sydney,es/campaigns/nothinglike/au/sydney.htm
CAMPAIGN,es/campaigns/nothinglike/au/sydney-product1,es/campaigns/nothinglike/au/sydney-product1.htm
CAMPAIGN,es/campaigns/nothinglike/au/sydney-product2,es/campaigns/nothinglike/au/sydney-product2.htm
CAMPAIGN,es/campaigns/nothinglike/au/sydney-product3,es/campaigns/nothinglike/au/sydney-product3.htm
CAMPAIGN,es/campaigns/nothinglike/au/sydney-product4,es/campaigns/nothinglike/au/sydney-product4.htm
CAMPAIGN,es/campaigns/nothinglike/au/sydney-product5,es/campaigns/nothinglike/au/sydney-product5.htm
CAMPAIGN,es/campaigns/nothinglike/au/sydney-product6,es/campaigns/nothinglike/au/sydney-product6.htm
CAMPAIGN,es/campaigns/nothinglike/au/sydney-product7,es/campaigns/nothinglike/au/sydney-product7.htm
CAMPAIGN,es/campaigns/nothinglike/au/sydney-product8,es/campaigns/nothinglike/au/sydney-product8.htm
CAMPAIGN,es/campaigns/nothinglike/au/sydney-product9,es/campaigns/nothinglike/au/sydney-product9.htm
CAMPAIGN,es/campaigns/nothinglike/au/sydney-product10,es/campaigns/nothinglike/au/sydney-product10.htm
CAMPAIGN,es/campaigns/nothinglike/au/sydney-product11,es/campaigns/nothinglike/au/sydney-product11.htm
CAMPAIGN,es/campaigns/nothinglike/au/sydney-itinerary,es/campaigns/nothinglike/au/sydney-itinerary.htm
CAMPAIGN,es/campaigns/nothinglike/au/sydney-itinerary2,es/campaigns/nothinglike/au/sydney-itinerary2.htm
CAMPAIGN,es/campaigns/nothinglike/au/sydney-itinerary3,es/campaigns/nothinglike/au/sydney-itinerary3.htm
CAMPAIGN,es/campaigns/nothinglike/au/sydney-itinerary4,es/campaigns/nothinglike/au/sydney-itinerary4.htm
CAMPAIGN,es/campaigns/nothinglike/au/sydney-experiences,es/campaigns/nothinglike/au/sydney-experiences.htm
CAMPAIGN,es/campaigns/nothinglike/au/uluru,es/campaigns/nothinglike/au/uluru.htm
CAMPAIGN,es/campaigns/nothinglike/au/uluru-product1,es/campaigns/nothinglike/au/uluru-product1.htm
CAMPAIGN,es/campaigns/nothinglike/au/uluru-product2,es/campaigns/nothinglike/au/uluru-product2.htm
CAMPAIGN,es/campaigns/nothinglike/au/uluru-product3,es/campaigns/nothinglike/au/uluru-product3.htm
CAMPAIGN,es/campaigns/nothinglike/au/uluru-product4,es/campaigns/nothinglike/au/uluru-product4.htm
CAMPAIGN,es/campaigns/nothinglike/au/uluru-product5,es/campaigns/nothinglike/au/uluru-product5.htm
CAMPAIGN,es/campaigns/nothinglike/au/uluru-product6,es/campaigns/nothinglike/au/uluru-product6.htm
CAMPAIGN,es/campaigns/nothinglike/au/uluru-product7,es/campaigns/nothinglike/au/uluru-product7.htm
CAMPAIGN,es/campaigns/nothinglike/au/uluru-product8,es/campaigns/nothinglike/au/uluru-product8.htm
CAMPAIGN,es/campaigns/nothinglike/au/uluru-product9,es/campaigns/nothinglike/au/uluru-product9.htm
CAMPAIGN,es/campaigns/nothinglike/au/uluru-itinerary,es/campaigns/nothinglike/au/uluru-itinerary.htm
CAMPAIGN,es/campaigns/nothinglike/au/uluru-experiences,es/campaigns/nothinglike/au/uluru-experiences.htm
CAMPAIGN,es/campaigns/nothinglike/au/wolgan-valley,es/campaigns/nothinglike/au/wolgan-valley.htm
CAMPAIGN,es/campaigns/nothinglike/au/wolgan-valley-product1,es/campaigns/nothinglike/au/wolgan-valley-product1.htm
CAMPAIGN,es/campaigns/nothinglike/au/wolgan-valley-product2,es/campaigns/nothinglike/au/wolgan-valley-product2.htm
CAMPAIGN,es/campaigns/nothinglike/au/wolgan-valley-product3,es/campaigns/nothinglike/au/wolgan-valley-product3.htm
CAMPAIGN,es/campaigns/nothinglike/au/wolgan-valley-product4,es/campaigns/nothinglike/au/wolgan-valley-product4.htm
CAMPAIGN,es/campaigns/nothinglike/au/wolgan-valley-product5,es/campaigns/nothinglike/au/wolgan-valley-product5.htm
CAMPAIGN,es/campaigns/nothinglike/au/wolgan-valley-product6,es/campaigns/nothinglike/au/wolgan-valley-product6.htm
CAMPAIGN,es/campaigns/nothinglike/au/wolgan-valley-product7,es/campaigns/nothinglike/au/wolgan-valley-product7.htm
CAMPAIGN,es/campaigns/nothinglike/au/wolgan-valley-product8,es/campaigns/nothinglike/au/wolgan-valley-product8.htm
CAMPAIGN,es/campaigns/nothinglike/au/wolgan-valley-product9,es/campaigns/nothinglike/au/wolgan-valley-product9.htm
CAMPAIGN,es/campaigns/nothinglike/au/wolgan-valley-product10,es/campaigns/nothinglike/au/wolgan-valley-product10.htm
CAMPAIGN,es/campaigns/nothinglike/au/wolgan-valley-itinerary,es/campaigns/nothinglike/au/wolgan-valley-itinerary.htm
CAMPAIGN,es/campaigns/nothinglike/au/wolgan-valley-itinerary2,es/campaigns/nothinglike/au/wolgan-valley-itinerary2.htm
CAMPAIGN,es/campaigns/nothinglike/au/wolgan-valley-itinerary3,es/campaigns/nothinglike/au/wolgan-valley-itinerary3.htm
CAMPAIGN,es/campaigns/nothinglike/au/wolgan-valley-itinerary4,es/campaigns/nothinglike/au/wolgan-valley-itinerary4.htm
CAMPAIGN,es/campaigns/nothinglike/au/wolgan-valley-itinerary5,es/campaigns/nothinglike/au/wolgan-valley-itinerary5.htm
CAMPAIGN,es/campaigns/nothinglike/au/wolgan-valley-itinerary6,es/campaigns/nothinglike/au/wolgan-valley-itinerary6.htm
CAMPAIGN,es/campaigns/nothinglike/au/wolgan-valley-experiences,es/campaigns/nothinglike/au/wolgan-valley-experiences.htm
ARTICLE,es/planning/australian-public-holidays,es/plan/before-you-go/australian-public-holidays
ARTICLE,es/planning/australian-school-holidays,es/plan/before-you-go/australian-school-holidays
ARTICLE,es/planning/health-safety,es/plan/before-you-go/health-safety
ARTICLE,es/planning/useful-tips,es/plan/before-you-go/useful-tips
ARTICLE,es/articles/australias-animals,es/about/key-facts/australias-animals
ARTICLE,es/articles/heritage-attractions,es/about/culture-history/australian-culture/heritage-attractions
ARTICLE,es/planning/backpacker-essentials,es/plan/before-you-go/work-volunteer-study/backpacker-essentials
ARTICLE,es/planning/backpacker-precincts,es/plan/before-you-go/work-volunteer-study/backpacker-precincts
ARTICLE,es/planning/youth-visa,es/plan/before-you-go/work-volunteer-study/youth-visa
ARTICLE,es/planning/planning-a-trip,es/plan/before-you-go/planning-a-trip
ARTICLE,es/articles/foa-holiday-favourites-au,foa-holiday-favourites-au
ARTICLE,es/articles/foa-holiday-favourites-john-bertrand-au,foa-holiday-favourites-john-bertrand-au
ARTICLE,es/articles/foa-holiday-favourites-terri-irwin-au,foa-holiday-favourites-terri-irwin-au
ARTICLE,es/articles/foa-holiday-favourites-david-whitehill-au,foa-holiday-favourites-david-whitehill-au
ARTICLE,es/articles/foa-holiday-favourites-steve-liebman-au,foa-holiday-favourites-steve-liebman-au
ARTICLE,es/articles/foa-holiday-favourites-sophie-falkiner-au,foa-holiday-favourites-sophie-falkiner-au
CAMPAIGN,es/campaigns/makingtracks/index,es/campaigns/makingtracks/index.htm
CAMPAIGN,es/campaigns/makingtracks/meet-the-musician-Andy-Bull,es/campaigns/makingtracks/meet-the-musician-Andy-Bull.htm
CAMPAIGN,es/campaigns/makingtracks/meet-the-musician-Desmond-NeySmith,es/campaigns/makingtracks/meet-the-musician-Desmond-NeySmith.htm
CAMPAIGN,es/campaigns/makingtracks/meet-the-musician-Dewayne-Everett-Smith,es/campaigns/makingtracks/meet-the-musician-Dewayne-Everett-Smith.htm
CAMPAIGN,es/campaigns/makingtracks/meet-the-musician-Irene-Chen,es/campaigns/makingtracks/meet-the-musician-Irene-Chen.htm
CAMPAIGN,es/campaigns/makingtracks/meet-the-musician-Jasmine-Beam,es/campaigns/makingtracks/meet-the-musician-Jasmine-Beam.htm
CAMPAIGN,es/campaigns/makingtracks/meet-the-musician-Luke-Web,es/campaigns/makingtracks/meet-the-musician-Luke-Web.htm
CAMPAIGN,es/campaigns/makingtracks/meet-the-musician-Samuel-Blair,es/campaigns/makingtracks/meet-the-musician-Samuel-Blair.htm
CAMPAIGN,es/campaigns/makingtracks/meet-the-musician-Stu-Cullen,es/campaigns/makingtracks/meet-the-musician-Stu-Cullen.htm
CAMPAIGN,es/campaigns/makingtracks/musical-pairs-luke-desmond,es/campaigns/makingtracks/musical-pairs-luke-desmond.htm
CAMPAIGN,es/campaigns/makingtracks/musical-pairs-andy-irene,es/campaigns/makingtracks/musical-pairs-andy-irene.htm
CAMPAIGN,es/campaigns/makingtracks/musical-pairs-dewayne-jasmine,es/campaigns/makingtracks/musical-pairs-dewayne-jasmine.htm
CAMPAIGN,es/campaigns/makingtracks/musical-pairs-stu-samuel,es/campaigns/makingtracks/musical-pairs-stu-samuel.htm