ICON,jp/places/great-barrier-reef,jp/explore/icons/great-barrier-reef
ICON,jp/places/red-centre,jp/explore/icons/red-centre
ICON,jp/places/great-ocean-road,jp/explore/icons/great-ocean-road
ICON,jp/places/kakadu,jp/explore/icons/kakadu
ICON,jp/places/kimberley,jp/explore/icons/kimberley
ICON,jp/places/kangaroo-island,jp/explore/icons/kangaroo-island
ICON,jp/places/byron-bay,jp/explore/icons/byron-bay
ICON,jp/places/tas-wilderness,jp/explore/icons/tas-wilderness
ICON,jp/places/alps,jp/explore/icons/alps
ICON,jp/places/ningaloo,jp/explore/icons/ningaloo
ICON,jp/places/flinders,jp/explore/icons/flinders
ICON,jp/places/fraser-island,jp/explore/icons/fraser-island
ICON,jp/places/freycinet,jp/explore/icons/freycinet
ICON,jp/places/gippsland,jp/explore/icons/gippsland
ICON,jp/places/blue-mountains,jp/explore/icons/blue-mountains
ICON,jp/places/namadgi,jp/explore/icons/namadgi
CITY,jp/places/sydney,jp/explore/cities/sydney
CITY,jp/places/melbourne,jp/explore/cities/melbourne
CITY,jp/places/brisbane,jp/explore/cities/brisbane
CITY,jp/places/perth,jp/explore/cities/perth
CITY,jp/places/darwin,jp/explore/cities/darwin
CITY,jp/places/adelaide,jp/explore/cities/adelaide
CITY,jp/places/hobart,jp/explore/cities/hobart
CITY,jp/places/canberra,jp/explore/cities/canberra
CITY,jp/places/gold-coast,jp/explore/cities/gold-coast
CITY,jp/places/cairns,jp/explore/cities/cairns
CITY,jp/places/alice-springs,jp/explore/cities/alice-springs
CITY,jp/places/broome,jp/explore/cities/broome
CATEGORY PAGE,jp/places/regional-cities,jp/explore/cities/regional-cities
CITY,jp/places/nsw/orange,jp/explore/events/nsw-taste-of-orange
CITY,jp/places/qld/bundaberg-natural-attraction,jp/explore/cities/regional-cities/bundaberg-natural-attraction
CITY,jp/places/tas/launceston-devonport-burnie,jp/explore/cities/regional-cities/tas-launceston-devonport-burnie
CITY,jp/places/vic/bendigo,jp/explore/states/vic/vic-bendigo
CITY,jp/places/wa/albany,jp/explore/cities/regional-cities/wa-albany
CITY,jp/places/wa/kalgoorlie,jp/explore/states/wa/wa-kalgoorlie
CITY,jp/places/wa/kununurra,jp/explore/states/wa/wa-kununurra
STATE,jp/places/nsw,jp/explore/states/nsw
ARTICLE,jp/places/nsw/anz-stadium,jp/about/culture-history/stadiums/anz-stadium
ARTICLE,jp/places/nsw/allianz-stadium,jp/about/culture-history/stadiums/allianz-stadium
ARTICLE,jp/places/nsw/nsw-glebe,jp/explore/cities/sydney/nsw-glebe
ARTICLE,jp/places/nsw/sydney-the-rocks,jp/explore/cities/sydney/sydney-the-rocks
ARTICLE,jp/places/nsw/sydney-harbour-np,jp/explore/cities/sydney/sydney-harbour-np
ARTICLE,jp/places/nsw/nsw-manly-beach,jp/explore/cities/sydney/nsw-manly-beach
ARTICLE,jp/places/nsw/nsw-palm-beach,jp/explore/cities/sydney/nsw-palm-beach
ARTICLE,jp/places/nsw/nsw-bondi-beach,jp/explore/cities/sydney/nsw-bondi-beach
ARTICLE,jp/places/nsw/nsw-bondi-bronte,jp/explore/cities/sydney/nsw-bondi-bronte
ARTICLE,jp/places/nsw/nsw-coogee-beach,jp/explore/cities/sydney/nsw-coogee-beach
ARTICLE,jp/places/nsw/nsw-sydney-beaches,jp/explore/cities/sydney/nsw-sydney-beaches
ARTICLE,jp/places/nsw/coffs-harbour,jp/explore/states/nsw/coffs-harbour
ARTICLE,jp/places/nsw/nsw-spring-hunter-valley,jp/explore/states/nsw/nsw-spring-hunter-valley
ARTICLE,jp/places/nsw/nsw-jervis-bay,jp/explore/states/nsw/nsw-jervis-bay
STATE,jp/places/vic,jp/explore/states/vic
ARTICLE,jp/places/vic/flemington-racecourse-stadium,jp/about/culture-history/stadiums/flemington-racecourse-stadium
ARTICLE,jp/places/vic/melbourne-cricket-ground,jp/about/culture-history/stadiums/melbourne-cricket-ground
ARTICLE,jp/places/vic/rod-laver-arena,jp/about/culture-history/stadiums/rod-laver-arena
ARTICLE,jp/places/vic/etihad-stadium,jp/about/culture-history/stadiums/etihad-stadium
ARTICLE,jp/places/vic/melbourne-hidden-laneways,jp/explore/cities/melbourne/melbourne-hidden-laneways
ARTICLE,jp/places/vic/melbourne-rooftop-culture,jp/explore/cities/melbourne/melbourne-rooftop-culture
ARTICLE,jp/places/vic/vic-brunswick,jp/explore/cities/melbourne/vic-brunswick
ARTICLE,jp/places/vic/fed-square,jp/explore/cities/melbourne/fed-square
ARTICLE,jp/places/vic/st-kilda,jp/explore/cities/melbourne/st-kilda
ARTICLE,jp/places/vic/mornington-peninsula,jp/explore/cities/melbourne/mornington-peninsula
ARTICLE,jp/places/vic/vic-torquay,jp/explore/states/vic/vic-torquay
ARTICLE,jp/places/vic/vic-grampians,jp/explore/states/vic/vic-grampians
ARTICLE,jp/places/vic/vic-12-apostles,jp/explore/states/vic/vic-12-apostles
ARTICLE,jp/places/vic/vic-bendigo,jp/explore/states/vic/vic-bendigo
ARTICLE,jp/places/vic/vic-snow-play,jp/explore/states/vic/vic-snow-play
STATE,jp/places/qld,jp/explore/states/qld
ARTICLE,jp/places/qld/suncorp-stadium,jp/about/culture-history/stadiums/suncorp-stadium
ARTICLE,jp/places/qld/the-gabba,jp/about/culture-history/stadiums/the-gabba
ARTICLE,jp/places/qld/brisbane-culture-life,jp/explore/cities/brisbane/brisbane-culture-life
ARTICLE,jp/places/qld/qld-adventure-on-brisbane-river,jp/explore/cities/brisbane/qld-adventure-on-brisbane-river
ARTICLE,jp/places/qld/qld-surfing,jp/explore/cities/gold-coast/qld-surfing
ARTICLE,jp/places/qld/port-douglas,jp/explore/cities/cairns/port-douglas
ARTICLE,jp/places/qld/kuranda,jp/explore/cities/cairns/kuranda
STATE,jp/places/nt,jp/explore/states/nt
ARTICLE,jp/places/nt/darwin-historical-attractions,jp/explore/cities/darwin/nt-darwin-historical-attractions
ARTICLE,jp/places/nt/darwin-art-precincts,jp/explore/cities/darwin/darwin-art-precincts
ARTICLE,jp/places/nt/darwin-waterfront,jp/explore/cities/darwin/darwin-waterfront
ARTICLE,jp/places/nt/mindil-markets,jp/explore/cities/darwin/nt-mindil-markets
STATE,jp/places/wa,jp/explore/states/wa
ARTICLE,jp/places/wa/the-waca,jp/about/culture-history/stadiums/the-waca
ARTICLE,jp/places/wa/perth-city-precincts,jp/explore/cities/perth/perth-city-precincts
ARTICLE,jp/places/wa/cottesloe-beach,jp/explore/cities/perth/wa-cottesloe-beach
ARTICLE,jp/places/wa/rottnest-island,jp/explore/cities/perth/rottnest-island
ARTICLE,jp/places/wa/cable-beach,jp/explore/cities/broome/wa-cable-beach
ARTICLE,jp/places/wa/albany,jp/explore/cities/regional-cities/wa-albany
STATE,jp/places/sa,jp/explore/states/sa
ARTICLE,jp/places/sa/adelaide-oval,jp/about/culture-history/stadiums/adelaide-oval
ARTICLE,jp/places/sa/adelaide-central-market,jp/explore/cities/adelaide/adelaide-central-market
ARTICLE,jp/places/sa/glenelg-beach,jp/explore/cities/adelaide/sa-glenelg-beach
ARTICLE,jp/places/sa/hahndorf,jp/explore/cities/adelaide/sa-hahndorf
STATE,jp/places/tas,jp/explore/states/tas
ARTICLE,jp/places/tas/hobart-salamanca-place,jp/explore/cities/hobart/hobart-salamanca-place
ARTICLE,jp/places/tas/winter-secrets,jp/explore/states/tas/tas-winter-secrets
STATE,jp/places/act,jp/explore/states/act
ARTICLE,jp/places/act/canberra-stadium,jp/about/culture-history/stadiums/canberra-stadium
ARTICLE,jp/places/act/manuka-oval,jp/about/culture-history/stadiums/manuka-oval
ARTICLE,jp/places/act/canberra-aboriginal-art,jp/explore/cities/canberra/canberra-aboriginal-art
ARTICLE,jp/places/act/canberra-home-grown-shopping,jp/explore/cities/canberra/canberra-home-grown-shopping
ARTICLE,jp/places/act/fireside-festival,jp/explore/cities/canberra/act-fireside-festival
CATEGORY,jp/itineraries/holiday-ideas,jp/explore/itineraries-ideas/holiday-ideas
CATEGORY,jp/itineraries/drive-australia,jp/explore/itineraries-ideas/drive-australia
ITINERARY,jp/itineraries/nsw-pacific-coast-touring-route,jp/explore/itineraries/nsw-pacific-coast-touring-route
ITINERARY,jp/itineraries/nt-red-centre-way,jp/explore/itineraries/nt-red-centre-way
ITINERARY,jp/itineraries/qld-pacific-coast,jp/explore/itineraries/qld-pacific-coast
ITINERARY,jp/itineraries/nt-natures-way,jp/explore/itineraries/nt-natures-way
ITINERARY,jp/itineraries/nsw-sydney-to-melbourne-coastal-drive,jp/explore/itineraries/nsw-sydney-to-melbourne-coastal-drive
ITINERARY,jp/itineraries/wa-indian-ocean-drive,jp/explore/itineraries/wa-indian-ocean-drive
ITINERARY,jp/itineraries/vic-great-southern-touring-route,jp/explore/itineraries/vic-great-southern-touring-route
ITINERARY,jp/itineraries/wa-gibb-river-rd,jp/explore/itineraries/wa-gibb-river-rd
ITINERARY,jp/itineraries/melbourne-adelaide-gor,jp/explore/itineraries/melbourne-adelaide-gor
ITINERARY,jp/itineraries/tas-circle-tas,jp/explore/itineraries/tas-circle-tas
ITINERARY,jp/itineraries/sa-loop,jp/explore/itineraries/sa-loop
ITINERARY,jp/itineraries/tas-east-coast,jp/explore/itineraries/tas-east-coast
ITINERARY,jp/itineraries/sa-explorers-highway,jp/explore/itineraries/sa-explorers-highway
CATEGORY,jp/itineraries/coastal-journeys,jp/explore/itineraries-ideas/coastal-journeys
ITINERARY,jp/itineraries/vic-great-southern-touring-route,jp/explore/itineraries/vic-great-southern-touring-route
ITINERARY,jp/itineraries/nsw-pacific-coast-touring-route,jp/explore/itineraries/nsw-pacific-coast-touring-route
ITINERARY,jp/itineraries/qld-pacific-coast,jp/explore/itineraries/qld-pacific-coast
ITINERARY,jp/itineraries/nsw-sydney-to-melbourne-coastal-drive,jp/explore/itineraries/nsw-sydney-to-melbourne-coastal-drive
ITINERARY,jp/itineraries/wa-south-west-beaches-goldfields,jp/explore/itineraries/wa-south-west-beaches-goldfields
ITINERARY,jp/itineraries/vic-wilsons-prom,jp/explore/itineraries/vic-wilsons-prom
ITINERARY,jp/itineraries/qld-3days-gold-coast,jp/explore/itineraries/qld-3days-gold-coast
ITINERARY,jp/itineraries/wa-3days-broome,jp/explore/itineraries/wa-3days-broome
ITINERARY,jp/itineraries/tas-east-coast,jp/explore/itineraries/tas-east-coast
ITINERARY,jp/itineraries/qld-whitsundays-sailing,jp/explore/itineraries/qld-whitsundays-sailing
ITINERARY,jp/itineraries/qld-great-sunshine-way,jp/explore/itineraries/qld-great-sunshine-way
ITINERARY,jp/itineraries/qld-3days-cairns,jp/explore/itineraries/qld-3days-cairns
ITINERARY,jp/itineraries/wa-indian-ocean-drive,jp/explore/itineraries/wa-indian-ocean-drive
ITINERARY,jp/itineraries/qld-tropical-drive,jp/explore/itineraries/qld-tropical-drive
ITINERARY,jp/itineraries/melbourne-adelaide-gor,jp/explore/itineraries/melbourne-adelaide-gor
ITINERARY,jp/itineraries/big-pacific-coast-touring-route,jp/explore/itineraries/big-pacific-coast-touring-route
CATEGORY,jp/itineraries/outback-journeys,jp/explore/itineraries-ideas/outback-journeys
ITINERARY,jp/itineraries/wa-gibb-river-rd,jp/explore/itineraries/wa-gibb-river-rd
ITINERARY,jp/itineraries/nt-red-centre-way,jp/explore/itineraries/nt-red-centre-way
ITINERARY,jp/itineraries/sa-explorers-highway,jp/explore/itineraries/sa-explorers-highway
ITINERARY,jp/itineraries/wa-savannah,jp/explore/itineraries/wa-savannah
ITINERARY,jp/itineraries/qld-savannah-way,jp/explore/itineraries/qld-savannah-way
ITINERARY,jp/itineraries/sa-loop,jp/explore/itineraries/sa-loop
ITINERARY,jp/itineraries/nt-natures-way,jp/explore/itineraries/nt-natures-way
ITINERARY,jp/itineraries/nt-larapinta-trail,jp/explore/itineraries/nt-larapinta-trail
ITINERARY,jp/itineraries/wa-sa-nsw-indian-pacific,jp/explore/itineraries/wa-sa-nsw-indian-pacific
ITINERARY,jp/itineraries/sa-ghan,jp/explore/itineraries/sa-ghan
ITINERARY,jp/itineraries/crossing-nullarbor,jp/explore/itineraries/crossing-nullarbor
CATEGORY,jp/itineraries/nature-discovery,jp/explore/itineraries-ideas/nature-discovery
ITINERARY,jp/itineraries/nt-natures-way,jp/explore/itineraries/nt-natures-way
ITINERARY,jp/itineraries/vic-great-alpine-way,jp/explore/itineraries/vic-great-alpine-way
ITINERARY,jp/itineraries/tas-circle-tas,jp/explore/itineraries/tas-circle-tas
ITINERARY,jp/itineraries/tas-east-coast,jp/explore/itineraries/tas-east-coast
ITINERARY,jp/itineraries/sa-loop,jp/explore/itineraries/sa-loop
ITINERARY,jp/itineraries/tas-overland-track,jp/explore/itineraries/tas-overland-track
ITINERARY,jp/itineraries/act-australian-alps-walking-track,jp/explore/itineraries/act-australian-alps-walking-track
ITINERARY,jp/itineraries/qld-goldcoast-hinterland,jp/explore/itineraries/qld-goldcoast-hinterland
ITINERARY,jp/itineraries/sa-heysen-trail,jp/explore/itineraries/sa-heysen-trail
ITINERARY,jp/itineraries/vic-wilsons-prom,jp/explore/itineraries/vic-wilsons-prom
ITINERARY,jp/itineraries/nsw-six-foot-track,jp/explore/itineraries/nsw-six-foot-track
ITINERARY,jp/itineraries/act-capital-country,jp/explore/itineraries/act-capital-country
ITINERARY,jp/itineraries/act-poachers-way,jp/explore/itineraries/act-poachers-way
ITINERARY,jp/itineraries/rainforest-way,jp/explore/itineraries/rainforest-way
CATEGORY,jp/itineraries/adventure-journeys,jp/explore/itineraries-ideas/adventure-journeys
ITINERARY,jp/itineraries/wa-gibb-river-rd,jp/explore/itineraries/wa-gibb-river-rd
ITINERARY,jp/itineraries/nt-red-centre-way,jp/explore/itineraries/nt-red-centre-way
ITINERARY,jp/itineraries/sa-explorers-highway,jp/explore/itineraries/sa-explorers-highway
ITINERARY,jp/itineraries/wa-savannah,jp/explore/itineraries/wa-savannah
ITINERARY,jp/itineraries/qld-savannah-way,jp/explore/itineraries/qld-savannah-way
ITINERARY,jp/itineraries/sa-loop,jp/explore/itineraries/sa-loop
ITINERARY,jp/itineraries/nt-natures-way,jp/explore/itineraries/nt-natures-way
ITINERARY,jp/itineraries/nt-larapinta-trail,jp/explore/itineraries/nt-larapinta-trail
ITINERARY,jp/itineraries/sa-heysen-trail,jp/explore/itineraries/sa-heysen-trail
ITINERARY,jp/itineraries/qld-whitsundays-sailing,jp/explore/itineraries/qld-whitsundays-sailing
ITINERARY,jp/itineraries/wa-munda-biddi-trail,jp/explore/itineraries/wa-munda-biddi-trail
ITINERARY,jp/itineraries/crossing-nullarbor,jp/explore/itineraries/crossing-nullarbor
CATEGORY,jp/itineraries/aboriginal-discovery,jp/explore/itineraries-ideas/aboriginal-discovery
ITINERARY,jp/itineraries/nt-red-centre-way,jp/explore/itineraries/nt-red-centre-way
ITINERARY,jp/itineraries/nt-natures-way,jp/explore/itineraries/nt-natures-way
ITINERARY,jp/itineraries/sa-loop,jp/explore/itineraries/sa-loop
ITINERARY,jp/itineraries/vic-great-southern-touring-route,jp/explore/itineraries/vic-great-southern-touring-route
ITINERARY,jp/itineraries/tas-east-coast,jp/explore/itineraries/tas-east-coast
ITINERARY,jp/itineraries/sa-explorers-highway,jp/explore/itineraries/sa-explorers-highway
ITINERARY,jp/itineraries/wa-savannah,jp/explore/itineraries/wa-savannah
ITINERARY,jp/itineraries/wa-south-west-beaches-goldfields,jp/explore/itineraries/wa-south-west-beaches-goldfields
CATEGORY,jp/itineraries/walking-australia,jp/explore/itineraries-ideas/walking-australia
ITINERARY,jp/itineraries/tas-overland-track,jp/explore/itineraries/tas-overland-track
ITINERARY,jp/itineraries/act-australian-alps-walking-track,jp/explore/itineraries/act-australian-alps-walking-track
ITINERARY,jp/itineraries/qld-goldcoast-hinterland,jp/explore/itineraries/qld-goldcoast-hinterland
ITINERARY,jp/itineraries/sa-heysen-trail,jp/explore/itineraries/sa-heysen-trail
ITINERARY,jp/itineraries/nt-larapinta-trail,jp/explore/itineraries/nt-larapinta-trail
ITINERARY,jp/itineraries/vic-wilsons-prom,jp/explore/itineraries/vic-wilsons-prom
ITINERARY,jp/itineraries/nsw-six-foot-track,jp/explore/itineraries/nsw-six-foot-track
ITINERARY,jp/itineraries/wa-bibbulmun-track,jp/explore/itineraries/wa-bibbulmun-track
ITINERARY,jp/itineraries/nsw-kanangra-katoomba,jp/explore/itineraries/nsw-kanangra-katoomba
ITINERARY,jp/itineraries/sydney-coastal-walks,jp/explore/itineraries/sydney-coastal-walks
ITINERARY,jp/itineraries/hinchinbrook-island,jp/explore/itineraries/hinchinbrook-island
CATEGORY,jp/itineraries/holiday-ideas,jp/explore/itineraries-ideas/holiday-ideas
ITINERARY,jp/itineraries/nsw-3weeks-sydney,jp/explore/itineraries/nsw-3weeks-sydney
ITINERARY,jp/itineraries/vic-3weeks-melbourne,jp/explore/itineraries/vic-3weeks-melbourne
ITINERARY,jp/itineraries/qld-3weeks-brisbane,jp/explore/itineraries/qld-3weeks-brisbane
ITINERARY,jp/itineraries/wa-3weeks-perth,jp/explore/itineraries/wa-3weeks-perth
ITINERARY,jp/itineraries/sa-3weeks-adelaide,jp/explore/itineraries/sa-3weeks-adelaide
ITINERARY,jp/itineraries/nt-3weeks-darwin,jp/explore/itineraries/nt-3weeks-darwin
ITINERARY,jp/itineraries/qld-3weeks-cairns,jp/explore/itineraries/qld-3weeks-cairns
CATEGORY,jp/itineraries/city-journeys,jp/explore/itineraries-ideas/city-journeys
ITINERARY,jp/itineraries/nsw-3days-sydney,jp/explore/itineraries/nsw-3days-sydney
ITINERARY,jp/itineraries/vic-3days-melbourne,jp/explore/itineraries/vic-3days-melbourne
ITINERARY,jp/itineraries/qld-3days-brisbane,jp/explore/itineraries/qld-3days-brisbane
ITINERARY,jp/itineraries/wa-3days-perth,jp/explore/itineraries/wa-3days-perth
ITINERARY,jp/itineraries/sa-3days-adelaide,jp/explore/itineraries/sa-3days-adelaide
ITINERARY,jp/itineraries/nt-3days-darwin,jp/explore/itineraries/nt-3days-darwin
ITINERARY,jp/itineraries/tas-3days-hobart,jp/explore/itineraries/tas-3days-hobart
ITINERARY,jp/itineraries/act-3days-canberra,jp/explore/itineraries/act-3days-canberra
ITINERARY,jp/itineraries/qld-3days-cairns,jp/explore/itineraries/qld-3days-cairns
ITINERARY,jp/itineraries/nt-3days-alice-springs,jp/explore/itineraries/nt-3days-alice-springs
ITINERARY,jp/itineraries/wa-3days-broome,jp/explore/itineraries/wa-3days-broome
ITINERARY,jp/itineraries/qld-3days-gold-coast,jp/explore/itineraries/qld-3days-gold-coast
CATEGORY,jp/itineraries/australian-holiday-stories,jp/explore/things-to-do/australian-holiday-stories
ITINERARY,jp/itineraries/nsw-sydney-story,jp/explore/cities/sydney/nsw-sydney-story
ITINERARY,jp/itineraries/nt-uluru-story,jp/explore/icons/red-centre/nt-uluru-story
ITINERARY,jp/itineraries/wa-pinnacles-travel-story,jp/explore/states/wa/wa-pinnacles-travel-story
ITINERARY,jp/itineraries/tasman-national-park-story,jp/explore/states/tas/tasman-national-park-story
ITINERARY,jp/itineraries/margaret-river-story,jp/explore/states/wa/margaret-river-story
ITINERARY,jp/itineraries/sa-kangaroo-Island-story,jp/explore/icons/kangaroo-island/sa-kangaroo-Island-story
ITINERARY,jp/itineraries/nt-kakadu-story,jp/explore/icons/kakadu/nt-kakadu-story
ITINERARY,jp/itineraries/wa-kimberley-travel-story,jp/explore/icons/kimberley/wa-kimberley-travel-story
ITINERARY,jp/itineraries/liffey-falls-story,jp/explore/cities/hobart/liffey-falls-story
ITINERARY,jp/itineraries/port-campbell-travel-story,jp/explore/icons/great-ocean-road/port-campbell-travel-story
ITINERARY,jp/itineraries/qld-surfers-paradise-story,jp/explore/cities/gold-coast/qld-surfers-paradise-story
ITINERARY,jp/itineraries/bruny-travel-story,jp/explore/states/tas/bruny-travel-story
ITINERARY,jp/itineraries/qld-tangalooma-story,jp/explore/cities/brisbane/qld-tangalooma-story
ITINERARY,jp/itineraries/wa-karijini-story,jp/explore/states/wa/wa-karijini-story
ITINERARY,jp/itineraries/act-tharwa-story,jp/explore/cities/canberra/act-tharwa-story
ITINERARY,jp/itineraries/wa-valley-of-the-giants-story,jp/explore/states/wa/wa-valley-of-the-giants-story
ITINERARY,jp/itineraries/wa-wave-rock-story,jp/explore/states/wa/wa-wave-rock-story
EVENT LANDING,jp/events/major-events,jp/explore/australian-events/major-events
EVENT LANDING,jp/events/sporting-events,jp/explore/australian-events/sporting-events
EVENT LANDING,jp/events/horse-racing-events,jp/explore/australian-events/horse-racing-events
EVENT LANDING,jp/events/beaches-events,jp/explore/australian-events/beaches-events
EVENT LANDING,jp/events/culture-events,jp/explore/australian-events/culture-events
EVENT LANDING,jp/events/art-events,jp/explore/australian-events/art-events
EVENT LANDING,jp/events/music-festivals-events,jp/explore/australian-events/music-festivals-events
EVENT LANDING,jp/events/food-wine-events,jp/explore/australian-events/food-wine-events
EVENT LANDING,jp/events/regional-outback-events,jp/explore/australian-events/regional-outback-events
EVENT LANDING,jp/events/aboriginal-events,jp/explore/australian-events/aboriginal-events
EVENT LANDING,jp/events/natural-events,jp/explore/australian-events/natural-events
EVENT LANDING,jp/events/nat-uniquely-australian-events,jp/explore/australian-events/nat-uniquely-australian-events
EVENT ARTICLE ,jp/events/2014/january/tour-down-under,jp/explore/events/tour-down-under
EVENT ARTICLE ,jp/events/2014/february/australian-open,jp/explore/events/australian-open
EVENT ARTICLE ,jp/events/2014/march/australia-day,jp/explore/events/australia-day
EVENT ARTICLE ,jp/events/2014/april/melbourne-food-and-wine-festival,jp/explore/events/melbourne-food-and-wine-festival
EVENT ARTICLE ,jp/events/2014/may/vic-australian-grand-prix,jp/explore/events/vic-australian-grand-prix
EVENT ARTICLE ,jp/events/2014/june/opera-sydney-harbour,jp/explore/events/opera-sydney-harbour
EVENT ARTICLE ,jp/events/2014/july/sydney-royal-easter-show,jp/explore/events/sydney-royal-easter-show
EVENT ARTICLE ,jp/events/2014/august/vivid-sydney,jp/explore/events/vivid-sydney
EVENT ARTICLE ,jp/events/2014/september/british-lions-2013,jp/explore/events/british-lions-2013
EVENT ARTICLE ,jp/events/2014/october/australias-running-events,jp/explore/events/australias-running-events
EVENT ARTICLE ,jp/events/2014/november/floriade,jp/explore/events/floriade
EVENT ARTICLE ,jp/events/2014/december/afl-events,jp/explore/events/afl-events
EVENT ARTICLE ,jp/events/2014/january/melbourne-cup-carnival,jp/explore/events/melbourne-cup-carnival
EVENT ARTICLE ,jp/events/2014/february/syd-hobart-yacht-race,jp/explore/events/syd-hobart-yacht-race
EVENT ARTICLE ,jp/events/2014/march/nat-new-years-fireworks,jp/explore/events/nat-new-years-fireworks
EVENT ARTICLE ,jp/events/2014/april/sydney-mardi-gras,jp/explore/events/sydney-mardi-gras
EVENT ARTICLE ,jp/events/2014/may/jazz-blues-classical-festivals,jp/explore/events/jazz-blues-classical-festivals
EVENT ARTICLE ,jp/events/2014/june/indie-alternative-rock-festivals,jp/explore/events/indie-alternative-rock-festivals
EVENT ARTICLE ,jp/events/2014/july/folk-country-world-music-festivals,jp/explore/events/folk-country-world-music-festivals
EVENT ARTICLE ,jp/events/2014/august/horse-racing-events-article,jp/explore/events/horse-racing-events-article
EVENT ARTICLE ,jp/events/2014/september/act-canberra-balloon-fiesta,jp/explore/events/act-canberra-balloon-fiesta
EVENT ARTICLE ,jp/events/2014/october/nat-film-festivals,jp/explore/events/nat-film-festivals
EVENT ARTICLE ,jp/events/2014/november/nsw-taste-of-orange,jp/explore/events/nsw-taste-of-orange
EVENT ARTICLE ,jp/events/2014/december/nt-henley-on-todd,jp/explore/events/nt-henley-on-todd
EVENT ARTICLE ,jp/events/2014/january/tas-taste-festival,jp/explore/events/tas-taste-festival
EVENT ARTICLE ,jp/events/2014/february/vic-spring-racing,jp/explore/events/vic-spring-racing
EVENT ARTICLE ,jp/events/2014/march/australias-motorsport-events,jp/explore/events/australias-motorsport-events
EVENT ARTICLE ,jp/events/2014/april/nsw-orange-food-week,jp/explore/events/nsw-orange-food-week
EVENT ARTICLE ,jp/events/2014/may/qld-coolangatta-ocean-swim,jp/explore/events/qld-coolangatta-ocean-swim
EVENT ARTICLE ,jp/events/2014/june/summer-cricket,jp/explore/events/summer-cricket
EVENT ARTICLE ,jp/events/2014/july/wa-ord-valley-muster,jp/explore/events/wa-ord-valley-muster
EVENT ARTICLE ,jp/events/2014/august/australias-grand-slam-tennis,jp/explore/events/australias-grand-slam-tennis
EVENT ARTICLE ,jp/events/2014/september/surfing-events,jp/explore/events/surfing-events
EVENT ARTICLE ,jp/events/2014/october/australian-theatre,jp/explore/events/australian-theatre
EVENT ARTICLE ,jp/events/2014/november/ashes-2013,jp/explore/events/ashes-2013
EVENT ARTICLE ,jp/events/2014/december/australias-cycling-events,jp/explore/events/australias-cycling-events
EVENT ARTICLE ,jp/events/2014/january/australias-golf-events,jp/explore/events/australias-golf-events
EVENT ARTICLE ,jp/events/2014/february/australias-oceans-swims,jp/explore/events/australias-oceans-swims
EVENT ARTICLE ,jp/events/2014/march/bledisloe-cup,jp/explore/events/bledisloe-cup
EVENT ARTICLE ,jp/events/2014/april/endurance-events,jp/explore/events/endurance-events
EVENT ARTICLE ,jp/events/2014/may/sa-tasting-australia,jp/explore/events/sa-tasting-australia
EVENT ARTICLE ,jp/events/2014/june/australian-opera,jp/explore/events/australian-opera
EVENT ARTICLE ,jp/events/2014/july/sa-outback-cattle-drive,jp/explore/events/sa-outback-cattle-drive
EVENT ARTICLE ,jp/events/2014/august/wa-margaret-river-wine-festival,jp/explore/events/wa-margaret-river-wine-festival
EVENT ARTICLE ,jp/events/2014/september/surf-life-saving-events,jp/explore/events/surf-life-saving-events
CATEGORY,jp/categories/outback-australia,jp/about/australias-landscapes/outback-australia
ARTICLE,jp/places/nsw/mungo,jp/explore/states/nsw/nsw-mungo
ARTICLE,jp/articles/outback,jp/about/australias-landscapes/outback/outback
ARTICLE,jp/articles/houseboating-murray-river,jp/explore/things-to-do/australian-adventure/houseboating-murray-river
ARTICLE,jp/articles/glamping-australia,jp/explore/things-to-do/australian-adventure/glamping-australia
ARTICLE,jp/articles/outback-cattle-drive,jp/explore/events/sa-outback-cattle-drive
CATEGORY,jp/categories/aboriginal-australia,jp/explore/things-to-do/aboriginal-australia
ARTICLE,jp/articles/aboriginal,jp/explore/things-to-do/aboriginal-australia/aboriginal
CITY ,jp/places/nt/alice-springs,jp/explore/cities/alice-springs
CATEGORY,jp/categories/food-and-wine,jp/explore/things-to-do/food-and-wine
ARTICLE,jp/articles/australian-wineries,jp/about/australias-landscapes/australian-wineries
ARTICLE,jp/articles/ultimate-wineries,jp/explore/things-to-do/ultimate-wineries
CATEGORY,jp/categories/art-music-culture,jp/about/culture-history/culture
ARTICLE,jp/articles/australian-art,jp/about/culture-history/australian-art
ARTICLE,jp/articles/shopping,jp/explore/things-to-do/shopping
ARTICLE,jp/articles/shopping/nat-shopping,jp/explore/things-to-do/shopping/nat-shopping
ARTICLE,jp/articles/shopping/nat-australias-markets,jp/explore/things-to-do/shopping/nat-australias-markets
ARTICLE,jp/articles/shopping/australias-opals,jp/explore/things-to-do/shopping/australias-opals
ARTICLE,jp/articles/shopping/australian-souvenirs,jp/explore/things-to-do/shopping/australian-souvenirs
ARTICLE,jp/articles/famous-australians,jp/about/culture-history/famous-australians
CATEGORY,jp/categories/australias-islands,jp/about/australias-landscapes/australias-islands
ARTICLE,jp/places/qld/tangalooma,jp/explore/states/qld/tangalooma
ARTICLE,jp/places/qld/whitsundays-islands,jp/explore/icons/great-barrier-reef/whitsundays-islands
ARTICLE,jp/places/tas/tas-bass-strait-islands,jp/explore/states/tas/tas-bass-strait-islands
ARTICLE,jp/places/nsw/nsw-lord-howe-island,jp/explore/states/nsw/nsw-lord-howe-island
ARTICLE,jp/places/nt/tiwi-islands,jp/about/australias-landscapes/australias-islands/tiwi-islands
CATEGORY,jp/categories/nature and wildlife,jp/about/australias-landscapes/nature
ARTICLE,jp/articles/natural-australia,jp/explore/things-to-do/natural-australia
ARTICLE,jp/articles/nat-australias-rainforests,jp/explore/things-to-do/nature/nat-australias-rainforests
ARTICLE,jp/articles/world-heritage-sites-australia,jp/explore/things-to-do/nature/world-heritage-sites-australia
ARTICLE,jp/facts/plants,jp/about/key-facts/plants
CATEGORY,jp/categories/beaches ,jp/about/australias-landscapes/australian-beaches
ARTICLE,jp/articles/coastal,jp/about/australias-landscapes/coastal
ARTICLE,jp/articles/sydney-beaches,jp/explore/cities/sydney/nsw-sydney-beaches
CATEGORY,jp/categories/australian-sport ,jp/explore/things-to-do/australian-adventure/nat-australian-sport
ARTICLE,jp/articles/australias-stadiums-venues,jp/about/culture-history/australias-stadiums-venues
ARTICLE,jp/articles/great-golf-courses,jp/explore/things-to-do/great-golf-courses
CATEGORY,jp/categories/australian-adventure,jp/explore/things-to-do/australian-adventure
ARTICLE,jp/articles/great-walks,jp/explore/things-to-do/great-walks
ARTICLE,jp/articles/great-luxury-lodges,jp/explore/things-to-do/great-luxury-lodges
CATEGORY  ,jp/categories/youthful-travellers,jp/explore/things-to-do/youthful-travellers
ARTICLE,jp/planning/working-holiday-visa,jp/plan/before-you-go/working-holiday-visa
ARTICLE,jp/planning/working-holiday-visa-faq,jp/plan/before-you-go/working-holiday-visa-faq
ARTICLE,jp/planning/work-study-abroad,jp/plan/before-you-go/work-study-abroad
CATEGORY ,jp/facts,jp/about
CATEGORY ,jp/facts/weather,jp/about/key-facts/weather
ARTICLE,jp/facts/sydney-weather,jp/about/key-facts/weather/sydney-weather
ARTICLE,jp/facts/melbourne-weather,jp/about/key-facts/weather/melbourne-weather
ARTICLE,jp/facts/adelaide-weather,jp/about/key-facts/weather/adelaide-weather
ARTICLE,jp/facts/perth-weather,jp/about/key-facts/weather/perth-weather
ARTICLE,jp/facts/brisbane-weather,jp/about/key-facts/weather/brisbane-weather
ARTICLE,jp/facts/cairns-weather,jp/about/key-facts/weather/cairns-weather
ARTICLE,jp/facts/hobart-weather,jp/about/key-facts/weather/hobart-weather
ARTICLE,jp/facts/canberra-weather,jp/about/key-facts/weather/canberra-weather
ARTICLE,jp/facts/alice-springs-weather,jp/about/key-facts/weather/alice-springs-weather
ARTICLE,jp/facts/broome-weather,jp/about/key-facts/weather/broome-weather
ARTICLE,jp/facts/darwin-weather,jp/about/key-facts/weather/darwin-weather
ARTICLE,jp/facts/gold-coast-weather,jp/about/key-facts/weather/gold-coast-weather
ARTICLE,jp/planning/tips-hazards,jp/plan/while-your-here/tips-hazards
CATEGORY ,jp/facts/australias-seasons,jp/about/australias-landscapes/australias-seasons
ARTICLE,jp/facts/australias-seasons/summer,jp/about/australias-landscapes/australias-seasons/summer
ARTICLE,jp/facts/australias-seasons/autumn,jp/about/australias-landscapes/australias-seasons/autumn
ARTICLE,jp/facts/australias-seasons/winter,jp/about/australias-landscapes/australias-seasons/winter
ARTICLE,jp/facts/australias-seasons/spring,jp/about/australias-landscapes/australias-seasons/spring
ARTICLE,jp/planning/getting-there,jp/plan/plan-your-trip/getting-there
CATEGORY ,jp/planning/planning-a-trip,jp/plan/before-you-go/planning-a-trip
ARTICLE,jp/facts/currency,jp/about/key-facts/currency
ARTICLE,jp/facts/time-zones,jp/about/key-facts/time-zones
ARTICLE,jp/planning/getting-around,jp/plan/while-your-here/getting-around
ARTICLE,jp/planning/road-safety,jp/plan/while-your-here/road-safety
ARTICLE,jp/facts/cities-states-territories,jp/about/key-facts/cities-states-territories
ARTICLE,jp/planning/visa-information,jp/plan/before-you-go/visa-information
ARTICLE,jp/planning/customs-quarantine,jp/plan/before-you-go/customs-quarantine
ASP SEARCH,jp/planning/find-travel-agent,jp/plan/plan-your-trip/find-travel-agent
ARTICLE,jp/facts/emergency-services,jp/about/key-facts/emergency-services
MAP IFRAME,explore,explore
SITE MAP,sitemap,sitemap
PRIVACY POLICY ,privacypolicy,privacypolicy
TERMS&CONDS,terms-conditions,terms-conditions
DISCLAIMER ,disclaimer,disclaimer
CAMPAIGN,nationallandscapes,nationallandscapes
CAMPAIGN,jp/campaigns/nationallandscapes/AustralianAlps,jp/campaigns/nationallandscapes/AustralianAlps.htm
CAMPAIGN,jp/campaigns/nationallandscapes/AustraliasCoastalWilderness,jp/campaigns/nationallandscapes/AustraliasCoastalWilderness.htm
CAMPAIGN,jp/campaigns/nationallandscapes/AustraliasGreenCauldron,jp/campaigns/nationallandscapes/AustraliasGreenCauldron.htm
CAMPAIGN,jp/campaigns/nationallandscapes/FlindersRanges,jp/campaigns/nationallandscapes/FlindersRanges.htm
CAMPAIGN,jp/campaigns/nationallandscapes/AustraliasRedCentre,jp/campaigns/nationallandscapes/AustraliasRedCentre.htm
CAMPAIGN,jp/campaigns/nationallandscapes/GreatBarrierReef,jp/campaigns/nationallandscapes/GreatBarrierReef.htm
CAMPAIGN,jp/campaigns/nationallandscapes/GreatOceanRoad,jp/campaigns/nationallandscapes/GreatOceanRoad.htm
CAMPAIGN,jp/campaigns/nationallandscapes/GreaterBlueMountains,jp/campaigns/nationallandscapes/GreaterBlueMountains.htm
CAMPAIGN,jp/campaigns/nationallandscapes/Great-South-West-Edge,jp/campaigns/nationallandscapes/Great-South-West-Edge.htm
CAMPAIGN,jp/campaigns/nationallandscapes/Australias-Timeless-North,jp/campaigns/nationallandscapes/Australias-Timeless-North.htm
CAMPAIGN,jp/campaigns/nationallandscapes/KangarooIsland,jp/campaigns/nationallandscapes/KangarooIsland.htm
CAMPAIGN,jp/campaigns/nationallandscapes/NingalooSharkBay,jp/campaigns/nationallandscapes/NingalooSharkBay.htm
CAMPAIGN,jp/campaigns/nationallandscapes/SydneyHarbour,jp/campaigns/nationallandscapes/SydneyHarbour.htm
CAMPAIGN,jp/campaigns/nationallandscapes/TasmaniasIslandHeritage,jp/campaigns/nationallandscapes/TasmaniasIslandHeritage.htm
CAMPAIGN,jp/campaigns/nationallandscapes/TheKimberley,jp/campaigns/nationallandscapes/TheKimberley.htm
CAMPAIGN,jp/campaigns/nationallandscapes/wettropics,jp/campaigns/nationallandscapes/wettropics.htm
CAMPAIGN,jp/campaigns/nothinglike/au,jp/campaigns/nothinglike/au/index.htm
CAMPAIGN,jp/campaigns/nothinglike/au/bungle-bungles,jp/campaigns/nothinglike/au/bungle-bungles.htm
CAMPAIGN,jp/campaigns/nothinglike/au/bungle-bungles-product1,jp/campaigns/nothinglike/au/bungle-bungles-product1.htm
CAMPAIGN,jp/campaigns/nothinglike/au/bungle-bungles-product2,jp/campaigns/nothinglike/au/bungle-bungles-product2.htm
CAMPAIGN,jp/campaigns/nothinglike/au/bungle-bungles-product3,jp/campaigns/nothinglike/au/bungle-bungles-product3.htm
CAMPAIGN,jp/campaigns/nothinglike/au/bungle-bungles-product4,jp/campaigns/nothinglike/au/bungle-bungles-product4.htm
CAMPAIGN,jp/campaigns/nothinglike/au/bungle-bungles-product5,jp/campaigns/nothinglike/au/bungle-bungles-product5.htm
CAMPAIGN,jp/campaigns/nothinglike/au/bungle-bungles-product6,jp/campaigns/nothinglike/au/bungle-bungles-product6.htm
CAMPAIGN,jp/campaigns/nothinglike/au/bungle-bungles-product7,jp/campaigns/nothinglike/au/bungle-bungles-product7.htm
CAMPAIGN,jp/campaigns/nothinglike/au/bungle-bungles-product8,jp/campaigns/nothinglike/au/bungle-bungles-product8.htm
CAMPAIGN,jp/campaigns/nothinglike/au/bungle-bungles-product9,jp/campaigns/nothinglike/au/bungle-bungles-product9.htm
CAMPAIGN,jp/campaigns/nothinglike/au/bungle-bungles-product10,jp/campaigns/nothinglike/au/bungle-bungles-product10.htm
CAMPAIGN,jp/campaigns/nothinglike/au/bungle-bungles-itinerary,jp/campaigns/nothinglike/au/bungle-bungles-itinerary.htm
CAMPAIGN,jp/campaigns/nothinglike/au/bungle-bungles-itinerary2,jp/campaigns/nothinglike/au/bungle-bungles-itinerary2.htm
CAMPAIGN,jp/campaigns/nothinglike/au/bungle-bungles-itinerary3,jp/campaigns/nothinglike/au/bungle-bungles-itinerary3.htm
CAMPAIGN,jp/campaigns/nothinglike/au/bungle-bungles-itinerary4,jp/campaigns/nothinglike/au/bungle-bungles-itinerary4.htm
CAMPAIGN,jp/campaigns/nothinglike/au/bungle-bungles-experiences,jp/campaigns/nothinglike/au/bungle-bungles-experiences.htm
CAMPAIGN,jp/campaigns/nothinglike/au/canberra,jp/campaigns/nothinglike/au/canberra.htm
CAMPAIGN,jp/campaigns/nothinglike/au/canberra-product1,jp/campaigns/nothinglike/au/canberra-product1.htm
CAMPAIGN,jp/campaigns/nothinglike/au/canberra-product2,jp/campaigns/nothinglike/au/canberra-product2.htm
CAMPAIGN,jp/campaigns/nothinglike/au/canberra-product3,jp/campaigns/nothinglike/au/canberra-product3.htm
CAMPAIGN,jp/campaigns/nothinglike/au/canberra-product4,jp/campaigns/nothinglike/au/canberra-product4.htm
CAMPAIGN,jp/campaigns/nothinglike/au/canberra-product5,jp/campaigns/nothinglike/au/canberra-product5.htm
CAMPAIGN,jp/campaigns/nothinglike/au/canberra-product6,jp/campaigns/nothinglike/au/canberra-product6.htm
CAMPAIGN,jp/campaigns/nothinglike/au/canberra-product7,jp/campaigns/nothinglike/au/canberra-product7.htm
CAMPAIGN,jp/campaigns/nothinglike/au/canberra-product8,jp/campaigns/nothinglike/au/canberra-product8.htm
CAMPAIGN,jp/campaigns/nothinglike/au/canberra-product9,jp/campaigns/nothinglike/au/canberra-product9.htm
CAMPAIGN,jp/campaigns/nothinglike/au/canberra-product10,jp/campaigns/nothinglike/au/canberra-product10.htm
CAMPAIGN,jp/campaigns/nothinglike/au/canberra-product11,jp/campaigns/nothinglike/au/canberra-product11.htm
CAMPAIGN,jp/campaigns/nothinglike/au/canberra-itinerary,jp/campaigns/nothinglike/au/canberra-itinerary.htm
CAMPAIGN,jp/campaigns/nothinglike/au/canberra-itinerary2,jp/campaigns/nothinglike/au/canberra-itinerary2.htm
CAMPAIGN,jp/campaigns/nothinglike/au/canberra-itinerary3,jp/campaigns/nothinglike/au/canberra-itinerary3.htm
CAMPAIGN,jp/campaigns/nothinglike/au/canberra-itinerary4,jp/campaigns/nothinglike/au/canberra-itinerary4.htm
CAMPAIGN,jp/campaigns/nothinglike/au/canberra-experiences,jp/campaigns/nothinglike/au/canberra-experiences.htm
CAMPAIGN,jp/campaigns/nothinglike/au/cape-leveque,jp/campaigns/nothinglike/au/cape-leveque.htm
CAMPAIGN,jp/campaigns/nothinglike/au/cape-leveque-product1,jp/campaigns/nothinglike/au/cape-leveque-product1.htm
CAMPAIGN,jp/campaigns/nothinglike/au/cape-leveque-product2,jp/campaigns/nothinglike/au/cape-leveque-product2.htm
CAMPAIGN,jp/campaigns/nothinglike/au/cape-leveque-product3,jp/campaigns/nothinglike/au/cape-leveque-product3.htm
CAMPAIGN,jp/campaigns/nothinglike/au/cape-leveque-product4,jp/campaigns/nothinglike/au/cape-leveque-product4.htm
CAMPAIGN,jp/campaigns/nothinglike/au/cape-leveque-product5,jp/campaigns/nothinglike/au/cape-leveque-product5.htm
CAMPAIGN,jp/campaigns/nothinglike/au/cape-leveque-product6,jp/campaigns/nothinglike/au/cape-leveque-product6.htm
CAMPAIGN,jp/campaigns/nothinglike/au/cape-leveque-product7,jp/campaigns/nothinglike/au/cape-leveque-product7.htm
CAMPAIGN,jp/campaigns/nothinglike/au/cape-leveque-product8,jp/campaigns/nothinglike/au/cape-leveque-product8.htm
CAMPAIGN,jp/campaigns/nothinglike/au/cape-leveque-product9,jp/campaigns/nothinglike/au/cape-leveque-product9.htm
CAMPAIGN,jp/campaigns/nothinglike/au/cape-leveque-product10,jp/campaigns/nothinglike/au/cape-leveque-product10.htm
CAMPAIGN,jp/campaigns/nothinglike/au/cape-leveque-itinerary,jp/campaigns/nothinglike/au/cape-leveque-itinerary.htm
CAMPAIGN,jp/campaigns/nothinglike/au/cape-leveque-itinerary2,jp/campaigns/nothinglike/au/cape-leveque-itinerary2.htm
CAMPAIGN,jp/campaigns/nothinglike/au/cape-leveque-itinerary3,jp/campaigns/nothinglike/au/cape-leveque-itinerary3.htm
CAMPAIGN,jp/campaigns/nothinglike/au/cape-leveque-itinerary4,jp/campaigns/nothinglike/au/cape-leveque-itinerary4.htm
CAMPAIGN,jp/campaigns/nothinglike/au/cape-leveque-itinerary5,jp/campaigns/nothinglike/au/cape-leveque-itinerary5.htm
CAMPAIGN,jp/campaigns/nothinglike/au/cape-leveque-experiences,jp/campaigns/nothinglike/au/cape-leveque-experiences.htm
CAMPAIGN,jp/campaigns/nothinglike/au/el-questro,jp/campaigns/nothinglike/au/el-questro.htm
CAMPAIGN,jp/campaigns/nothinglike/au/el-questro-product1,jp/campaigns/nothinglike/au/el-questro-product1.htm
CAMPAIGN,jp/campaigns/nothinglike/au/el-questro-product2,jp/campaigns/nothinglike/au/el-questro-product2.htm
CAMPAIGN,jp/campaigns/nothinglike/au/el-questro-product3,jp/campaigns/nothinglike/au/el-questro-product3.htm
CAMPAIGN,jp/campaigns/nothinglike/au/el-questro-product4,jp/campaigns/nothinglike/au/el-questro-product4.htm
CAMPAIGN,jp/campaigns/nothinglike/au/el-questro-product5,jp/campaigns/nothinglike/au/el-questro-product5.htm
CAMPAIGN,jp/campaigns/nothinglike/au/el-questro-product6,jp/campaigns/nothinglike/au/el-questro-product6.htm
CAMPAIGN,jp/campaigns/nothinglike/au/el-questro-product7,jp/campaigns/nothinglike/au/el-questro-product7.htm
CAMPAIGN,jp/campaigns/nothinglike/au/el-questro-product8,jp/campaigns/nothinglike/au/el-questro-product8.htm
CAMPAIGN,jp/campaigns/nothinglike/au/el-questro-product9,jp/campaigns/nothinglike/au/el-questro-product9.htm
CAMPAIGN,jp/campaigns/nothinglike/au/el-questro-product10,jp/campaigns/nothinglike/au/el-questro-product10.htm
CAMPAIGN,jp/campaigns/nothinglike/au/el-questro-itinerary,jp/campaigns/nothinglike/au/el-questro-itinerary.htm
CAMPAIGN,jp/campaigns/nothinglike/au/el-questro-itinerary2,jp/campaigns/nothinglike/au/el-questro-itinerary2.htm
CAMPAIGN,jp/campaigns/nothinglike/au/el-questro-itinerary3,jp/campaigns/nothinglike/au/el-questro-itinerary3.htm
CAMPAIGN,jp/campaigns/nothinglike/au/el-questro-itinerary4,jp/campaigns/nothinglike/au/el-questro-itinerary4.htm
CAMPAIGN,jp/campaigns/nothinglike/au/el-questro-experiences,jp/campaigns/nothinglike/au/el-questro-experiences.htm
CAMPAIGN,jp/campaigns/nothinglike/au/freycinet,jp/campaigns/nothinglike/au/freycinet.htm
CAMPAIGN,jp/campaigns/nothinglike/au/freycinet-product1,jp/campaigns/nothinglike/au/freycinet-product1.htm
CAMPAIGN,jp/campaigns/nothinglike/au/freycinet-product2,jp/campaigns/nothinglike/au/freycinet-product2.htm
CAMPAIGN,jp/campaigns/nothinglike/au/freycinet-product3,jp/campaigns/nothinglike/au/freycinet-product3.htm
CAMPAIGN,jp/campaigns/nothinglike/au/freycinet-product5,jp/campaigns/nothinglike/au/freycinet-product5.htm
CAMPAIGN,jp/campaigns/nothinglike/au/freycinet-product6,jp/campaigns/nothinglike/au/freycinet-product6.htm
CAMPAIGN,jp/campaigns/nothinglike/au/freycinet-product7,jp/campaigns/nothinglike/au/freycinet-product7.htm
CAMPAIGN,jp/campaigns/nothinglike/au/freycinet-product8,jp/campaigns/nothinglike/au/freycinet-product8.htm
CAMPAIGN,jp/campaigns/nothinglike/au/freycinet-product9,jp/campaigns/nothinglike/au/freycinet-product9.htm
CAMPAIGN,jp/campaigns/nothinglike/au/freycinet-product10,jp/campaigns/nothinglike/au/freycinet-product10.htm
CAMPAIGN,jp/campaigns/nothinglike/au/freycinet-itinerary,jp/campaigns/nothinglike/au/freycinet-itinerary.htm
CAMPAIGN,jp/campaigns/nothinglike/au/freycinet-itinerary2,jp/campaigns/nothinglike/au/freycinet-itinerary2.htm
CAMPAIGN,jp/campaigns/nothinglike/au/freycinet-itinerary3,jp/campaigns/nothinglike/au/freycinet-itinerary3.htm
CAMPAIGN,jp/campaigns/nothinglike/au/freycinet-itinerary4,jp/campaigns/nothinglike/au/freycinet-itinerary4.htm
CAMPAIGN,jp/campaigns/nothinglike/au/freycinet-itinerary5,jp/campaigns/nothinglike/au/freycinet-itinerary5.htm
CAMPAIGN,jp/campaigns/nothinglike/au/freycinet-experiences,jp/campaigns/nothinglike/au/freycinet-experiences.htm
CAMPAIGN,jp/campaigns/nothinglike/au/gold-coast,jp/campaigns/nothinglike/au/gold-coast.htm
CAMPAIGN,jp/campaigns/nothinglike/au/gold-coast-product1,jp/campaigns/nothinglike/au/gold-coast-product1.htm
CAMPAIGN,jp/campaigns/nothinglike/au/gold-coast-product2,jp/campaigns/nothinglike/au/gold-coast-product2.htm
CAMPAIGN,jp/campaigns/nothinglike/au/gold-coast-product3,jp/campaigns/nothinglike/au/gold-coast-product3.htm
CAMPAIGN,jp/campaigns/nothinglike/au/gold-coast-product4,jp/campaigns/nothinglike/au/gold-coast-product4.htm
CAMPAIGN,jp/campaigns/nothinglike/au/gold-coast-product5,jp/campaigns/nothinglike/au/gold-coast-product5.htm
CAMPAIGN,jp/campaigns/nothinglike/au/gold-coast-product6,jp/campaigns/nothinglike/au/gold-coast-product6.htm
CAMPAIGN,jp/campaigns/nothinglike/au/gold-coast-product7,jp/campaigns/nothinglike/au/gold-coast-product7.htm
CAMPAIGN,jp/campaigns/nothinglike/au/gold-coast-product8,jp/campaigns/nothinglike/au/gold-coast-product8.htm
CAMPAIGN,jp/campaigns/nothinglike/au/gold-coast-product9,jp/campaigns/nothinglike/au/gold-coast-product9.htm
CAMPAIGN,jp/campaigns/nothinglike/au/gold-coast-product10,jp/campaigns/nothinglike/au/gold-coast-product10.htm
CAMPAIGN,jp/campaigns/nothinglike/au/gold-coast-itinerary,jp/campaigns/nothinglike/au/gold-coast-itinerary.htm
CAMPAIGN,jp/campaigns/nothinglike/au/gold-coast-itinerary2,jp/campaigns/nothinglike/au/gold-coast-itinerary2.htm
CAMPAIGN,jp/campaigns/nothinglike/au/gold-coast-itinerary3,jp/campaigns/nothinglike/au/gold-coast-itinerary3.htm
CAMPAIGN,jp/campaigns/nothinglike/au/gold-coast-itinerary4,jp/campaigns/nothinglike/au/gold-coast-itinerary4.htm
CAMPAIGN,jp/campaigns/nothinglike/au/gold-coast-experiences,jp/campaigns/nothinglike/au/gold-coast-experiences.htm
CAMPAIGN,jp/campaigns/nothinglike/au/great-ocean-road,jp/campaigns/nothinglike/au/great-ocean-road.htm
CAMPAIGN,jp/campaigns/nothinglike/au/great-ocean-road-product1,jp/campaigns/nothinglike/au/great-ocean-road-product1.htm
CAMPAIGN,jp/campaigns/nothinglike/au/great-ocean-road-product2,jp/campaigns/nothinglike/au/great-ocean-road-product2.htm
CAMPAIGN,jp/campaigns/nothinglike/au/great-ocean-road-product3,jp/campaigns/nothinglike/au/great-ocean-road-product3.htm
CAMPAIGN,jp/campaigns/nothinglike/au/great-ocean-road-product4,jp/campaigns/nothinglike/au/great-ocean-road-product4.htm
CAMPAIGN,jp/campaigns/nothinglike/au/great-ocean-road-product5,jp/campaigns/nothinglike/au/great-ocean-road-product5.htm
CAMPAIGN,jp/campaigns/nothinglike/au/great-ocean-road-product6,jp/campaigns/nothinglike/au/great-ocean-road-product6.htm
CAMPAIGN,jp/campaigns/nothinglike/au/great-ocean-road-product7,jp/campaigns/nothinglike/au/great-ocean-road-product7.htm
CAMPAIGN,jp/campaigns/nothinglike/au/great-ocean-road-product8,jp/campaigns/nothinglike/au/great-ocean-road-product8.htm
CAMPAIGN,jp/campaigns/nothinglike/au/great-ocean-road-itinerary,jp/campaigns/nothinglike/au/great-ocean-road-itinerary.htm
CAMPAIGN,jp/campaigns/nothinglike/au/great-ocean-road-itinerary2,jp/campaigns/nothinglike/au/great-ocean-road-itinerary2.htm
CAMPAIGN,jp/campaigns/nothinglike/au/great-ocean-road-itinerary3,jp/campaigns/nothinglike/au/great-ocean-road-itinerary3.htm
CAMPAIGN,jp/campaigns/nothinglike/au/great-ocean-road-itinerary4,jp/campaigns/nothinglike/au/great-ocean-road-itinerary4.htm
CAMPAIGN,jp/campaigns/nothinglike/au/great-ocean-road-itinerary5,jp/campaigns/nothinglike/au/great-ocean-road-itinerary5.htm
CAMPAIGN,jp/campaigns/nothinglike/au/great-ocean-road-experiences,jp/campaigns/nothinglike/au/great-ocean-road-experiences.htm
CAMPAIGN,jp/campaigns/nothinglike/au/hayman-island,jp/campaigns/nothinglike/au/hayman-island.htm
CAMPAIGN,jp/campaigns/nothinglike/au/hayman-island-product1,jp/campaigns/nothinglike/au/hayman-island-product1.htm
CAMPAIGN,jp/campaigns/nothinglike/au/hayman-island-product2,jp/campaigns/nothinglike/au/hayman-island-product2.htm
CAMPAIGN,jp/campaigns/nothinglike/au/hayman-island-product3,jp/campaigns/nothinglike/au/hayman-island-product3.htm
CAMPAIGN,jp/campaigns/nothinglike/au/hayman-island-product4,jp/campaigns/nothinglike/au/hayman-island-product4.htm
CAMPAIGN,jp/campaigns/nothinglike/au/hayman-island-product6,jp/campaigns/nothinglike/au/hayman-island-product6.htm
CAMPAIGN,jp/campaigns/nothinglike/au/hayman-island-product7,jp/campaigns/nothinglike/au/hayman-island-product7.htm
CAMPAIGN,jp/campaigns/nothinglike/au/hayman-island-product8,jp/campaigns/nothinglike/au/hayman-island-product8.htm
CAMPAIGN,jp/campaigns/nothinglike/au/hayman-island-product9,jp/campaigns/nothinglike/au/hayman-island-product9.htm
CAMPAIGN,jp/campaigns/nothinglike/au/hayman-island-product10,jp/campaigns/nothinglike/au/hayman-island-product10.htm
CAMPAIGN,jp/campaigns/nothinglike/au/hayman-island-itinerary,jp/campaigns/nothinglike/au/hayman-island-itinerary.htm
CAMPAIGN,jp/campaigns/nothinglike/au/hayman-island-itinerary2,jp/campaigns/nothinglike/au/hayman-island-itinerary2.htm
CAMPAIGN,jp/campaigns/nothinglike/au/hayman-island-itinerary3,jp/campaigns/nothinglike/au/hayman-island-itinerary3.htm
CAMPAIGN,jp/campaigns/nothinglike/au/hayman-island-itinerary4,jp/campaigns/nothinglike/au/hayman-island-itinerary4.htm
CAMPAIGN,jp/campaigns/nothinglike/au/hayman-island-experiences,jp/campaigns/nothinglike/au/hayman-island-experiences.htm
CAMPAIGN,jp/campaigns/nothinglike/au/kangaroo-island,jp/campaigns/nothinglike/au/kangaroo-island.htm
CAMPAIGN,jp/campaigns/nothinglike/au/kangaroo-island-product1,jp/campaigns/nothinglike/au/kangaroo-island-product1.htm
CAMPAIGN,jp/campaigns/nothinglike/au/kangaroo-island-product2,jp/campaigns/nothinglike/au/kangaroo-island-product2.htm
CAMPAIGN,jp/campaigns/nothinglike/au/kangaroo-island-product3,jp/campaigns/nothinglike/au/kangaroo-island-product3.htm
CAMPAIGN,jp/campaigns/nothinglike/au/kangaroo-island-product4,jp/campaigns/nothinglike/au/kangaroo-island-product4.htm
CAMPAIGN,jp/campaigns/nothinglike/au/kangaroo-island-product5,jp/campaigns/nothinglike/au/kangaroo-island-product5.htm
CAMPAIGN,jp/campaigns/nothinglike/au/kangaroo-island-product6,jp/campaigns/nothinglike/au/kangaroo-island-product6.htm
CAMPAIGN,jp/campaigns/nothinglike/au/kangaroo-island-product7,jp/campaigns/nothinglike/au/kangaroo-island-product7.htm
CAMPAIGN,jp/campaigns/nothinglike/au/kangaroo-island-product8,jp/campaigns/nothinglike/au/kangaroo-island-product8.htm
CAMPAIGN,jp/campaigns/nothinglike/au/kangaroo-island-product9,jp/campaigns/nothinglike/au/kangaroo-island-product9.htm
CAMPAIGN,jp/campaigns/nothinglike/au/kangaroo-island-product10,jp/campaigns/nothinglike/au/kangaroo-island-product10.htm
CAMPAIGN,jp/campaigns/nothinglike/au/kangaroo-island-itinerary,jp/campaigns/nothinglike/au/kangaroo-island-itinerary.htm
CAMPAIGN,jp/campaigns/nothinglike/au/kangaroo-island-itinerary2,jp/campaigns/nothinglike/au/kangaroo-island-itinerary2.htm
CAMPAIGN,jp/campaigns/nothinglike/au/kangaroo-island-itinerary3,jp/campaigns/nothinglike/au/kangaroo-island-itinerary3.htm
CAMPAIGN,jp/campaigns/nothinglike/au/kangaroo-island-experiences,jp/campaigns/nothinglike/au/kangaroo-island-experiences.htm
CAMPAIGN,jp/campaigns/nothinglike/au/lizard-island,jp/campaigns/nothinglike/au/lizard-island.htm
CAMPAIGN,jp/campaigns/nothinglike/au/lizard-island-product1,jp/campaigns/nothinglike/au/lizard-island-product1.htm
CAMPAIGN,jp/campaigns/nothinglike/au/lizard-island-product2,jp/campaigns/nothinglike/au/lizard-island-product2.htm
CAMPAIGN,jp/campaigns/nothinglike/au/lizard-island-product3,jp/campaigns/nothinglike/au/lizard-island-product3.htm
CAMPAIGN,jp/campaigns/nothinglike/au/lizard-island-product5,jp/campaigns/nothinglike/au/lizard-island-product5.htm
CAMPAIGN,jp/campaigns/nothinglike/au/lizard-island-product6,jp/campaigns/nothinglike/au/lizard-island-product6.htm
CAMPAIGN,jp/campaigns/nothinglike/au/lizard-island-product7,jp/campaigns/nothinglike/au/lizard-island-product7.htm
CAMPAIGN,jp/campaigns/nothinglike/au/lizard-island-product8,jp/campaigns/nothinglike/au/lizard-island-product8.htm
CAMPAIGN,jp/campaigns/nothinglike/au/lizard-island-product9,jp/campaigns/nothinglike/au/lizard-island-product9.htm
CAMPAIGN,jp/campaigns/nothinglike/au/melbourne,jp/campaigns/nothinglike/au/melbourne.htm
CAMPAIGN,jp/campaigns/nothinglike/au/melbourne-product1,jp/campaigns/nothinglike/au/melbourne-product1.htm
CAMPAIGN,jp/campaigns/nothinglike/au/melbourne-product2,jp/campaigns/nothinglike/au/melbourne-product2.htm
CAMPAIGN,jp/campaigns/nothinglike/au/melbourne-product3,jp/campaigns/nothinglike/au/melbourne-product3.htm
CAMPAIGN,jp/campaigns/nothinglike/au/melbourne-product4,jp/campaigns/nothinglike/au/melbourne-product4.htm
CAMPAIGN,jp/campaigns/nothinglike/au/melbourne-product5,jp/campaigns/nothinglike/au/melbourne-product5.htm
CAMPAIGN,jp/campaigns/nothinglike/au/melbourne-product6,jp/campaigns/nothinglike/au/melbourne-product6.htm
CAMPAIGN,jp/campaigns/nothinglike/au/melbourne-product7,jp/campaigns/nothinglike/au/melbourne-product7.htm
CAMPAIGN,jp/campaigns/nothinglike/au/melbourne-product8,jp/campaigns/nothinglike/au/melbourne-product8.htm
CAMPAIGN,jp/campaigns/nothinglike/au/melbourne-product9,jp/campaigns/nothinglike/au/melbourne-product9.htm
CAMPAIGN,jp/campaigns/nothinglike/au/melbourne-product10,jp/campaigns/nothinglike/au/melbourne-product10.htm
CAMPAIGN,jp/campaigns/nothinglike/au/melbourne-itinerary,jp/campaigns/nothinglike/au/melbourne-itinerary.htm
CAMPAIGN,jp/campaigns/nothinglike/au/melbourne-itinerary2,jp/campaigns/nothinglike/au/melbourne-itinerary2.htm
CAMPAIGN,jp/campaigns/nothinglike/au/melbourne-itinerary3,jp/campaigns/nothinglike/au/melbourne-itinerary3.htm
CAMPAIGN,jp/campaigns/nothinglike/au/melbourne-itinerary4,jp/campaigns/nothinglike/au/melbourne-itinerary4.htm
CAMPAIGN,jp/campaigns/nothinglike/au/melbourne-experiences,jp/campaigns/nothinglike/au/melbourne-experiences.htm
CAMPAIGN,jp/campaigns/nothinglike/au/sydney,jp/campaigns/nothinglike/au/sydney.htm
CAMPAIGN,jp/campaigns/nothinglike/au/sydney-product1,jp/campaigns/nothinglike/au/sydney-product1.htm
CAMPAIGN,jp/campaigns/nothinglike/au/sydney-product2,jp/campaigns/nothinglike/au/sydney-product2.htm
CAMPAIGN,jp/campaigns/nothinglike/au/sydney-product3,jp/campaigns/nothinglike/au/sydney-product3.htm
CAMPAIGN,jp/campaigns/nothinglike/au/sydney-product4,jp/campaigns/nothinglike/au/sydney-product4.htm
CAMPAIGN,jp/campaigns/nothinglike/au/sydney-product5,jp/campaigns/nothinglike/au/sydney-product5.htm
CAMPAIGN,jp/campaigns/nothinglike/au/sydney-product6,jp/campaigns/nothinglike/au/sydney-product6.htm
CAMPAIGN,jp/campaigns/nothinglike/au/sydney-product7,jp/campaigns/nothinglike/au/sydney-product7.htm
CAMPAIGN,jp/campaigns/nothinglike/au/sydney-product8,jp/campaigns/nothinglike/au/sydney-product8.htm
CAMPAIGN,jp/campaigns/nothinglike/au/sydney-product9,jp/campaigns/nothinglike/au/sydney-product9.htm
CAMPAIGN,jp/campaigns/nothinglike/au/sydney-product10,jp/campaigns/nothinglike/au/sydney-product10.htm
CAMPAIGN,jp/campaigns/nothinglike/au/sydney-product11,jp/campaigns/nothinglike/au/sydney-product11.htm
CAMPAIGN,jp/campaigns/nothinglike/au/sydney-itinerary,jp/campaigns/nothinglike/au/sydney-itinerary.htm
CAMPAIGN,jp/campaigns/nothinglike/au/sydney-itinerary2,jp/campaigns/nothinglike/au/sydney-itinerary2.htm
CAMPAIGN,jp/campaigns/nothinglike/au/sydney-itinerary3,jp/campaigns/nothinglike/au/sydney-itinerary3.htm
CAMPAIGN,jp/campaigns/nothinglike/au/sydney-itinerary4,jp/campaigns/nothinglike/au/sydney-itinerary4.htm
CAMPAIGN,jp/campaigns/nothinglike/au/sydney-experiences,jp/campaigns/nothinglike/au/sydney-experiences.htm
CAMPAIGN,jp/campaigns/nothinglike/au/uluru,jp/campaigns/nothinglike/au/uluru.htm
CAMPAIGN,jp/campaigns/nothinglike/au/uluru-product1,jp/campaigns/nothinglike/au/uluru-product1.htm
CAMPAIGN,jp/campaigns/nothinglike/au/uluru-product2,jp/campaigns/nothinglike/au/uluru-product2.htm
CAMPAIGN,jp/campaigns/nothinglike/au/uluru-product3,jp/campaigns/nothinglike/au/uluru-product3.htm
CAMPAIGN,jp/campaigns/nothinglike/au/uluru-product4,jp/campaigns/nothinglike/au/uluru-product4.htm
CAMPAIGN,jp/campaigns/nothinglike/au/uluru-product5,jp/campaigns/nothinglike/au/uluru-product5.htm
CAMPAIGN,jp/campaigns/nothinglike/au/uluru-product6,jp/campaigns/nothinglike/au/uluru-product6.htm
CAMPAIGN,jp/campaigns/nothinglike/au/uluru-product7,jp/campaigns/nothinglike/au/uluru-product7.htm
CAMPAIGN,jp/campaigns/nothinglike/au/uluru-product8,jp/campaigns/nothinglike/au/uluru-product8.htm
CAMPAIGN,jp/campaigns/nothinglike/au/uluru-product9,jp/campaigns/nothinglike/au/uluru-product9.htm
CAMPAIGN,jp/campaigns/nothinglike/au/uluru-itinerary,jp/campaigns/nothinglike/au/uluru-itinerary.htm
CAMPAIGN,jp/campaigns/nothinglike/au/uluru-experiences,jp/campaigns/nothinglike/au/uluru-experiences.htm
CAMPAIGN,jp/campaigns/nothinglike/au/wolgan-valley,jp/campaigns/nothinglike/au/wolgan-valley.htm
CAMPAIGN,jp/campaigns/nothinglike/au/wolgan-valley-product1,jp/campaigns/nothinglike/au/wolgan-valley-product1.htm
CAMPAIGN,jp/campaigns/nothinglike/au/wolgan-valley-product2,jp/campaigns/nothinglike/au/wolgan-valley-product2.htm
CAMPAIGN,jp/campaigns/nothinglike/au/wolgan-valley-product3,jp/campaigns/nothinglike/au/wolgan-valley-product3.htm
CAMPAIGN,jp/campaigns/nothinglike/au/wolgan-valley-product4,jp/campaigns/nothinglike/au/wolgan-valley-product4.htm
CAMPAIGN,jp/campaigns/nothinglike/au/wolgan-valley-product5,jp/campaigns/nothinglike/au/wolgan-valley-product5.htm
CAMPAIGN,jp/campaigns/nothinglike/au/wolgan-valley-product6,jp/campaigns/nothinglike/au/wolgan-valley-product6.htm
CAMPAIGN,jp/campaigns/nothinglike/au/wolgan-valley-product7,jp/campaigns/nothinglike/au/wolgan-valley-product7.htm
CAMPAIGN,jp/campaigns/nothinglike/au/wolgan-valley-product8,jp/campaigns/nothinglike/au/wolgan-valley-product8.htm
CAMPAIGN,jp/campaigns/nothinglike/au/wolgan-valley-product9,jp/campaigns/nothinglike/au/wolgan-valley-product9.htm
CAMPAIGN,jp/campaigns/nothinglike/au/wolgan-valley-product10,jp/campaigns/nothinglike/au/wolgan-valley-product10.htm
CAMPAIGN,jp/campaigns/nothinglike/au/wolgan-valley-itinerary,jp/campaigns/nothinglike/au/wolgan-valley-itinerary.htm
CAMPAIGN,jp/campaigns/nothinglike/au/wolgan-valley-itinerary2,jp/campaigns/nothinglike/au/wolgan-valley-itinerary2.htm
CAMPAIGN,jp/campaigns/nothinglike/au/wolgan-valley-itinerary3,jp/campaigns/nothinglike/au/wolgan-valley-itinerary3.htm
CAMPAIGN,jp/campaigns/nothinglike/au/wolgan-valley-itinerary4,jp/campaigns/nothinglike/au/wolgan-valley-itinerary4.htm
CAMPAIGN,jp/campaigns/nothinglike/au/wolgan-valley-itinerary5,jp/campaigns/nothinglike/au/wolgan-valley-itinerary5.htm
CAMPAIGN,jp/campaigns/nothinglike/au/wolgan-valley-itinerary6,jp/campaigns/nothinglike/au/wolgan-valley-itinerary6.htm
CAMPAIGN,jp/campaigns/nothinglike/au/wolgan-valley-experiences,jp/campaigns/nothinglike/au/wolgan-valley-experiences.htm
ARTICLE,jp/planning/australian-public-holidays,jp/plan/before-you-go/australian-public-holidays
ARTICLE,jp/planning/australian-school-holidays,jp/plan/before-you-go/australian-school-holidays
ARTICLE,jp/planning/health-safety,jp/plan/before-you-go/health-safety
ARTICLE,jp/planning/useful-tips,jp/plan/before-you-go/useful-tips
ARTICLE,jp/articles/australias-animals,jp/about/key-facts/australias-animals
ARTICLE,jp/articles/heritage-attractions,jp/about/culture-history/australian-culture/heritage-attractions
ARTICLE,jp/planning/backpacker-essentials,jp/plan/before-you-go/work-volunteer-study/backpacker-essentials
ARTICLE,jp/planning/backpacker-precincts,jp/plan/before-you-go/work-volunteer-study/backpacker-precincts
ARTICLE,jp/planning/youth-visa,jp/plan/before-you-go/work-volunteer-study/youth-visa
ARTICLE,jp/planning/planning-a-trip,jp/plan/before-you-go/planning-a-trip
ARTICLE,jp/articles/foa-holiday-favourites-au,foa-holiday-favourites-au
ARTICLE,jp/articles/foa-holiday-favourites-john-bertrand-au,foa-holiday-favourites-john-bertrand-au
ARTICLE,jp/articles/foa-holiday-favourites-terri-irwin-au,foa-holiday-favourites-terri-irwin-au
ARTICLE,jp/articles/foa-holiday-favourites-david-whitehill-au,foa-holiday-favourites-david-whitehill-au
ARTICLE,jp/articles/foa-holiday-favourites-steve-liebman-au,foa-holiday-favourites-steve-liebman-au
ARTICLE,jp/articles/foa-holiday-favourites-sophie-falkiner-au,foa-holiday-favourites-sophie-falkiner-au
CAMPAIGN,jp/campaigns/makingtracks/index,jp/campaigns/makingtracks/index.htm
CAMPAIGN,jp/campaigns/makingtracks/meet-the-musician-Andy-Bull,jp/campaigns/makingtracks/meet-the-musician-Andy-Bull.htm
CAMPAIGN,jp/campaigns/makingtracks/meet-the-musician-Desmond-NeySmith,jp/campaigns/makingtracks/meet-the-musician-Desmond-NeySmith.htm
CAMPAIGN,jp/campaigns/makingtracks/meet-the-musician-Dewayne-Everett-Smith,jp/campaigns/makingtracks/meet-the-musician-Dewayne-Everett-Smith.htm
CAMPAIGN,jp/campaigns/makingtracks/meet-the-musician-Irene-Chen,jp/campaigns/makingtracks/meet-the-musician-Irene-Chen.htm
CAMPAIGN,jp/campaigns/makingtracks/meet-the-musician-Jasmine-Beam,jp/campaigns/makingtracks/meet-the-musician-Jasmine-Beam.htm
CAMPAIGN,jp/campaigns/makingtracks/meet-the-musician-Luke-Web,jp/campaigns/makingtracks/meet-the-musician-Luke-Web.htm
CAMPAIGN,jp/campaigns/makingtracks/meet-the-musician-Samuel-Blair,jp/campaigns/makingtracks/meet-the-musician-Samuel-Blair.htm
CAMPAIGN,jp/campaigns/makingtracks/meet-the-musician-Stu-Cullen,jp/campaigns/makingtracks/meet-the-musician-Stu-Cullen.htm
CAMPAIGN,jp/campaigns/makingtracks/musical-pairs-luke-desmond,jp/campaigns/makingtracks/musical-pairs-luke-desmond.htm
CAMPAIGN,jp/campaigns/makingtracks/musical-pairs-andy-irene,jp/campaigns/makingtracks/musical-pairs-andy-irene.htm
CAMPAIGN,jp/campaigns/makingtracks/musical-pairs-dewayne-jasmine,jp/campaigns/makingtracks/musical-pairs-dewayne-jasmine.htm
CAMPAIGN,jp/campaigns/makingtracks/musical-pairs-stu-samuel,jp/campaigns/makingtracks/musical-pairs-stu-samuel.htm