ICON,zht/places/great-barrier-reef,zht/explore/icons/great-barrier-reef
ICON,zht/places/red-centre,zht/explore/icons/red-centre
ICON,zht/places/great-ocean-road,zht/explore/icons/great-ocean-road
ICON,zht/places/kakadu,zht/explore/icons/kakadu
ICON,zht/places/kimberley,zht/explore/icons/kimberley
ICON,zht/places/kangaroo-island,zht/explore/icons/kangaroo-island
ICON,zht/places/byron-bay,zht/explore/icons/byron-bay
ICON,zht/places/tas-wilderness,zht/explore/icons/tas-wilderness
ICON,zht/places/alps,zht/explore/icons/alps
ICON,zht/places/ningaloo,zht/explore/icons/ningaloo
ICON,zht/places/flinders,zht/explore/icons/flinders
ICON,zht/places/fraser-island,zht/explore/icons/fraser-island
ICON,zht/places/freycinet,zht/explore/icons/freycinet
ICON,zht/places/gippsland,zht/explore/icons/gippsland
ICON,zht/places/blue-mountains,zht/explore/icons/blue-mountains
ICON,zht/places/namadgi,zht/explore/icons/namadgi
CITY,zht/places/sydney,zht/explore/cities/sydney
CITY,zht/places/melbourne,zht/explore/cities/melbourne
CITY,zht/places/brisbane,zht/explore/cities/brisbane
CITY,zht/places/perth,zht/explore/cities/perth
CITY,zht/places/darwin,zht/explore/cities/darwin
CITY,zht/places/adelaide,zht/explore/cities/adelaide
CITY,zht/places/hobart,zht/explore/cities/hobart
CITY,zht/places/canberra,zht/explore/cities/canberra
CITY,zht/places/gold-coast,zht/explore/cities/gold-coast
CITY,zht/places/cairns,zht/explore/cities/cairns
CITY,zht/places/alice-springs,zht/explore/cities/alice-springs
CITY,zht/places/broome,zht/explore/cities/broome
CATEGORY PAGE,zht/places/regional-cities,zht/explore/cities/regional-cities
CITY,zht/places/nsw/orange,zht/explore/events/nsw-taste-of-orange
CITY,zht/places/qld/bundaberg-natural-attraction,zht/explore/cities/regional-cities/bundaberg-natural-attraction
CITY,zht/places/tas/launceston-devonport-burnie,zht/explore/cities/regional-cities/tas-launceston-devonport-burnie
CITY,zht/places/vic/bendigo,zht/explore/states/vic/vic-bendigo
CITY,zht/places/wa/albany,zht/explore/cities/regional-cities/wa-albany
CITY,zht/places/wa/kalgoorlie,zht/explore/states/wa/wa-kalgoorlie
CITY,zht/places/wa/kununurra,zht/explore/states/wa/wa-kununurra
STATE,zht/places/nsw,zht/explore/states/nsw
ARTICLE,zht/places/nsw/anz-stadium,zht/about/culture-history/stadiums/anz-stadium
ARTICLE,zht/places/nsw/allianz-stadium,zht/about/culture-history/stadiums/allianz-stadium
ARTICLE,zht/places/nsw/nsw-glebe,zht/explore/cities/sydney/nsw-glebe
ARTICLE,zht/places/nsw/sydney-the-rocks,zht/explore/cities/sydney/sydney-the-rocks
ARTICLE,zht/places/nsw/sydney-harbour-np,zht/explore/cities/sydney/sydney-harbour-np
ARTICLE,zht/places/nsw/nsw-manly-beach,zht/explore/cities/sydney/nsw-manly-beach
ARTICLE,zht/places/nsw/nsw-palm-beach,zht/explore/cities/sydney/nsw-palm-beach
ARTICLE,zht/places/nsw/nsw-bondi-beach,zht/explore/cities/sydney/nsw-bondi-beach
ARTICLE,zht/places/nsw/nsw-bondi-bronte,zht/explore/cities/sydney/nsw-bondi-bronte
ARTICLE,zht/places/nsw/nsw-coogee-beach,zht/explore/cities/sydney/nsw-coogee-beach
ARTICLE,zht/places/nsw/nsw-sydney-beaches,zht/explore/cities/sydney/nsw-sydney-beaches
ARTICLE,zht/places/nsw/coffs-harbour,zht/explore/states/nsw/coffs-harbour
ARTICLE,zht/places/nsw/nsw-spring-hunter-valley,zht/explore/states/nsw/nsw-spring-hunter-valley
ARTICLE,zht/places/nsw/nsw-jervis-bay,zht/explore/states/nsw/nsw-jervis-bay
STATE,zht/places/vic,zht/explore/states/vic
ARTICLE,zht/places/vic/flemington-racecourse-stadium,zht/about/culture-history/stadiums/flemington-racecourse-stadium
ARTICLE,zht/places/vic/melbourne-cricket-ground,zht/about/culture-history/stadiums/melbourne-cricket-ground
ARTICLE,zht/places/vic/rod-laver-arena,zht/about/culture-history/stadiums/rod-laver-arena
ARTICLE,zht/places/vic/etihad-stadium,zht/about/culture-history/stadiums/etihad-stadium
ARTICLE,zht/places/vic/melbourne-hidden-laneways,zht/explore/cities/melbourne/melbourne-hidden-laneways
ARTICLE,zht/places/vic/melbourne-rooftop-culture,zht/explore/cities/melbourne/melbourne-rooftop-culture
ARTICLE,zht/places/vic/vic-brunswick,zht/explore/cities/melbourne/vic-brunswick
ARTICLE,zht/places/vic/fed-square,zht/explore/cities/melbourne/fed-square
ARTICLE,zht/places/vic/st-kilda,zht/explore/cities/melbourne/st-kilda
ARTICLE,zht/places/vic/mornington-peninsula,zht/explore/cities/melbourne/mornington-peninsula
ARTICLE,zht/places/vic/vic-torquay,zht/explore/states/vic/vic-torquay
ARTICLE,zht/places/vic/vic-grampians,zht/explore/states/vic/vic-grampians
ARTICLE,zht/places/vic/vic-12-apostles,zht/explore/states/vic/vic-12-apostles
ARTICLE,zht/places/vic/vic-bendigo,zht/explore/states/vic/vic-bendigo
ARTICLE,zht/places/vic/vic-snow-play,zht/explore/states/vic/vic-snow-play
STATE,zht/places/qld,zht/explore/states/qld
ARTICLE,zht/places/qld/suncorp-stadium,zht/about/culture-history/stadiums/suncorp-stadium
ARTICLE,zht/places/qld/the-gabba,zht/about/culture-history/stadiums/the-gabba
ARTICLE,zht/places/qld/brisbane-culture-life,zht/explore/cities/brisbane/brisbane-culture-life
ARTICLE,zht/places/qld/qld-adventure-on-brisbane-river,zht/explore/cities/brisbane/qld-adventure-on-brisbane-river
ARTICLE,zht/places/qld/qld-surfing,zht/explore/cities/gold-coast/qld-surfing
ARTICLE,zht/places/qld/port-douglas,zht/explore/cities/cairns/port-douglas
ARTICLE,zht/places/qld/kuranda,zht/explore/cities/cairns/kuranda
STATE,zht/places/nt,zht/explore/states/nt
ARTICLE,zht/places/nt/darwin-historical-attractions,zht/explore/cities/darwin/nt-darwin-historical-attractions
ARTICLE,zht/places/nt/darwin-art-precincts,zht/explore/cities/darwin/darwin-art-precincts
ARTICLE,zht/places/nt/darwin-waterfront,zht/explore/cities/darwin/darwin-waterfront
ARTICLE,zht/places/nt/mindil-markets,zht/explore/cities/darwin/nt-mindil-markets
STATE,zht/places/wa,zht/explore/states/wa
ARTICLE,zht/places/wa/the-waca,zht/about/culture-history/stadiums/the-waca
ARTICLE,zht/places/wa/perth-city-precincts,zht/explore/cities/perth/perth-city-precincts
ARTICLE,zht/places/wa/cottesloe-beach,zht/explore/cities/perth/wa-cottesloe-beach
ARTICLE,zht/places/wa/rottnest-island,zht/explore/cities/perth/rottnest-island
ARTICLE,zht/places/wa/cable-beach,zht/explore/cities/broome/wa-cable-beach
ARTICLE,zht/places/wa/albany,zht/explore/cities/regional-cities/wa-albany
STATE,zht/places/sa,zht/explore/states/sa
ARTICLE,zht/places/sa/adelaide-oval,zht/about/culture-history/stadiums/adelaide-oval
ARTICLE,zht/places/sa/adelaide-central-market,zht/explore/cities/adelaide/adelaide-central-market
ARTICLE,zht/places/sa/glenelg-beach,zht/explore/cities/adelaide/sa-glenelg-beach
ARTICLE,zht/places/sa/hahndorf,zht/explore/cities/adelaide/sa-hahndorf
STATE,zht/places/tas,zht/explore/states/tas
ARTICLE,zht/places/tas/hobart-salamanca-place,zht/explore/cities/hobart/hobart-salamanca-place
ARTICLE,zht/places/tas/winter-secrets,zht/explore/states/tas/tas-winter-secrets
STATE,zht/places/act,zht/explore/states/act
ARTICLE,zht/places/act/canberra-stadium,zht/about/culture-history/stadiums/canberra-stadium
ARTICLE,zht/places/act/manuka-oval,zht/about/culture-history/stadiums/manuka-oval
ARTICLE,zht/places/act/canberra-aboriginal-art,zht/explore/cities/canberra/canberra-aboriginal-art
ARTICLE,zht/places/act/canberra-home-grown-shopping,zht/explore/cities/canberra/canberra-home-grown-shopping
ARTICLE,zht/places/act/fireside-festival,zht/explore/cities/canberra/act-fireside-festival
CATEGORY,zht/itineraries/holiday-ideas,zht/explore/itineraries-ideas/holiday-ideas
CATEGORY,zht/itineraries/drive-australia,zht/explore/itineraries-ideas/drive-australia
ITINERARY,zht/itineraries/nsw-pacific-coast-touring-route,zht/explore/itineraries/nsw-pacific-coast-touring-route
ITINERARY,zht/itineraries/nt-red-centre-way,zht/explore/itineraries/nt-red-centre-way
ITINERARY,zht/itineraries/qld-pacific-coast,zht/explore/itineraries/qld-pacific-coast
ITINERARY,zht/itineraries/nt-natures-way,zht/explore/itineraries/nt-natures-way
ITINERARY,zht/itineraries/nsw-sydney-to-melbourne-coastal-drive,zht/explore/itineraries/nsw-sydney-to-melbourne-coastal-drive
ITINERARY,zht/itineraries/wa-indian-ocean-drive,zht/explore/itineraries/wa-indian-ocean-drive
ITINERARY,zht/itineraries/vic-great-southern-touring-route,zht/explore/itineraries/vic-great-southern-touring-route
ITINERARY,zht/itineraries/wa-gibb-river-rd,zht/explore/itineraries/wa-gibb-river-rd
ITINERARY,zht/itineraries/melbourne-adelaide-gor,zht/explore/itineraries/melbourne-adelaide-gor
ITINERARY,zht/itineraries/tas-circle-tas,zht/explore/itineraries/tas-circle-tas
ITINERARY,zht/itineraries/sa-loop,zht/explore/itineraries/sa-loop
ITINERARY,zht/itineraries/tas-east-coast,zht/explore/itineraries/tas-east-coast
ITINERARY,zht/itineraries/sa-explorers-highway,zht/explore/itineraries/sa-explorers-highway
CATEGORY,zht/itineraries/coastal-journeys,zht/explore/itineraries-ideas/coastal-journeys
ITINERARY,zht/itineraries/vic-great-southern-touring-route,zht/explore/itineraries/vic-great-southern-touring-route
ITINERARY,zht/itineraries/nsw-pacific-coast-touring-route,zht/explore/itineraries/nsw-pacific-coast-touring-route
ITINERARY,zht/itineraries/qld-pacific-coast,zht/explore/itineraries/qld-pacific-coast
ITINERARY,zht/itineraries/nsw-sydney-to-melbourne-coastal-drive,zht/explore/itineraries/nsw-sydney-to-melbourne-coastal-drive
ITINERARY,zht/itineraries/wa-south-west-beaches-goldfields,zht/explore/itineraries/wa-south-west-beaches-goldfields
ITINERARY,zht/itineraries/vic-wilsons-prom,zht/explore/itineraries/vic-wilsons-prom
ITINERARY,zht/itineraries/qld-3days-gold-coast,zht/explore/itineraries/qld-3days-gold-coast
ITINERARY,zht/itineraries/wa-3days-broome,zht/explore/itineraries/wa-3days-broome
ITINERARY,zht/itineraries/tas-east-coast,zht/explore/itineraries/tas-east-coast
ITINERARY,zht/itineraries/qld-whitsundays-sailing,zht/explore/itineraries/qld-whitsundays-sailing
ITINERARY,zht/itineraries/qld-great-sunshine-way,zht/explore/itineraries/qld-great-sunshine-way
ITINERARY,zht/itineraries/qld-3days-cairns,zht/explore/itineraries/qld-3days-cairns
ITINERARY,zht/itineraries/wa-indian-ocean-drive,zht/explore/itineraries/wa-indian-ocean-drive
ITINERARY,zht/itineraries/qld-tropical-drive,zht/explore/itineraries/qld-tropical-drive
ITINERARY,zht/itineraries/melbourne-adelaide-gor,zht/explore/itineraries/melbourne-adelaide-gor
ITINERARY,zht/itineraries/big-pacific-coast-touring-route,zht/explore/itineraries/big-pacific-coast-touring-route
CATEGORY,zht/itineraries/outback-journeys,zht/explore/itineraries-ideas/outback-journeys
ITINERARY,zht/itineraries/wa-gibb-river-rd,zht/explore/itineraries/wa-gibb-river-rd
ITINERARY,zht/itineraries/nt-red-centre-way,zht/explore/itineraries/nt-red-centre-way
ITINERARY,zht/itineraries/sa-explorers-highway,zht/explore/itineraries/sa-explorers-highway
ITINERARY,zht/itineraries/wa-savannah,zht/explore/itineraries/wa-savannah
ITINERARY,zht/itineraries/qld-savannah-way,zht/explore/itineraries/qld-savannah-way
ITINERARY,zht/itineraries/sa-loop,zht/explore/itineraries/sa-loop
ITINERARY,zht/itineraries/nt-natures-way,zht/explore/itineraries/nt-natures-way
ITINERARY,zht/itineraries/nt-larapinta-trail,zht/explore/itineraries/nt-larapinta-trail
ITINERARY,zht/itineraries/wa-sa-nsw-indian-pacific,zht/explore/itineraries/wa-sa-nsw-indian-pacific
ITINERARY,zht/itineraries/sa-ghan,zht/explore/itineraries/sa-ghan
ITINERARY,zht/itineraries/crossing-nullarbor,zht/explore/itineraries/crossing-nullarbor
CATEGORY,zht/itineraries/nature-discovery,zht/explore/itineraries-ideas/nature-discovery
ITINERARY,zht/itineraries/nt-natures-way,zht/explore/itineraries/nt-natures-way
ITINERARY,zht/itineraries/vic-great-alpine-way,zht/explore/itineraries/vic-great-alpine-way
ITINERARY,zht/itineraries/tas-circle-tas,zht/explore/itineraries/tas-circle-tas
ITINERARY,zht/itineraries/tas-east-coast,zht/explore/itineraries/tas-east-coast
ITINERARY,zht/itineraries/sa-loop,zht/explore/itineraries/sa-loop
ITINERARY,zht/itineraries/tas-overland-track,zht/explore/itineraries/tas-overland-track
ITINERARY,zht/itineraries/act-australian-alps-walking-track,zht/explore/itineraries/act-australian-alps-walking-track
ITINERARY,zht/itineraries/qld-goldcoast-hinterland,zht/explore/itineraries/qld-goldcoast-hinterland
ITINERARY,zht/itineraries/sa-heysen-trail,zht/explore/itineraries/sa-heysen-trail
ITINERARY,zht/itineraries/vic-wilsons-prom,zht/explore/itineraries/vic-wilsons-prom
ITINERARY,zht/itineraries/nsw-six-foot-track,zht/explore/itineraries/nsw-six-foot-track
ITINERARY,zht/itineraries/act-capital-country,zht/explore/itineraries/act-capital-country
ITINERARY,zht/itineraries/act-poachers-way,zht/explore/itineraries/act-poachers-way
ITINERARY,zht/itineraries/rainforest-way,zht/explore/itineraries/rainforest-way
CATEGORY,zht/itineraries/adventure-journeys,zht/explore/itineraries-ideas/adventure-journeys
ITINERARY,zht/itineraries/wa-gibb-river-rd,zht/explore/itineraries/wa-gibb-river-rd
ITINERARY,zht/itineraries/nt-red-centre-way,zht/explore/itineraries/nt-red-centre-way
ITINERARY,zht/itineraries/sa-explorers-highway,zht/explore/itineraries/sa-explorers-highway
ITINERARY,zht/itineraries/wa-savannah,zht/explore/itineraries/wa-savannah
ITINERARY,zht/itineraries/qld-savannah-way,zht/explore/itineraries/qld-savannah-way
ITINERARY,zht/itineraries/sa-loop,zht/explore/itineraries/sa-loop
ITINERARY,zht/itineraries/nt-natures-way,zht/explore/itineraries/nt-natures-way
ITINERARY,zht/itineraries/nt-larapinta-trail,zht/explore/itineraries/nt-larapinta-trail
ITINERARY,zht/itineraries/sa-heysen-trail,zht/explore/itineraries/sa-heysen-trail
ITINERARY,zht/itineraries/qld-whitsundays-sailing,zht/explore/itineraries/qld-whitsundays-sailing
ITINERARY,zht/itineraries/wa-munda-biddi-trail,zht/explore/itineraries/wa-munda-biddi-trail
ITINERARY,zht/itineraries/crossing-nullarbor,zht/explore/itineraries/crossing-nullarbor
CATEGORY,zht/itineraries/aboriginal-discovery,zht/explore/itineraries-ideas/aboriginal-discovery
ITINERARY,zht/itineraries/nt-red-centre-way,zht/explore/itineraries/nt-red-centre-way
ITINERARY,zht/itineraries/nt-natures-way,zht/explore/itineraries/nt-natures-way
ITINERARY,zht/itineraries/sa-loop,zht/explore/itineraries/sa-loop
ITINERARY,zht/itineraries/vic-great-southern-touring-route,zht/explore/itineraries/vic-great-southern-touring-route
ITINERARY,zht/itineraries/tas-east-coast,zht/explore/itineraries/tas-east-coast
ITINERARY,zht/itineraries/sa-explorers-highway,zht/explore/itineraries/sa-explorers-highway
ITINERARY,zht/itineraries/wa-savannah,zht/explore/itineraries/wa-savannah
ITINERARY,zht/itineraries/wa-south-west-beaches-goldfields,zht/explore/itineraries/wa-south-west-beaches-goldfields
CATEGORY,zht/itineraries/walking-australia,zht/explore/itineraries-ideas/walking-australia
ITINERARY,zht/itineraries/tas-overland-track,zht/explore/itineraries/tas-overland-track
ITINERARY,zht/itineraries/act-australian-alps-walking-track,zht/explore/itineraries/act-australian-alps-walking-track
ITINERARY,zht/itineraries/qld-goldcoast-hinterland,zht/explore/itineraries/qld-goldcoast-hinterland
ITINERARY,zht/itineraries/sa-heysen-trail,zht/explore/itineraries/sa-heysen-trail
ITINERARY,zht/itineraries/nt-larapinta-trail,zht/explore/itineraries/nt-larapinta-trail
ITINERARY,zht/itineraries/vic-wilsons-prom,zht/explore/itineraries/vic-wilsons-prom
ITINERARY,zht/itineraries/nsw-six-foot-track,zht/explore/itineraries/nsw-six-foot-track
ITINERARY,zht/itineraries/wa-bibbulmun-track,zht/explore/itineraries/wa-bibbulmun-track
ITINERARY,zht/itineraries/nsw-kanangra-katoomba,zht/explore/itineraries/nsw-kanangra-katoomba
ITINERARY,zht/itineraries/sydney-coastal-walks,zht/explore/itineraries/sydney-coastal-walks
ITINERARY,zht/itineraries/hinchinbrook-island,zht/explore/itineraries/hinchinbrook-island
CATEGORY,zht/itineraries/holiday-ideas,zht/explore/itineraries-ideas/holiday-ideas
ITINERARY,zht/itineraries/nsw-3weeks-sydney,zht/explore/itineraries/nsw-3weeks-sydney
ITINERARY,zht/itineraries/vic-3weeks-melbourne,zht/explore/itineraries/vic-3weeks-melbourne
ITINERARY,zht/itineraries/qld-3weeks-brisbane,zht/explore/itineraries/qld-3weeks-brisbane
ITINERARY,zht/itineraries/wa-3weeks-perth,zht/explore/itineraries/wa-3weeks-perth
ITINERARY,zht/itineraries/sa-3weeks-adelaide,zht/explore/itineraries/sa-3weeks-adelaide
ITINERARY,zht/itineraries/nt-3weeks-darwin,zht/explore/itineraries/nt-3weeks-darwin
ITINERARY,zht/itineraries/qld-3weeks-cairns,zht/explore/itineraries/qld-3weeks-cairns
CATEGORY,zht/itineraries/city-journeys,zht/explore/itineraries-ideas/city-journeys
ITINERARY,zht/itineraries/nsw-3days-sydney,zht/explore/itineraries/nsw-3days-sydney
ITINERARY,zht/itineraries/vic-3days-melbourne,zht/explore/itineraries/vic-3days-melbourne
ITINERARY,zht/itineraries/qld-3days-brisbane,zht/explore/itineraries/qld-3days-brisbane
ITINERARY,zht/itineraries/wa-3days-perth,zht/explore/itineraries/wa-3days-perth
ITINERARY,zht/itineraries/sa-3days-adelaide,zht/explore/itineraries/sa-3days-adelaide
ITINERARY,zht/itineraries/nt-3days-darwin,zht/explore/itineraries/nt-3days-darwin
ITINERARY,zht/itineraries/tas-3days-hobart,zht/explore/itineraries/tas-3days-hobart
ITINERARY,zht/itineraries/act-3days-canberra,zht/explore/itineraries/act-3days-canberra
ITINERARY,zht/itineraries/qld-3days-cairns,zht/explore/itineraries/qld-3days-cairns
ITINERARY,zht/itineraries/nt-3days-alice-springs,zht/explore/itineraries/nt-3days-alice-springs
ITINERARY,zht/itineraries/wa-3days-broome,zht/explore/itineraries/wa-3days-broome
ITINERARY,zht/itineraries/qld-3days-gold-coast,zht/explore/itineraries/qld-3days-gold-coast
CATEGORY,zht/itineraries/australian-holiday-stories,zht/explore/things-to-do/australian-holiday-stories
ITINERARY,zht/itineraries/nsw-sydney-story,zht/explore/cities/sydney/nsw-sydney-story
ITINERARY,zht/itineraries/nt-uluru-story,zht/explore/icons/red-centre/nt-uluru-story
ITINERARY,zht/itineraries/wa-pinnacles-travel-story,zht/explore/states/wa/wa-pinnacles-travel-story
ITINERARY,zht/itineraries/tasman-national-park-story,zht/explore/states/tas/tasman-national-park-story
ITINERARY,zht/itineraries/margaret-river-story,zht/explore/states/wa/margaret-river-story
ITINERARY,zht/itineraries/sa-kangaroo-Island-story,zht/explore/icons/kangaroo-island/sa-kangaroo-Island-story
ITINERARY,zht/itineraries/nt-kakadu-story,zht/explore/icons/kakadu/nt-kakadu-story
ITINERARY,zht/itineraries/wa-kimberley-travel-story,zht/explore/icons/kimberley/wa-kimberley-travel-story
ITINERARY,zht/itineraries/liffey-falls-story,zht/explore/cities/hobart/liffey-falls-story
ITINERARY,zht/itineraries/port-campbell-travel-story,zht/explore/icons/great-ocean-road/port-campbell-travel-story
ITINERARY,zht/itineraries/qld-surfers-paradise-story,zht/explore/cities/gold-coast/qld-surfers-paradise-story
ITINERARY,zht/itineraries/bruny-travel-story,zht/explore/states/tas/bruny-travel-story
ITINERARY,zht/itineraries/qld-tangalooma-story,zht/explore/cities/brisbane/qld-tangalooma-story
ITINERARY,zht/itineraries/wa-karijini-story,zht/explore/states/wa/wa-karijini-story
ITINERARY,zht/itineraries/act-tharwa-story,zht/explore/cities/canberra/act-tharwa-story
ITINERARY,zht/itineraries/wa-valley-of-the-giants-story,zht/explore/states/wa/wa-valley-of-the-giants-story
ITINERARY,zht/itineraries/wa-wave-rock-story,zht/explore/states/wa/wa-wave-rock-story
EVENT LANDING,zht/events/major-events,zht/explore/australian-events/major-events
EVENT LANDING,zht/events/sporting-events,zht/explore/australian-events/sporting-events
EVENT LANDING,zht/events/horse-racing-events,zht/explore/australian-events/horse-racing-events
EVENT LANDING,zht/events/beaches-events,zht/explore/australian-events/beaches-events
EVENT LANDING,zht/events/culture-events,zht/explore/australian-events/culture-events
EVENT LANDING,zht/events/art-events,zht/explore/australian-events/art-events
EVENT LANDING,zht/events/music-festivals-events,zht/explore/australian-events/music-festivals-events
EVENT LANDING,zht/events/food-wine-events,zht/explore/australian-events/food-wine-events
EVENT LANDING,zht/events/regional-outback-events,zht/explore/australian-events/regional-outback-events
EVENT LANDING,zht/events/aboriginal-events,zht/explore/australian-events/aboriginal-events
EVENT LANDING,zht/events/natural-events,zht/explore/australian-events/natural-events
EVENT LANDING,zht/events/nat-uniquely-australian-events,zht/explore/australian-events/nat-uniquely-australian-events
EVENT ARTICLE ,zht/events/2014/january/tour-down-under,zht/explore/events/tour-down-under
EVENT ARTICLE ,zht/events/2014/february/australian-open,zht/explore/events/australian-open
EVENT ARTICLE ,zht/events/2014/march/australia-day,zht/explore/events/australia-day
EVENT ARTICLE ,zht/events/2014/april/melbourne-food-and-wine-festival,zht/explore/events/melbourne-food-and-wine-festival
EVENT ARTICLE ,zht/events/2014/may/vic-australian-grand-prix,zht/explore/events/vic-australian-grand-prix
EVENT ARTICLE ,zht/events/2014/june/opera-sydney-harbour,zht/explore/events/opera-sydney-harbour
EVENT ARTICLE ,zht/events/2014/july/sydney-royal-easter-show,zht/explore/events/sydney-royal-easter-show
EVENT ARTICLE ,zht/events/2014/august/vivid-sydney,zht/explore/events/vivid-sydney
EVENT ARTICLE ,zht/events/2014/september/british-lions-2013,zht/explore/events/british-lions-2013
EVENT ARTICLE ,zht/events/2014/october/australias-running-events,zht/explore/events/australias-running-events
EVENT ARTICLE ,zht/events/2014/november/floriade,zht/explore/events/floriade
EVENT ARTICLE ,zht/events/2014/december/afl-events,zht/explore/events/afl-events
EVENT ARTICLE ,zht/events/2014/january/melbourne-cup-carnival,zht/explore/events/melbourne-cup-carnival
EVENT ARTICLE ,zht/events/2014/february/syd-hobart-yacht-race,zht/explore/events/syd-hobart-yacht-race
EVENT ARTICLE ,zht/events/2014/march/nat-new-years-fireworks,zht/explore/events/nat-new-years-fireworks
EVENT ARTICLE ,zht/events/2014/april/sydney-mardi-gras,zht/explore/events/sydney-mardi-gras
EVENT ARTICLE ,zht/events/2014/may/jazz-blues-classical-festivals,zht/explore/events/jazz-blues-classical-festivals
EVENT ARTICLE ,zht/events/2014/june/indie-alternative-rock-festivals,zht/explore/events/indie-alternative-rock-festivals
EVENT ARTICLE ,zht/events/2014/july/folk-country-world-music-festivals,zht/explore/events/folk-country-world-music-festivals
EVENT ARTICLE ,zht/events/2014/august/horse-racing-events-article,zht/explore/events/horse-racing-events-article
EVENT ARTICLE ,zht/events/2014/september/act-canberra-balloon-fiesta,zht/explore/events/act-canberra-balloon-fiesta
EVENT ARTICLE ,zht/events/2014/october/nat-film-festivals,zht/explore/events/nat-film-festivals
EVENT ARTICLE ,zht/events/2014/november/nsw-taste-of-orange,zht/explore/events/nsw-taste-of-orange
EVENT ARTICLE ,zht/events/2014/december/nt-henley-on-todd,zht/explore/events/nt-henley-on-todd
EVENT ARTICLE ,zht/events/2014/january/tas-taste-festival,zht/explore/events/tas-taste-festival
EVENT ARTICLE ,zht/events/2014/february/vic-spring-racing,zht/explore/events/vic-spring-racing
EVENT ARTICLE ,zht/events/2014/march/australias-motorsport-events,zht/explore/events/australias-motorsport-events
EVENT ARTICLE ,zht/events/2014/april/nsw-orange-food-week,zht/explore/events/nsw-orange-food-week
EVENT ARTICLE ,zht/events/2014/may/qld-coolangatta-ocean-swim,zht/explore/events/qld-coolangatta-ocean-swim
EVENT ARTICLE ,zht/events/2014/june/summer-cricket,zht/explore/events/summer-cricket
EVENT ARTICLE ,zht/events/2014/july/wa-ord-valley-muster,zht/explore/events/wa-ord-valley-muster
EVENT ARTICLE ,zht/events/2014/august/australias-grand-slam-tennis,zht/explore/events/australias-grand-slam-tennis
EVENT ARTICLE ,zht/events/2014/september/surfing-events,zht/explore/events/surfing-events
EVENT ARTICLE ,zht/events/2014/october/australian-theatre,zht/explore/events/australian-theatre
EVENT ARTICLE ,zht/events/2014/november/ashes-2013,zht/explore/events/ashes-2013
EVENT ARTICLE ,zht/events/2014/december/australias-cycling-events,zht/explore/events/australias-cycling-events
EVENT ARTICLE ,zht/events/2014/january/australias-golf-events,zht/explore/events/australias-golf-events
EVENT ARTICLE ,zht/events/2014/february/australias-oceans-swims,zht/explore/events/australias-oceans-swims
EVENT ARTICLE ,zht/events/2014/march/bledisloe-cup,zht/explore/events/bledisloe-cup
EVENT ARTICLE ,zht/events/2014/april/endurance-events,zht/explore/events/endurance-events
EVENT ARTICLE ,zht/events/2014/may/sa-tasting-australia,zht/explore/events/sa-tasting-australia
EVENT ARTICLE ,zht/events/2014/june/australian-opera,zht/explore/events/australian-opera
EVENT ARTICLE ,zht/events/2014/july/sa-outback-cattle-drive,zht/explore/events/sa-outback-cattle-drive
EVENT ARTICLE ,zht/events/2014/august/wa-margaret-river-wine-festival,zht/explore/events/wa-margaret-river-wine-festival
EVENT ARTICLE ,zht/events/2014/september/surf-life-saving-events,zht/explore/events/surf-life-saving-events
CATEGORY,zht/categories/outback-australia,zht/about/australias-landscapes/outback-australia
ARTICLE,zht/places/nsw/mungo,zht/explore/states/nsw/nsw-mungo
ARTICLE,zht/articles/outback,zht/about/australias-landscapes/outback/outback
ARTICLE,zht/articles/houseboating-murray-river,zht/explore/things-to-do/australian-adventure/houseboating-murray-river
ARTICLE,zht/articles/glamping-australia,zht/explore/things-to-do/australian-adventure/glamping-australia
ARTICLE,zht/articles/outback-cattle-drive,zht/explore/events/sa-outback-cattle-drive
CATEGORY,zht/categories/aboriginal-australia,zht/explore/things-to-do/aboriginal-australia
ARTICLE,zht/articles/aboriginal,zht/explore/things-to-do/aboriginal-australia/aboriginal
CITY ,zht/places/nt/alice-springs,zht/explore/cities/alice-springs
CATEGORY,zht/categories/food-and-wine,zht/explore/things-to-do/food-and-wine
ARTICLE,zht/articles/australian-wineries,zht/about/australias-landscapes/australian-wineries
ARTICLE,zht/articles/ultimate-wineries,zht/explore/things-to-do/ultimate-wineries
CATEGORY,zht/categories/art-music-culture,zht/about/culture-history/culture
ARTICLE,zht/articles/australian-art,zht/about/culture-history/australian-art
ARTICLE,zht/articles/shopping,zht/explore/things-to-do/shopping
ARTICLE,zht/articles/shopping/nat-shopping,zht/explore/things-to-do/shopping/nat-shopping
ARTICLE,zht/articles/shopping/nat-australias-markets,zht/explore/things-to-do/shopping/nat-australias-markets
ARTICLE,zht/articles/shopping/australias-opals,zht/explore/things-to-do/shopping/australias-opals
ARTICLE,zht/articles/shopping/australian-souvenirs,zht/explore/things-to-do/shopping/australian-souvenirs
ARTICLE,zht/articles/famous-australians,zht/about/culture-history/famous-australians
CATEGORY,zht/categories/australias-islands,zht/about/australias-landscapes/australias-islands
ARTICLE,zht/places/qld/tangalooma,zht/explore/states/qld/tangalooma
ARTICLE,zht/places/qld/whitsundays-islands,zht/explore/icons/great-barrier-reef/whitsundays-islands
ARTICLE,zht/places/tas/tas-bass-strait-islands,zht/explore/states/tas/tas-bass-strait-islands
ARTICLE,zht/places/nsw/nsw-lord-howe-island,zht/explore/states/nsw/nsw-lord-howe-island
ARTICLE,zht/places/nt/tiwi-islands,zht/about/australias-landscapes/australias-islands/tiwi-islands
CATEGORY,zht/categories/nature and wildlife,zht/about/australias-landscapes/nature
ARTICLE,zht/articles/natural-australia,zht/explore/things-to-do/natural-australia
ARTICLE,zht/articles/nat-australias-rainforests,zht/explore/things-to-do/nature/nat-australias-rainforests
ARTICLE,zht/articles/world-heritage-sites-australia,zht/explore/things-to-do/nature/world-heritage-sites-australia
ARTICLE,zht/facts/plants,zht/about/key-facts/plants
CATEGORY,zht/categories/beaches ,zht/about/australias-landscapes/australian-beaches
ARTICLE,zht/articles/coastal,zht/about/australias-landscapes/coastal
ARTICLE,zht/articles/sydney-beaches,zht/explore/cities/sydney/nsw-sydney-beaches
CATEGORY,zht/categories/australian-sport ,zht/explore/things-to-do/australian-adventure/nat-australian-sport
ARTICLE,zht/articles/australias-stadiums-venues,zht/about/culture-history/australias-stadiums-venues
ARTICLE,zht/articles/great-golf-courses,zht/explore/things-to-do/great-golf-courses
CATEGORY,zht/categories/australian-adventure,zht/explore/things-to-do/australian-adventure
ARTICLE,zht/articles/great-walks,zht/explore/things-to-do/great-walks
ARTICLE,zht/articles/great-luxury-lodges,zht/explore/things-to-do/great-luxury-lodges
CATEGORY  ,zht/categories/youthful-travellers,zht/explore/things-to-do/youthful-travellers
ARTICLE,zht/planning/working-holiday-visa,zht/plan/before-you-go/working-holiday-visa
ARTICLE,zht/planning/working-holiday-visa-faq,zht/plan/before-you-go/working-holiday-visa-faq
ARTICLE,zht/planning/work-study-abroad,zht/plan/before-you-go/work-study-abroad
CATEGORY ,zht/facts,zht/about
CATEGORY ,zht/facts/weather,zht/about/key-facts/weather
ARTICLE,zht/facts/sydney-weather,zht/about/key-facts/weather/sydney-weather
ARTICLE,zht/facts/melbourne-weather,zht/about/key-facts/weather/melbourne-weather
ARTICLE,zht/facts/adelaide-weather,zht/about/key-facts/weather/adelaide-weather
ARTICLE,zht/facts/perth-weather,zht/about/key-facts/weather/perth-weather
ARTICLE,zht/facts/brisbane-weather,zht/about/key-facts/weather/brisbane-weather
ARTICLE,zht/facts/cairns-weather,zht/about/key-facts/weather/cairns-weather
ARTICLE,zht/facts/hobart-weather,zht/about/key-facts/weather/hobart-weather
ARTICLE,zht/facts/canberra-weather,zht/about/key-facts/weather/canberra-weather
ARTICLE,zht/facts/alice-springs-weather,zht/about/key-facts/weather/alice-springs-weather
ARTICLE,zht/facts/broome-weather,zht/about/key-facts/weather/broome-weather
ARTICLE,zht/facts/darwin-weather,zht/about/key-facts/weather/darwin-weather
ARTICLE,zht/facts/gold-coast-weather,zht/about/key-facts/weather/gold-coast-weather
ARTICLE,zht/planning/tips-hazards,zht/plan/while-your-here/tips-hazards
CATEGORY ,zht/facts/australias-seasons,zht/about/australias-landscapes/australias-seasons
ARTICLE,zht/facts/australias-seasons/summer,zht/about/australias-landscapes/australias-seasons/summer
ARTICLE,zht/facts/australias-seasons/autumn,zht/about/australias-landscapes/australias-seasons/autumn
ARTICLE,zht/facts/australias-seasons/winter,zht/about/australias-landscapes/australias-seasons/winter
ARTICLE,zht/facts/australias-seasons/spring,zht/about/australias-landscapes/australias-seasons/spring
ARTICLE,zht/planning/getting-there,zht/plan/plan-your-trip/getting-there
CATEGORY ,zht/planning/planning-a-trip,zht/plan/before-you-go/planning-a-trip
ARTICLE,zht/facts/currency,zht/about/key-facts/currency
ARTICLE,zht/facts/time-zones,zht/about/key-facts/time-zones
ARTICLE,zht/planning/getting-around,zht/plan/while-your-here/getting-around
ARTICLE,zht/planning/road-safety,zht/plan/while-your-here/road-safety
ARTICLE,zht/facts/cities-states-territories,zht/about/key-facts/cities-states-territories
ARTICLE,zht/planning/visa-information,zht/plan/before-you-go/visa-information
ARTICLE,zht/planning/customs-quarantine,zht/plan/before-you-go/customs-quarantine
ASP SEARCH,zht/planning/find-travel-agent,zht/plan/plan-your-trip/find-travel-agent
ARTICLE,zht/facts/emergency-services,zht/about/key-facts/emergency-services
MAP IFRAME,explore,explore
SITE MAP,sitemap,sitemap
PRIVACY POLICY ,privacypolicy,privacypolicy
TERMS&CONDS,terms-conditions,terms-conditions
DISCLAIMER ,disclaimer,disclaimer
CAMPAIGN,nationallandscapes,nationallandscapes
CAMPAIGN,zht/campaigns/nationallandscapes/AustralianAlps,zht/campaigns/nationallandscapes/AustralianAlps.htm
CAMPAIGN,zht/campaigns/nationallandscapes/AustraliasCoastalWilderness,zht/campaigns/nationallandscapes/AustraliasCoastalWilderness.htm
CAMPAIGN,zht/campaigns/nationallandscapes/AustraliasGreenCauldron,zht/campaigns/nationallandscapes/AustraliasGreenCauldron.htm
CAMPAIGN,zht/campaigns/nationallandscapes/FlindersRanges,zht/campaigns/nationallandscapes/FlindersRanges.htm
CAMPAIGN,zht/campaigns/nationallandscapes/AustraliasRedCentre,zht/campaigns/nationallandscapes/AustraliasRedCentre.htm
CAMPAIGN,zht/campaigns/nationallandscapes/GreatBarrierReef,zht/campaigns/nationallandscapes/GreatBarrierReef.htm
CAMPAIGN,zht/campaigns/nationallandscapes/GreatOceanRoad,zht/campaigns/nationallandscapes/GreatOceanRoad.htm
CAMPAIGN,zht/campaigns/nationallandscapes/GreaterBlueMountains,zht/campaigns/nationallandscapes/GreaterBlueMountains.htm
CAMPAIGN,zht/campaigns/nationallandscapes/Great-South-West-Edge,zht/campaigns/nationallandscapes/Great-South-West-Edge.htm
CAMPAIGN,zht/campaigns/nationallandscapes/Australias-Timeless-North,zht/campaigns/nationallandscapes/Australias-Timeless-North.htm
CAMPAIGN,zht/campaigns/nationallandscapes/KangarooIsland,zht/campaigns/nationallandscapes/KangarooIsland.htm
CAMPAIGN,zht/campaigns/nationallandscapes/NingalooSharkBay,zht/campaigns/nationallandscapes/NingalooSharkBay.htm
CAMPAIGN,zht/campaigns/nationallandscapes/SydneyHarbour,zht/campaigns/nationallandscapes/SydneyHarbour.htm
CAMPAIGN,zht/campaigns/nationallandscapes/TasmaniasIslandHeritage,zht/campaigns/nationallandscapes/TasmaniasIslandHeritage.htm
CAMPAIGN,zht/campaigns/nationallandscapes/TheKimberley,zht/campaigns/nationallandscapes/TheKimberley.htm
CAMPAIGN,zht/campaigns/nationallandscapes/wettropics,zht/campaigns/nationallandscapes/wettropics.htm
CAMPAIGN,zht/campaigns/nothinglike/au,zht/campaigns/nothinglike/au/index.htm
CAMPAIGN,zht/campaigns/nothinglike/au/bungle-bungles,zht/campaigns/nothinglike/au/bungle-bungles.htm
CAMPAIGN,zht/campaigns/nothinglike/au/bungle-bungles-product1,zht/campaigns/nothinglike/au/bungle-bungles-product1.htm
CAMPAIGN,zht/campaigns/nothinglike/au/bungle-bungles-product2,zht/campaigns/nothinglike/au/bungle-bungles-product2.htm
CAMPAIGN,zht/campaigns/nothinglike/au/bungle-bungles-product3,zht/campaigns/nothinglike/au/bungle-bungles-product3.htm
CAMPAIGN,zht/campaigns/nothinglike/au/bungle-bungles-product4,zht/campaigns/nothinglike/au/bungle-bungles-product4.htm
CAMPAIGN,zht/campaigns/nothinglike/au/bungle-bungles-product5,zht/campaigns/nothinglike/au/bungle-bungles-product5.htm
CAMPAIGN,zht/campaigns/nothinglike/au/bungle-bungles-product6,zht/campaigns/nothinglike/au/bungle-bungles-product6.htm
CAMPAIGN,zht/campaigns/nothinglike/au/bungle-bungles-product7,zht/campaigns/nothinglike/au/bungle-bungles-product7.htm
CAMPAIGN,zht/campaigns/nothinglike/au/bungle-bungles-product8,zht/campaigns/nothinglike/au/bungle-bungles-product8.htm
CAMPAIGN,zht/campaigns/nothinglike/au/bungle-bungles-product9,zht/campaigns/nothinglike/au/bungle-bungles-product9.htm
CAMPAIGN,zht/campaigns/nothinglike/au/bungle-bungles-product10,zht/campaigns/nothinglike/au/bungle-bungles-product10.htm
CAMPAIGN,zht/campaigns/nothinglike/au/bungle-bungles-itinerary,zht/campaigns/nothinglike/au/bungle-bungles-itinerary.htm
CAMPAIGN,zht/campaigns/nothinglike/au/bungle-bungles-itinerary2,zht/campaigns/nothinglike/au/bungle-bungles-itinerary2.htm
CAMPAIGN,zht/campaigns/nothinglike/au/bungle-bungles-itinerary3,zht/campaigns/nothinglike/au/bungle-bungles-itinerary3.htm
CAMPAIGN,zht/campaigns/nothinglike/au/bungle-bungles-itinerary4,zht/campaigns/nothinglike/au/bungle-bungles-itinerary4.htm
CAMPAIGN,zht/campaigns/nothinglike/au/bungle-bungles-experiences,zht/campaigns/nothinglike/au/bungle-bungles-experiences.htm
CAMPAIGN,zht/campaigns/nothinglike/au/canberra,zht/campaigns/nothinglike/au/canberra.htm
CAMPAIGN,zht/campaigns/nothinglike/au/canberra-product1,zht/campaigns/nothinglike/au/canberra-product1.htm
CAMPAIGN,zht/campaigns/nothinglike/au/canberra-product2,zht/campaigns/nothinglike/au/canberra-product2.htm
CAMPAIGN,zht/campaigns/nothinglike/au/canberra-product3,zht/campaigns/nothinglike/au/canberra-product3.htm
CAMPAIGN,zht/campaigns/nothinglike/au/canberra-product4,zht/campaigns/nothinglike/au/canberra-product4.htm
CAMPAIGN,zht/campaigns/nothinglike/au/canberra-product5,zht/campaigns/nothinglike/au/canberra-product5.htm
CAMPAIGN,zht/campaigns/nothinglike/au/canberra-product6,zht/campaigns/nothinglike/au/canberra-product6.htm
CAMPAIGN,zht/campaigns/nothinglike/au/canberra-product7,zht/campaigns/nothinglike/au/canberra-product7.htm
CAMPAIGN,zht/campaigns/nothinglike/au/canberra-product8,zht/campaigns/nothinglike/au/canberra-product8.htm
CAMPAIGN,zht/campaigns/nothinglike/au/canberra-product9,zht/campaigns/nothinglike/au/canberra-product9.htm
CAMPAIGN,zht/campaigns/nothinglike/au/canberra-product10,zht/campaigns/nothinglike/au/canberra-product10.htm
CAMPAIGN,zht/campaigns/nothinglike/au/canberra-product11,zht/campaigns/nothinglike/au/canberra-product11.htm
CAMPAIGN,zht/campaigns/nothinglike/au/canberra-itinerary,zht/campaigns/nothinglike/au/canberra-itinerary.htm
CAMPAIGN,zht/campaigns/nothinglike/au/canberra-itinerary2,zht/campaigns/nothinglike/au/canberra-itinerary2.htm
CAMPAIGN,zht/campaigns/nothinglike/au/canberra-itinerary3,zht/campaigns/nothinglike/au/canberra-itinerary3.htm
CAMPAIGN,zht/campaigns/nothinglike/au/canberra-itinerary4,zht/campaigns/nothinglike/au/canberra-itinerary4.htm
CAMPAIGN,zht/campaigns/nothinglike/au/canberra-experiences,zht/campaigns/nothinglike/au/canberra-experiences.htm
CAMPAIGN,zht/campaigns/nothinglike/au/cape-leveque,zht/campaigns/nothinglike/au/cape-leveque.htm
CAMPAIGN,zht/campaigns/nothinglike/au/cape-leveque-product1,zht/campaigns/nothinglike/au/cape-leveque-product1.htm
CAMPAIGN,zht/campaigns/nothinglike/au/cape-leveque-product2,zht/campaigns/nothinglike/au/cape-leveque-product2.htm
CAMPAIGN,zht/campaigns/nothinglike/au/cape-leveque-product3,zht/campaigns/nothinglike/au/cape-leveque-product3.htm
CAMPAIGN,zht/campaigns/nothinglike/au/cape-leveque-product4,zht/campaigns/nothinglike/au/cape-leveque-product4.htm
CAMPAIGN,zht/campaigns/nothinglike/au/cape-leveque-product5,zht/campaigns/nothinglike/au/cape-leveque-product5.htm
CAMPAIGN,zht/campaigns/nothinglike/au/cape-leveque-product6,zht/campaigns/nothinglike/au/cape-leveque-product6.htm
CAMPAIGN,zht/campaigns/nothinglike/au/cape-leveque-product7,zht/campaigns/nothinglike/au/cape-leveque-product7.htm
CAMPAIGN,zht/campaigns/nothinglike/au/cape-leveque-product8,zht/campaigns/nothinglike/au/cape-leveque-product8.htm
CAMPAIGN,zht/campaigns/nothinglike/au/cape-leveque-product9,zht/campaigns/nothinglike/au/cape-leveque-product9.htm
CAMPAIGN,zht/campaigns/nothinglike/au/cape-leveque-product10,zht/campaigns/nothinglike/au/cape-leveque-product10.htm
CAMPAIGN,zht/campaigns/nothinglike/au/cape-leveque-itinerary,zht/campaigns/nothinglike/au/cape-leveque-itinerary.htm
CAMPAIGN,zht/campaigns/nothinglike/au/cape-leveque-itinerary2,zht/campaigns/nothinglike/au/cape-leveque-itinerary2.htm
CAMPAIGN,zht/campaigns/nothinglike/au/cape-leveque-itinerary3,zht/campaigns/nothinglike/au/cape-leveque-itinerary3.htm
CAMPAIGN,zht/campaigns/nothinglike/au/cape-leveque-itinerary4,zht/campaigns/nothinglike/au/cape-leveque-itinerary4.htm
CAMPAIGN,zht/campaigns/nothinglike/au/cape-leveque-itinerary5,zht/campaigns/nothinglike/au/cape-leveque-itinerary5.htm
CAMPAIGN,zht/campaigns/nothinglike/au/cape-leveque-experiences,zht/campaigns/nothinglike/au/cape-leveque-experiences.htm
CAMPAIGN,zht/campaigns/nothinglike/au/el-questro,zht/campaigns/nothinglike/au/el-questro.htm
CAMPAIGN,zht/campaigns/nothinglike/au/el-questro-product1,zht/campaigns/nothinglike/au/el-questro-product1.htm
CAMPAIGN,zht/campaigns/nothinglike/au/el-questro-product2,zht/campaigns/nothinglike/au/el-questro-product2.htm
CAMPAIGN,zht/campaigns/nothinglike/au/el-questro-product3,zht/campaigns/nothinglike/au/el-questro-product3.htm
CAMPAIGN,zht/campaigns/nothinglike/au/el-questro-product4,zht/campaigns/nothinglike/au/el-questro-product4.htm
CAMPAIGN,zht/campaigns/nothinglike/au/el-questro-product5,zht/campaigns/nothinglike/au/el-questro-product5.htm
CAMPAIGN,zht/campaigns/nothinglike/au/el-questro-product6,zht/campaigns/nothinglike/au/el-questro-product6.htm
CAMPAIGN,zht/campaigns/nothinglike/au/el-questro-product7,zht/campaigns/nothinglike/au/el-questro-product7.htm
CAMPAIGN,zht/campaigns/nothinglike/au/el-questro-product8,zht/campaigns/nothinglike/au/el-questro-product8.htm
CAMPAIGN,zht/campaigns/nothinglike/au/el-questro-product9,zht/campaigns/nothinglike/au/el-questro-product9.htm
CAMPAIGN,zht/campaigns/nothinglike/au/el-questro-product10,zht/campaigns/nothinglike/au/el-questro-product10.htm
CAMPAIGN,zht/campaigns/nothinglike/au/el-questro-itinerary,zht/campaigns/nothinglike/au/el-questro-itinerary.htm
CAMPAIGN,zht/campaigns/nothinglike/au/el-questro-itinerary2,zht/campaigns/nothinglike/au/el-questro-itinerary2.htm
CAMPAIGN,zht/campaigns/nothinglike/au/el-questro-itinerary3,zht/campaigns/nothinglike/au/el-questro-itinerary3.htm
CAMPAIGN,zht/campaigns/nothinglike/au/el-questro-itinerary4,zht/campaigns/nothinglike/au/el-questro-itinerary4.htm
CAMPAIGN,zht/campaigns/nothinglike/au/el-questro-experiences,zht/campaigns/nothinglike/au/el-questro-experiences.htm
CAMPAIGN,zht/campaigns/nothinglike/au/freycinet,zht/campaigns/nothinglike/au/freycinet.htm
CAMPAIGN,zht/campaigns/nothinglike/au/freycinet-product1,zht/campaigns/nothinglike/au/freycinet-product1.htm
CAMPAIGN,zht/campaigns/nothinglike/au/freycinet-product2,zht/campaigns/nothinglike/au/freycinet-product2.htm
CAMPAIGN,zht/campaigns/nothinglike/au/freycinet-product3,zht/campaigns/nothinglike/au/freycinet-product3.htm
CAMPAIGN,zht/campaigns/nothinglike/au/freycinet-product5,zht/campaigns/nothinglike/au/freycinet-product5.htm
CAMPAIGN,zht/campaigns/nothinglike/au/freycinet-product6,zht/campaigns/nothinglike/au/freycinet-product6.htm
CAMPAIGN,zht/campaigns/nothinglike/au/freycinet-product7,zht/campaigns/nothinglike/au/freycinet-product7.htm
CAMPAIGN,zht/campaigns/nothinglike/au/freycinet-product8,zht/campaigns/nothinglike/au/freycinet-product8.htm
CAMPAIGN,zht/campaigns/nothinglike/au/freycinet-product9,zht/campaigns/nothinglike/au/freycinet-product9.htm
CAMPAIGN,zht/campaigns/nothinglike/au/freycinet-product10,zht/campaigns/nothinglike/au/freycinet-product10.htm
CAMPAIGN,zht/campaigns/nothinglike/au/freycinet-itinerary,zht/campaigns/nothinglike/au/freycinet-itinerary.htm
CAMPAIGN,zht/campaigns/nothinglike/au/freycinet-itinerary2,zht/campaigns/nothinglike/au/freycinet-itinerary2.htm
CAMPAIGN,zht/campaigns/nothinglike/au/freycinet-itinerary3,zht/campaigns/nothinglike/au/freycinet-itinerary3.htm
CAMPAIGN,zht/campaigns/nothinglike/au/freycinet-itinerary4,zht/campaigns/nothinglike/au/freycinet-itinerary4.htm
CAMPAIGN,zht/campaigns/nothinglike/au/freycinet-itinerary5,zht/campaigns/nothinglike/au/freycinet-itinerary5.htm
CAMPAIGN,zht/campaigns/nothinglike/au/freycinet-experiences,zht/campaigns/nothinglike/au/freycinet-experiences.htm
CAMPAIGN,zht/campaigns/nothinglike/au/gold-coast,zht/campaigns/nothinglike/au/gold-coast.htm
CAMPAIGN,zht/campaigns/nothinglike/au/gold-coast-product1,zht/campaigns/nothinglike/au/gold-coast-product1.htm
CAMPAIGN,zht/campaigns/nothinglike/au/gold-coast-product2,zht/campaigns/nothinglike/au/gold-coast-product2.htm
CAMPAIGN,zht/campaigns/nothinglike/au/gold-coast-product3,zht/campaigns/nothinglike/au/gold-coast-product3.htm
CAMPAIGN,zht/campaigns/nothinglike/au/gold-coast-product4,zht/campaigns/nothinglike/au/gold-coast-product4.htm
CAMPAIGN,zht/campaigns/nothinglike/au/gold-coast-product5,zht/campaigns/nothinglike/au/gold-coast-product5.htm
CAMPAIGN,zht/campaigns/nothinglike/au/gold-coast-product6,zht/campaigns/nothinglike/au/gold-coast-product6.htm
CAMPAIGN,zht/campaigns/nothinglike/au/gold-coast-product7,zht/campaigns/nothinglike/au/gold-coast-product7.htm
CAMPAIGN,zht/campaigns/nothinglike/au/gold-coast-product8,zht/campaigns/nothinglike/au/gold-coast-product8.htm
CAMPAIGN,zht/campaigns/nothinglike/au/gold-coast-product9,zht/campaigns/nothinglike/au/gold-coast-product9.htm
CAMPAIGN,zht/campaigns/nothinglike/au/gold-coast-product10,zht/campaigns/nothinglike/au/gold-coast-product10.htm
CAMPAIGN,zht/campaigns/nothinglike/au/gold-coast-itinerary,zht/campaigns/nothinglike/au/gold-coast-itinerary.htm
CAMPAIGN,zht/campaigns/nothinglike/au/gold-coast-itinerary2,zht/campaigns/nothinglike/au/gold-coast-itinerary2.htm
CAMPAIGN,zht/campaigns/nothinglike/au/gold-coast-itinerary3,zht/campaigns/nothinglike/au/gold-coast-itinerary3.htm
CAMPAIGN,zht/campaigns/nothinglike/au/gold-coast-itinerary4,zht/campaigns/nothinglike/au/gold-coast-itinerary4.htm
CAMPAIGN,zht/campaigns/nothinglike/au/gold-coast-experiences,zht/campaigns/nothinglike/au/gold-coast-experiences.htm
CAMPAIGN,zht/campaigns/nothinglike/au/great-ocean-road,zht/campaigns/nothinglike/au/great-ocean-road.htm
CAMPAIGN,zht/campaigns/nothinglike/au/great-ocean-road-product1,zht/campaigns/nothinglike/au/great-ocean-road-product1.htm
CAMPAIGN,zht/campaigns/nothinglike/au/great-ocean-road-product2,zht/campaigns/nothinglike/au/great-ocean-road-product2.htm
CAMPAIGN,zht/campaigns/nothinglike/au/great-ocean-road-product3,zht/campaigns/nothinglike/au/great-ocean-road-product3.htm
CAMPAIGN,zht/campaigns/nothinglike/au/great-ocean-road-product4,zht/campaigns/nothinglike/au/great-ocean-road-product4.htm
CAMPAIGN,zht/campaigns/nothinglike/au/great-ocean-road-product5,zht/campaigns/nothinglike/au/great-ocean-road-product5.htm
CAMPAIGN,zht/campaigns/nothinglike/au/great-ocean-road-product6,zht/campaigns/nothinglike/au/great-ocean-road-product6.htm
CAMPAIGN,zht/campaigns/nothinglike/au/great-ocean-road-product7,zht/campaigns/nothinglike/au/great-ocean-road-product7.htm
CAMPAIGN,zht/campaigns/nothinglike/au/great-ocean-road-product8,zht/campaigns/nothinglike/au/great-ocean-road-product8.htm
CAMPAIGN,zht/campaigns/nothinglike/au/great-ocean-road-itinerary,zht/campaigns/nothinglike/au/great-ocean-road-itinerary.htm
CAMPAIGN,zht/campaigns/nothinglike/au/great-ocean-road-itinerary2,zht/campaigns/nothinglike/au/great-ocean-road-itinerary2.htm
CAMPAIGN,zht/campaigns/nothinglike/au/great-ocean-road-itinerary3,zht/campaigns/nothinglike/au/great-ocean-road-itinerary3.htm
CAMPAIGN,zht/campaigns/nothinglike/au/great-ocean-road-itinerary4,zht/campaigns/nothinglike/au/great-ocean-road-itinerary4.htm
CAMPAIGN,zht/campaigns/nothinglike/au/great-ocean-road-itinerary5,zht/campaigns/nothinglike/au/great-ocean-road-itinerary5.htm
CAMPAIGN,zht/campaigns/nothinglike/au/great-ocean-road-experiences,zht/campaigns/nothinglike/au/great-ocean-road-experiences.htm
CAMPAIGN,zht/campaigns/nothinglike/au/hayman-island,zht/campaigns/nothinglike/au/hayman-island.htm
CAMPAIGN,zht/campaigns/nothinglike/au/hayman-island-product1,zht/campaigns/nothinglike/au/hayman-island-product1.htm
CAMPAIGN,zht/campaigns/nothinglike/au/hayman-island-product2,zht/campaigns/nothinglike/au/hayman-island-product2.htm
CAMPAIGN,zht/campaigns/nothinglike/au/hayman-island-product3,zht/campaigns/nothinglike/au/hayman-island-product3.htm
CAMPAIGN,zht/campaigns/nothinglike/au/hayman-island-product4,zht/campaigns/nothinglike/au/hayman-island-product4.htm
CAMPAIGN,zht/campaigns/nothinglike/au/hayman-island-product6,zht/campaigns/nothinglike/au/hayman-island-product6.htm
CAMPAIGN,zht/campaigns/nothinglike/au/hayman-island-product7,zht/campaigns/nothinglike/au/hayman-island-product7.htm
CAMPAIGN,zht/campaigns/nothinglike/au/hayman-island-product8,zht/campaigns/nothinglike/au/hayman-island-product8.htm
CAMPAIGN,zht/campaigns/nothinglike/au/hayman-island-product9,zht/campaigns/nothinglike/au/hayman-island-product9.htm
CAMPAIGN,zht/campaigns/nothinglike/au/hayman-island-product10,zht/campaigns/nothinglike/au/hayman-island-product10.htm
CAMPAIGN,zht/campaigns/nothinglike/au/hayman-island-itinerary,zht/campaigns/nothinglike/au/hayman-island-itinerary.htm
CAMPAIGN,zht/campaigns/nothinglike/au/hayman-island-itinerary2,zht/campaigns/nothinglike/au/hayman-island-itinerary2.htm
CAMPAIGN,zht/campaigns/nothinglike/au/hayman-island-itinerary3,zht/campaigns/nothinglike/au/hayman-island-itinerary3.htm
CAMPAIGN,zht/campaigns/nothinglike/au/hayman-island-itinerary4,zht/campaigns/nothinglike/au/hayman-island-itinerary4.htm
CAMPAIGN,zht/campaigns/nothinglike/au/hayman-island-experiences,zht/campaigns/nothinglike/au/hayman-island-experiences.htm
CAMPAIGN,zht/campaigns/nothinglike/au/kangaroo-island,zht/campaigns/nothinglike/au/kangaroo-island.htm
CAMPAIGN,zht/campaigns/nothinglike/au/kangaroo-island-product1,zht/campaigns/nothinglike/au/kangaroo-island-product1.htm
CAMPAIGN,zht/campaigns/nothinglike/au/kangaroo-island-product2,zht/campaigns/nothinglike/au/kangaroo-island-product2.htm
CAMPAIGN,zht/campaigns/nothinglike/au/kangaroo-island-product3,zht/campaigns/nothinglike/au/kangaroo-island-product3.htm
CAMPAIGN,zht/campaigns/nothinglike/au/kangaroo-island-product4,zht/campaigns/nothinglike/au/kangaroo-island-product4.htm
CAMPAIGN,zht/campaigns/nothinglike/au/kangaroo-island-product5,zht/campaigns/nothinglike/au/kangaroo-island-product5.htm
CAMPAIGN,zht/campaigns/nothinglike/au/kangaroo-island-product6,zht/campaigns/nothinglike/au/kangaroo-island-product6.htm
CAMPAIGN,zht/campaigns/nothinglike/au/kangaroo-island-product7,zht/campaigns/nothinglike/au/kangaroo-island-product7.htm
CAMPAIGN,zht/campaigns/nothinglike/au/kangaroo-island-product8,zht/campaigns/nothinglike/au/kangaroo-island-product8.htm
CAMPAIGN,zht/campaigns/nothinglike/au/kangaroo-island-product9,zht/campaigns/nothinglike/au/kangaroo-island-product9.htm
CAMPAIGN,zht/campaigns/nothinglike/au/kangaroo-island-product10,zht/campaigns/nothinglike/au/kangaroo-island-product10.htm
CAMPAIGN,zht/campaigns/nothinglike/au/kangaroo-island-itinerary,zht/campaigns/nothinglike/au/kangaroo-island-itinerary.htm
CAMPAIGN,zht/campaigns/nothinglike/au/kangaroo-island-itinerary2,zht/campaigns/nothinglike/au/kangaroo-island-itinerary2.htm
CAMPAIGN,zht/campaigns/nothinglike/au/kangaroo-island-itinerary3,zht/campaigns/nothinglike/au/kangaroo-island-itinerary3.htm
CAMPAIGN,zht/campaigns/nothinglike/au/kangaroo-island-experiences,zht/campaigns/nothinglike/au/kangaroo-island-experiences.htm
CAMPAIGN,zht/campaigns/nothinglike/au/lizard-island,zht/campaigns/nothinglike/au/lizard-island.htm
CAMPAIGN,zht/campaigns/nothinglike/au/lizard-island-product1,zht/campaigns/nothinglike/au/lizard-island-product1.htm
CAMPAIGN,zht/campaigns/nothinglike/au/lizard-island-product2,zht/campaigns/nothinglike/au/lizard-island-product2.htm
CAMPAIGN,zht/campaigns/nothinglike/au/lizard-island-product3,zht/campaigns/nothinglike/au/lizard-island-product3.htm
CAMPAIGN,zht/campaigns/nothinglike/au/lizard-island-product5,zht/campaigns/nothinglike/au/lizard-island-product5.htm
CAMPAIGN,zht/campaigns/nothinglike/au/lizard-island-product6,zht/campaigns/nothinglike/au/lizard-island-product6.htm
CAMPAIGN,zht/campaigns/nothinglike/au/lizard-island-product7,zht/campaigns/nothinglike/au/lizard-island-product7.htm
CAMPAIGN,zht/campaigns/nothinglike/au/lizard-island-product8,zht/campaigns/nothinglike/au/lizard-island-product8.htm
CAMPAIGN,zht/campaigns/nothinglike/au/lizard-island-product9,zht/campaigns/nothinglike/au/lizard-island-product9.htm
CAMPAIGN,zht/campaigns/nothinglike/au/melbourne,zht/campaigns/nothinglike/au/melbourne.htm
CAMPAIGN,zht/campaigns/nothinglike/au/melbourne-product1,zht/campaigns/nothinglike/au/melbourne-product1.htm
CAMPAIGN,zht/campaigns/nothinglike/au/melbourne-product2,zht/campaigns/nothinglike/au/melbourne-product2.htm
CAMPAIGN,zht/campaigns/nothinglike/au/melbourne-product3,zht/campaigns/nothinglike/au/melbourne-product3.htm
CAMPAIGN,zht/campaigns/nothinglike/au/melbourne-product4,zht/campaigns/nothinglike/au/melbourne-product4.htm
CAMPAIGN,zht/campaigns/nothinglike/au/melbourne-product5,zht/campaigns/nothinglike/au/melbourne-product5.htm
CAMPAIGN,zht/campaigns/nothinglike/au/melbourne-product6,zht/campaigns/nothinglike/au/melbourne-product6.htm
CAMPAIGN,zht/campaigns/nothinglike/au/melbourne-product7,zht/campaigns/nothinglike/au/melbourne-product7.htm
CAMPAIGN,zht/campaigns/nothinglike/au/melbourne-product8,zht/campaigns/nothinglike/au/melbourne-product8.htm
CAMPAIGN,zht/campaigns/nothinglike/au/melbourne-product9,zht/campaigns/nothinglike/au/melbourne-product9.htm
CAMPAIGN,zht/campaigns/nothinglike/au/melbourne-product10,zht/campaigns/nothinglike/au/melbourne-product10.htm
CAMPAIGN,zht/campaigns/nothinglike/au/melbourne-itinerary,zht/campaigns/nothinglike/au/melbourne-itinerary.htm
CAMPAIGN,zht/campaigns/nothinglike/au/melbourne-itinerary2,zht/campaigns/nothinglike/au/melbourne-itinerary2.htm
CAMPAIGN,zht/campaigns/nothinglike/au/melbourne-itinerary3,zht/campaigns/nothinglike/au/melbourne-itinerary3.htm
CAMPAIGN,zht/campaigns/nothinglike/au/melbourne-itinerary4,zht/campaigns/nothinglike/au/melbourne-itinerary4.htm
CAMPAIGN,zht/campaigns/nothinglike/au/melbourne-experiences,zht/campaigns/nothinglike/au/melbourne-experiences.htm
CAMPAIGN,zht/campaigns/nothinglike/au/sydney,zht/campaigns/nothinglike/au/sydney.htm
CAMPAIGN,zht/campaigns/nothinglike/au/sydney-product1,zht/campaigns/nothinglike/au/sydney-product1.htm
CAMPAIGN,zht/campaigns/nothinglike/au/sydney-product2,zht/campaigns/nothinglike/au/sydney-product2.htm
CAMPAIGN,zht/campaigns/nothinglike/au/sydney-product3,zht/campaigns/nothinglike/au/sydney-product3.htm
CAMPAIGN,zht/campaigns/nothinglike/au/sydney-product4,zht/campaigns/nothinglike/au/sydney-product4.htm
CAMPAIGN,zht/campaigns/nothinglike/au/sydney-product5,zht/campaigns/nothinglike/au/sydney-product5.htm
CAMPAIGN,zht/campaigns/nothinglike/au/sydney-product6,zht/campaigns/nothinglike/au/sydney-product6.htm
CAMPAIGN,zht/campaigns/nothinglike/au/sydney-product7,zht/campaigns/nothinglike/au/sydney-product7.htm
CAMPAIGN,zht/campaigns/nothinglike/au/sydney-product8,zht/campaigns/nothinglike/au/sydney-product8.htm
CAMPAIGN,zht/campaigns/nothinglike/au/sydney-product9,zht/campaigns/nothinglike/au/sydney-product9.htm
CAMPAIGN,zht/campaigns/nothinglike/au/sydney-product10,zht/campaigns/nothinglike/au/sydney-product10.htm
CAMPAIGN,zht/campaigns/nothinglike/au/sydney-product11,zht/campaigns/nothinglike/au/sydney-product11.htm
CAMPAIGN,zht/campaigns/nothinglike/au/sydney-itinerary,zht/campaigns/nothinglike/au/sydney-itinerary.htm
CAMPAIGN,zht/campaigns/nothinglike/au/sydney-itinerary2,zht/campaigns/nothinglike/au/sydney-itinerary2.htm
CAMPAIGN,zht/campaigns/nothinglike/au/sydney-itinerary3,zht/campaigns/nothinglike/au/sydney-itinerary3.htm
CAMPAIGN,zht/campaigns/nothinglike/au/sydney-itinerary4,zht/campaigns/nothinglike/au/sydney-itinerary4.htm
CAMPAIGN,zht/campaigns/nothinglike/au/sydney-experiences,zht/campaigns/nothinglike/au/sydney-experiences.htm
CAMPAIGN,zht/campaigns/nothinglike/au/uluru,zht/campaigns/nothinglike/au/uluru.htm
CAMPAIGN,zht/campaigns/nothinglike/au/uluru-product1,zht/campaigns/nothinglike/au/uluru-product1.htm
CAMPAIGN,zht/campaigns/nothinglike/au/uluru-product2,zht/campaigns/nothinglike/au/uluru-product2.htm
CAMPAIGN,zht/campaigns/nothinglike/au/uluru-product3,zht/campaigns/nothinglike/au/uluru-product3.htm
CAMPAIGN,zht/campaigns/nothinglike/au/uluru-product4,zht/campaigns/nothinglike/au/uluru-product4.htm
CAMPAIGN,zht/campaigns/nothinglike/au/uluru-product5,zht/campaigns/nothinglike/au/uluru-product5.htm
CAMPAIGN,zht/campaigns/nothinglike/au/uluru-product6,zht/campaigns/nothinglike/au/uluru-product6.htm
CAMPAIGN,zht/campaigns/nothinglike/au/uluru-product7,zht/campaigns/nothinglike/au/uluru-product7.htm
CAMPAIGN,zht/campaigns/nothinglike/au/uluru-product8,zht/campaigns/nothinglike/au/uluru-product8.htm
CAMPAIGN,zht/campaigns/nothinglike/au/uluru-product9,zht/campaigns/nothinglike/au/uluru-product9.htm
CAMPAIGN,zht/campaigns/nothinglike/au/uluru-itinerary,zht/campaigns/nothinglike/au/uluru-itinerary.htm
CAMPAIGN,zht/campaigns/nothinglike/au/uluru-experiences,zht/campaigns/nothinglike/au/uluru-experiences.htm
CAMPAIGN,zht/campaigns/nothinglike/au/wolgan-valley,zht/campaigns/nothinglike/au/wolgan-valley.htm
CAMPAIGN,zht/campaigns/nothinglike/au/wolgan-valley-product1,zht/campaigns/nothinglike/au/wolgan-valley-product1.htm
CAMPAIGN,zht/campaigns/nothinglike/au/wolgan-valley-product2,zht/campaigns/nothinglike/au/wolgan-valley-product2.htm
CAMPAIGN,zht/campaigns/nothinglike/au/wolgan-valley-product3,zht/campaigns/nothinglike/au/wolgan-valley-product3.htm
CAMPAIGN,zht/campaigns/nothinglike/au/wolgan-valley-product4,zht/campaigns/nothinglike/au/wolgan-valley-product4.htm
CAMPAIGN,zht/campaigns/nothinglike/au/wolgan-valley-product5,zht/campaigns/nothinglike/au/wolgan-valley-product5.htm
CAMPAIGN,zht/campaigns/nothinglike/au/wolgan-valley-product6,zht/campaigns/nothinglike/au/wolgan-valley-product6.htm
CAMPAIGN,zht/campaigns/nothinglike/au/wolgan-valley-product7,zht/campaigns/nothinglike/au/wolgan-valley-product7.htm
CAMPAIGN,zht/campaigns/nothinglike/au/wolgan-valley-product8,zht/campaigns/nothinglike/au/wolgan-valley-product8.htm
CAMPAIGN,zht/campaigns/nothinglike/au/wolgan-valley-product9,zht/campaigns/nothinglike/au/wolgan-valley-product9.htm
CAMPAIGN,zht/campaigns/nothinglike/au/wolgan-valley-product10,zht/campaigns/nothinglike/au/wolgan-valley-product10.htm
CAMPAIGN,zht/campaigns/nothinglike/au/wolgan-valley-itinerary,zht/campaigns/nothinglike/au/wolgan-valley-itinerary.htm
CAMPAIGN,zht/campaigns/nothinglike/au/wolgan-valley-itinerary2,zht/campaigns/nothinglike/au/wolgan-valley-itinerary2.htm
CAMPAIGN,zht/campaigns/nothinglike/au/wolgan-valley-itinerary3,zht/campaigns/nothinglike/au/wolgan-valley-itinerary3.htm
CAMPAIGN,zht/campaigns/nothinglike/au/wolgan-valley-itinerary4,zht/campaigns/nothinglike/au/wolgan-valley-itinerary4.htm
CAMPAIGN,zht/campaigns/nothinglike/au/wolgan-valley-itinerary5,zht/campaigns/nothinglike/au/wolgan-valley-itinerary5.htm
CAMPAIGN,zht/campaigns/nothinglike/au/wolgan-valley-itinerary6,zht/campaigns/nothinglike/au/wolgan-valley-itinerary6.htm
CAMPAIGN,zht/campaigns/nothinglike/au/wolgan-valley-experiences,zht/campaigns/nothinglike/au/wolgan-valley-experiences.htm
ARTICLE,zht/planning/australian-public-holidays,zht/plan/before-you-go/australian-public-holidays
ARTICLE,zht/planning/australian-school-holidays,zht/plan/before-you-go/australian-school-holidays
ARTICLE,zht/planning/health-safety,zht/plan/before-you-go/health-safety
ARTICLE,zht/planning/useful-tips,zht/plan/before-you-go/useful-tips
ARTICLE,zht/articles/australias-animals,zht/about/key-facts/australias-animals
ARTICLE,zht/articles/heritage-attractions,zht/about/culture-history/australian-culture/heritage-attractions
ARTICLE,zht/planning/backpacker-essentials,zht/plan/before-you-go/work-volunteer-study/backpacker-essentials
ARTICLE,zht/planning/backpacker-precincts,zht/plan/before-you-go/work-volunteer-study/backpacker-precincts
ARTICLE,zht/planning/youth-visa,zht/plan/before-you-go/work-volunteer-study/youth-visa
ARTICLE,zht/planning/planning-a-trip,zht/plan/before-you-go/planning-a-trip
ARTICLE,zht/articles/foa-holiday-favourites-au,foa-holiday-favourites-au
ARTICLE,zht/articles/foa-holiday-favourites-john-bertrand-au,foa-holiday-favourites-john-bertrand-au
ARTICLE,zht/articles/foa-holiday-favourites-terri-irwin-au,foa-holiday-favourites-terri-irwin-au
ARTICLE,zht/articles/foa-holiday-favourites-david-whitehill-au,foa-holiday-favourites-david-whitehill-au
ARTICLE,zht/articles/foa-holiday-favourites-steve-liebman-au,foa-holiday-favourites-steve-liebman-au
ARTICLE,zht/articles/foa-holiday-favourites-sophie-falkiner-au,foa-holiday-favourites-sophie-falkiner-au
CAMPAIGN,zht/campaigns/makingtracks/index,zht/campaigns/makingtracks/index.htm
CAMPAIGN,zht/campaigns/makingtracks/meet-the-musician-Andy-Bull,zht/campaigns/makingtracks/meet-the-musician-Andy-Bull.htm
CAMPAIGN,zht/campaigns/makingtracks/meet-the-musician-Desmond-NeySmith,zht/campaigns/makingtracks/meet-the-musician-Desmond-NeySmith.htm
CAMPAIGN,zht/campaigns/makingtracks/meet-the-musician-Dewayne-Everett-Smith,zht/campaigns/makingtracks/meet-the-musician-Dewayne-Everett-Smith.htm
CAMPAIGN,zht/campaigns/makingtracks/meet-the-musician-Irene-Chen,zht/campaigns/makingtracks/meet-the-musician-Irene-Chen.htm
CAMPAIGN,zht/campaigns/makingtracks/meet-the-musician-Jasmine-Beam,zht/campaigns/makingtracks/meet-the-musician-Jasmine-Beam.htm
CAMPAIGN,zht/campaigns/makingtracks/meet-the-musician-Luke-Web,zht/campaigns/makingtracks/meet-the-musician-Luke-Web.htm
CAMPAIGN,zht/campaigns/makingtracks/meet-the-musician-Samuel-Blair,zht/campaigns/makingtracks/meet-the-musician-Samuel-Blair.htm
CAMPAIGN,zht/campaigns/makingtracks/meet-the-musician-Stu-Cullen,zht/campaigns/makingtracks/meet-the-musician-Stu-Cullen.htm
CAMPAIGN,zht/campaigns/makingtracks/musical-pairs-luke-desmond,zht/campaigns/makingtracks/musical-pairs-luke-desmond.htm
CAMPAIGN,zht/campaigns/makingtracks/musical-pairs-andy-irene,zht/campaigns/makingtracks/musical-pairs-andy-irene.htm
CAMPAIGN,zht/campaigns/makingtracks/musical-pairs-dewayne-jasmine,zht/campaigns/makingtracks/musical-pairs-dewayne-jasmine.htm
CAMPAIGN,zht/campaigns/makingtracks/musical-pairs-stu-samuel,zht/campaigns/makingtracks/musical-pairs-stu-samuel.htm