ICON,ko/places/great-barrier-reef,ko/explore/icons/great-barrier-reef
ICON,ko/places/red-centre,ko/explore/icons/red-centre
ICON,ko/places/great-ocean-road,ko/explore/icons/great-ocean-road
ICON,ko/places/kakadu,ko/explore/icons/kakadu
ICON,ko/places/kimberley,ko/explore/icons/kimberley
ICON,ko/places/kangaroo-island,ko/explore/icons/kangaroo-island
ICON,ko/places/byron-bay,ko/explore/icons/byron-bay
ICON,ko/places/tas-wilderness,ko/explore/icons/tas-wilderness
ICON,ko/places/alps,ko/explore/icons/alps
ICON,ko/places/ningaloo,ko/explore/icons/ningaloo
ICON,ko/places/flinders,ko/explore/icons/flinders
ICON,ko/places/fraser-island,ko/explore/icons/fraser-island
ICON,ko/places/freycinet,ko/explore/icons/freycinet
ICON,ko/places/gippsland,ko/explore/icons/gippsland
ICON,ko/places/blue-mountains,ko/explore/icons/blue-mountains
ICON,ko/places/namadgi,ko/explore/icons/namadgi
CITY,ko/places/sydney,ko/explore/cities/sydney
CITY,ko/places/melbourne,ko/explore/cities/melbourne
CITY,ko/places/brisbane,ko/explore/cities/brisbane
CITY,ko/places/perth,ko/explore/cities/perth
CITY,ko/places/darwin,ko/explore/cities/darwin
CITY,ko/places/adelaide,ko/explore/cities/adelaide
CITY,ko/places/hobart,ko/explore/cities/hobart
CITY,ko/places/canberra,ko/explore/cities/canberra
CITY,ko/places/gold-coast,ko/explore/cities/gold-coast
CITY,ko/places/cairns,ko/explore/cities/cairns
CITY,ko/places/alice-springs,ko/explore/cities/alice-springs
CITY,ko/places/broome,ko/explore/cities/broome
CATEGORY PAGE,ko/places/regional-cities,ko/explore/cities/regional-cities
CITY,ko/places/nsw/orange,ko/explore/events/nsw-taste-of-orange
CITY,ko/places/qld/bundaberg-natural-attraction,ko/explore/cities/regional-cities/bundaberg-natural-attraction
CITY,ko/places/tas/launceston-devonport-burnie,ko/explore/cities/regional-cities/tas-launceston-devonport-burnie
CITY,ko/places/vic/bendigo,ko/explore/states/vic/vic-bendigo
CITY,ko/places/wa/albany,ko/explore/cities/regional-cities/wa-albany
CITY,ko/places/wa/kalgoorlie,ko/explore/states/wa/wa-kalgoorlie
CITY,ko/places/wa/kununurra,ko/explore/states/wa/wa-kununurra
STATE,ko/places/nsw,ko/explore/states/nsw
ARTICLE,ko/places/nsw/anz-stadium,ko/about/culture-history/stadiums/anz-stadium
ARTICLE,ko/places/nsw/allianz-stadium,ko/about/culture-history/stadiums/allianz-stadium
ARTICLE,ko/places/nsw/nsw-glebe,ko/explore/cities/sydney/nsw-glebe
ARTICLE,ko/places/nsw/sydney-the-rocks,ko/explore/cities/sydney/sydney-the-rocks
ARTICLE,ko/places/nsw/sydney-harbour-np,ko/explore/cities/sydney/sydney-harbour-np
ARTICLE,ko/places/nsw/nsw-manly-beach,ko/explore/cities/sydney/nsw-manly-beach
ARTICLE,ko/places/nsw/nsw-palm-beach,ko/explore/cities/sydney/nsw-palm-beach
ARTICLE,ko/places/nsw/nsw-bondi-beach,ko/explore/cities/sydney/nsw-bondi-beach
ARTICLE,ko/places/nsw/nsw-bondi-bronte,ko/explore/cities/sydney/nsw-bondi-bronte
ARTICLE,ko/places/nsw/nsw-coogee-beach,ko/explore/cities/sydney/nsw-coogee-beach
ARTICLE,ko/places/nsw/nsw-sydney-beaches,ko/explore/cities/sydney/nsw-sydney-beaches
ARTICLE,ko/places/nsw/coffs-harbour,ko/explore/states/nsw/coffs-harbour
ARTICLE,ko/places/nsw/nsw-spring-hunter-valley,ko/explore/states/nsw/nsw-spring-hunter-valley
ARTICLE,ko/places/nsw/nsw-jervis-bay,ko/explore/states/nsw/nsw-jervis-bay
STATE,ko/places/vic,ko/explore/states/vic
ARTICLE,ko/places/vic/flemington-racecourse-stadium,ko/about/culture-history/stadiums/flemington-racecourse-stadium
ARTICLE,ko/places/vic/melbourne-cricket-ground,ko/about/culture-history/stadiums/melbourne-cricket-ground
ARTICLE,ko/places/vic/rod-laver-arena,ko/about/culture-history/stadiums/rod-laver-arena
ARTICLE,ko/places/vic/etihad-stadium,ko/about/culture-history/stadiums/etihad-stadium
ARTICLE,ko/places/vic/melbourne-hidden-laneways,ko/explore/cities/melbourne/melbourne-hidden-laneways
ARTICLE,ko/places/vic/melbourne-rooftop-culture,ko/explore/cities/melbourne/melbourne-rooftop-culture
ARTICLE,ko/places/vic/vic-brunswick,ko/explore/cities/melbourne/vic-brunswick
ARTICLE,ko/places/vic/fed-square,ko/explore/cities/melbourne/fed-square
ARTICLE,ko/places/vic/st-kilda,ko/explore/cities/melbourne/st-kilda
ARTICLE,ko/places/vic/mornington-peninsula,ko/explore/cities/melbourne/mornington-peninsula
ARTICLE,ko/places/vic/vic-torquay,ko/explore/states/vic/vic-torquay
ARTICLE,ko/places/vic/vic-grampians,ko/explore/states/vic/vic-grampians
ARTICLE,ko/places/vic/vic-12-apostles,ko/explore/states/vic/vic-12-apostles
ARTICLE,ko/places/vic/vic-bendigo,ko/explore/states/vic/vic-bendigo
ARTICLE,ko/places/vic/vic-snow-play,ko/explore/states/vic/vic-snow-play
STATE,ko/places/qld,ko/explore/states/qld
ARTICLE,ko/places/qld/suncorp-stadium,ko/about/culture-history/stadiums/suncorp-stadium
ARTICLE,ko/places/qld/the-gabba,ko/about/culture-history/stadiums/the-gabba
ARTICLE,ko/places/qld/brisbane-culture-life,ko/explore/cities/brisbane/brisbane-culture-life
ARTICLE,ko/places/qld/qld-adventure-on-brisbane-river,ko/explore/cities/brisbane/qld-adventure-on-brisbane-river
ARTICLE,ko/places/qld/qld-surfing,ko/explore/cities/gold-coast/qld-surfing
ARTICLE,ko/places/qld/port-douglas,ko/explore/cities/cairns/port-douglas
ARTICLE,ko/places/qld/kuranda,ko/explore/cities/cairns/kuranda
STATE,ko/places/nt,ko/explore/states/nt
ARTICLE,ko/places/nt/darwin-historical-attractions,ko/explore/cities/darwin/nt-darwin-historical-attractions
ARTICLE,ko/places/nt/darwin-art-precincts,ko/explore/cities/darwin/darwin-art-precincts
ARTICLE,ko/places/nt/darwin-waterfront,ko/explore/cities/darwin/darwin-waterfront
ARTICLE,ko/places/nt/mindil-markets,ko/explore/cities/darwin/nt-mindil-markets
STATE,ko/places/wa,ko/explore/states/wa
ARTICLE,ko/places/wa/the-waca,ko/about/culture-history/stadiums/the-waca
ARTICLE,ko/places/wa/perth-city-precincts,ko/explore/cities/perth/perth-city-precincts
ARTICLE,ko/places/wa/cottesloe-beach,ko/explore/cities/perth/wa-cottesloe-beach
ARTICLE,ko/places/wa/rottnest-island,ko/explore/cities/perth/rottnest-island
ARTICLE,ko/places/wa/cable-beach,ko/explore/cities/broome/wa-cable-beach
ARTICLE,ko/places/wa/albany,ko/explore/cities/regional-cities/wa-albany
STATE,ko/places/sa,ko/explore/states/sa
ARTICLE,ko/places/sa/adelaide-oval,ko/about/culture-history/stadiums/adelaide-oval
ARTICLE,ko/places/sa/adelaide-central-market,ko/explore/cities/adelaide/adelaide-central-market
ARTICLE,ko/places/sa/glenelg-beach,ko/explore/cities/adelaide/sa-glenelg-beach
ARTICLE,ko/places/sa/hahndorf,ko/explore/cities/adelaide/sa-hahndorf
STATE,ko/places/tas,ko/explore/states/tas
ARTICLE,ko/places/tas/hobart-salamanca-place,ko/explore/cities/hobart/hobart-salamanca-place
ARTICLE,ko/places/tas/winter-secrets,ko/explore/states/tas/tas-winter-secrets
STATE,ko/places/act,ko/explore/states/act
ARTICLE,ko/places/act/canberra-stadium,ko/about/culture-history/stadiums/canberra-stadium
ARTICLE,ko/places/act/manuka-oval,ko/about/culture-history/stadiums/manuka-oval
ARTICLE,ko/places/act/canberra-aboriginal-art,ko/explore/cities/canberra/canberra-aboriginal-art
ARTICLE,ko/places/act/canberra-home-grown-shopping,ko/explore/cities/canberra/canberra-home-grown-shopping
ARTICLE,ko/places/act/fireside-festival,ko/explore/cities/canberra/act-fireside-festival
CATEGORY,ko/itineraries/holiday-ideas,ko/explore/itineraries-ideas/holiday-ideas
CATEGORY,ko/itineraries/drive-australia,ko/explore/itineraries-ideas/drive-australia
ITINERARY,ko/itineraries/nsw-pacific-coast-touring-route,ko/explore/itineraries/nsw-pacific-coast-touring-route
ITINERARY,ko/itineraries/nt-red-centre-way,ko/explore/itineraries/nt-red-centre-way
ITINERARY,ko/itineraries/qld-pacific-coast,ko/explore/itineraries/qld-pacific-coast
ITINERARY,ko/itineraries/nt-natures-way,ko/explore/itineraries/nt-natures-way
ITINERARY,ko/itineraries/nsw-sydney-to-melbourne-coastal-drive,ko/explore/itineraries/nsw-sydney-to-melbourne-coastal-drive
ITINERARY,ko/itineraries/wa-indian-ocean-drive,ko/explore/itineraries/wa-indian-ocean-drive
ITINERARY,ko/itineraries/vic-great-southern-touring-route,ko/explore/itineraries/vic-great-southern-touring-route
ITINERARY,ko/itineraries/wa-gibb-river-rd,ko/explore/itineraries/wa-gibb-river-rd
ITINERARY,ko/itineraries/melbourne-adelaide-gor,ko/explore/itineraries/melbourne-adelaide-gor
ITINERARY,ko/itineraries/tas-circle-tas,ko/explore/itineraries/tas-circle-tas
ITINERARY,ko/itineraries/sa-loop,ko/explore/itineraries/sa-loop
ITINERARY,ko/itineraries/tas-east-coast,ko/explore/itineraries/tas-east-coast
ITINERARY,ko/itineraries/sa-explorers-highway,ko/explore/itineraries/sa-explorers-highway
CATEGORY,ko/itineraries/coastal-journeys,ko/explore/itineraries-ideas/coastal-journeys
ITINERARY,ko/itineraries/vic-great-southern-touring-route,ko/explore/itineraries/vic-great-southern-touring-route
ITINERARY,ko/itineraries/nsw-pacific-coast-touring-route,ko/explore/itineraries/nsw-pacific-coast-touring-route
ITINERARY,ko/itineraries/qld-pacific-coast,ko/explore/itineraries/qld-pacific-coast
ITINERARY,ko/itineraries/nsw-sydney-to-melbourne-coastal-drive,ko/explore/itineraries/nsw-sydney-to-melbourne-coastal-drive
ITINERARY,ko/itineraries/wa-south-west-beaches-goldfields,ko/explore/itineraries/wa-south-west-beaches-goldfields
ITINERARY,ko/itineraries/vic-wilsons-prom,ko/explore/itineraries/vic-wilsons-prom
ITINERARY,ko/itineraries/qld-3days-gold-coast,ko/explore/itineraries/qld-3days-gold-coast
ITINERARY,ko/itineraries/wa-3days-broome,ko/explore/itineraries/wa-3days-broome
ITINERARY,ko/itineraries/tas-east-coast,ko/explore/itineraries/tas-east-coast
ITINERARY,ko/itineraries/qld-whitsundays-sailing,ko/explore/itineraries/qld-whitsundays-sailing
ITINERARY,ko/itineraries/qld-great-sunshine-way,ko/explore/itineraries/qld-great-sunshine-way
ITINERARY,ko/itineraries/qld-3days-cairns,ko/explore/itineraries/qld-3days-cairns
ITINERARY,ko/itineraries/wa-indian-ocean-drive,ko/explore/itineraries/wa-indian-ocean-drive
ITINERARY,ko/itineraries/qld-tropical-drive,ko/explore/itineraries/qld-tropical-drive
ITINERARY,ko/itineraries/melbourne-adelaide-gor,ko/explore/itineraries/melbourne-adelaide-gor
ITINERARY,ko/itineraries/big-pacific-coast-touring-route,ko/explore/itineraries/big-pacific-coast-touring-route
CATEGORY,ko/itineraries/outback-journeys,ko/explore/itineraries-ideas/outback-journeys
ITINERARY,ko/itineraries/wa-gibb-river-rd,ko/explore/itineraries/wa-gibb-river-rd
ITINERARY,ko/itineraries/nt-red-centre-way,ko/explore/itineraries/nt-red-centre-way
ITINERARY,ko/itineraries/sa-explorers-highway,ko/explore/itineraries/sa-explorers-highway
ITINERARY,ko/itineraries/wa-savannah,ko/explore/itineraries/wa-savannah
ITINERARY,ko/itineraries/qld-savannah-way,ko/explore/itineraries/qld-savannah-way
ITINERARY,ko/itineraries/sa-loop,ko/explore/itineraries/sa-loop
ITINERARY,ko/itineraries/nt-natures-way,ko/explore/itineraries/nt-natures-way
ITINERARY,ko/itineraries/nt-larapinta-trail,ko/explore/itineraries/nt-larapinta-trail
ITINERARY,ko/itineraries/wa-sa-nsw-indian-pacific,ko/explore/itineraries/wa-sa-nsw-indian-pacific
ITINERARY,ko/itineraries/sa-ghan,ko/explore/itineraries/sa-ghan
ITINERARY,ko/itineraries/crossing-nullarbor,ko/explore/itineraries/crossing-nullarbor
CATEGORY,ko/itineraries/nature-discovery,ko/explore/itineraries-ideas/nature-discovery
ITINERARY,ko/itineraries/nt-natures-way,ko/explore/itineraries/nt-natures-way
ITINERARY,ko/itineraries/vic-great-alpine-way,ko/explore/itineraries/vic-great-alpine-way
ITINERARY,ko/itineraries/tas-circle-tas,ko/explore/itineraries/tas-circle-tas
ITINERARY,ko/itineraries/tas-east-coast,ko/explore/itineraries/tas-east-coast
ITINERARY,ko/itineraries/sa-loop,ko/explore/itineraries/sa-loop
ITINERARY,ko/itineraries/tas-overland-track,ko/explore/itineraries/tas-overland-track
ITINERARY,ko/itineraries/act-australian-alps-walking-track,ko/explore/itineraries/act-australian-alps-walking-track
ITINERARY,ko/itineraries/qld-goldcoast-hinterland,ko/explore/itineraries/qld-goldcoast-hinterland
ITINERARY,ko/itineraries/sa-heysen-trail,ko/explore/itineraries/sa-heysen-trail
ITINERARY,ko/itineraries/vic-wilsons-prom,ko/explore/itineraries/vic-wilsons-prom
ITINERARY,ko/itineraries/nsw-six-foot-track,ko/explore/itineraries/nsw-six-foot-track
ITINERARY,ko/itineraries/act-capital-country,ko/explore/itineraries/act-capital-country
ITINERARY,ko/itineraries/act-poachers-way,ko/explore/itineraries/act-poachers-way
ITINERARY,ko/itineraries/rainforest-way,ko/explore/itineraries/rainforest-way
CATEGORY,ko/itineraries/adventure-journeys,ko/explore/itineraries-ideas/adventure-journeys
ITINERARY,ko/itineraries/wa-gibb-river-rd,ko/explore/itineraries/wa-gibb-river-rd
ITINERARY,ko/itineraries/nt-red-centre-way,ko/explore/itineraries/nt-red-centre-way
ITINERARY,ko/itineraries/sa-explorers-highway,ko/explore/itineraries/sa-explorers-highway
ITINERARY,ko/itineraries/wa-savannah,ko/explore/itineraries/wa-savannah
ITINERARY,ko/itineraries/qld-savannah-way,ko/explore/itineraries/qld-savannah-way
ITINERARY,ko/itineraries/sa-loop,ko/explore/itineraries/sa-loop
ITINERARY,ko/itineraries/nt-natures-way,ko/explore/itineraries/nt-natures-way
ITINERARY,ko/itineraries/nt-larapinta-trail,ko/explore/itineraries/nt-larapinta-trail
ITINERARY,ko/itineraries/sa-heysen-trail,ko/explore/itineraries/sa-heysen-trail
ITINERARY,ko/itineraries/qld-whitsundays-sailing,ko/explore/itineraries/qld-whitsundays-sailing
ITINERARY,ko/itineraries/wa-munda-biddi-trail,ko/explore/itineraries/wa-munda-biddi-trail
ITINERARY,ko/itineraries/crossing-nullarbor,ko/explore/itineraries/crossing-nullarbor
CATEGORY,ko/itineraries/aboriginal-discovery,ko/explore/itineraries-ideas/aboriginal-discovery
ITINERARY,ko/itineraries/nt-red-centre-way,ko/explore/itineraries/nt-red-centre-way
ITINERARY,ko/itineraries/nt-natures-way,ko/explore/itineraries/nt-natures-way
ITINERARY,ko/itineraries/sa-loop,ko/explore/itineraries/sa-loop
ITINERARY,ko/itineraries/vic-great-southern-touring-route,ko/explore/itineraries/vic-great-southern-touring-route
ITINERARY,ko/itineraries/tas-east-coast,ko/explore/itineraries/tas-east-coast
ITINERARY,ko/itineraries/sa-explorers-highway,ko/explore/itineraries/sa-explorers-highway
ITINERARY,ko/itineraries/wa-savannah,ko/explore/itineraries/wa-savannah
ITINERARY,ko/itineraries/wa-south-west-beaches-goldfields,ko/explore/itineraries/wa-south-west-beaches-goldfields
CATEGORY,ko/itineraries/walking-australia,ko/explore/itineraries-ideas/walking-australia
ITINERARY,ko/itineraries/tas-overland-track,ko/explore/itineraries/tas-overland-track
ITINERARY,ko/itineraries/act-australian-alps-walking-track,ko/explore/itineraries/act-australian-alps-walking-track
ITINERARY,ko/itineraries/qld-goldcoast-hinterland,ko/explore/itineraries/qld-goldcoast-hinterland
ITINERARY,ko/itineraries/sa-heysen-trail,ko/explore/itineraries/sa-heysen-trail
ITINERARY,ko/itineraries/nt-larapinta-trail,ko/explore/itineraries/nt-larapinta-trail
ITINERARY,ko/itineraries/vic-wilsons-prom,ko/explore/itineraries/vic-wilsons-prom
ITINERARY,ko/itineraries/nsw-six-foot-track,ko/explore/itineraries/nsw-six-foot-track
ITINERARY,ko/itineraries/wa-bibbulmun-track,ko/explore/itineraries/wa-bibbulmun-track
ITINERARY,ko/itineraries/nsw-kanangra-katoomba,ko/explore/itineraries/nsw-kanangra-katoomba
ITINERARY,ko/itineraries/sydney-coastal-walks,ko/explore/itineraries/sydney-coastal-walks
ITINERARY,ko/itineraries/hinchinbrook-island,ko/explore/itineraries/hinchinbrook-island
CATEGORY,ko/itineraries/holiday-ideas,ko/explore/itineraries-ideas/holiday-ideas
ITINERARY,ko/itineraries/nsw-3weeks-sydney,ko/explore/itineraries/nsw-3weeks-sydney
ITINERARY,ko/itineraries/vic-3weeks-melbourne,ko/explore/itineraries/vic-3weeks-melbourne
ITINERARY,ko/itineraries/qld-3weeks-brisbane,ko/explore/itineraries/qld-3weeks-brisbane
ITINERARY,ko/itineraries/wa-3weeks-perth,ko/explore/itineraries/wa-3weeks-perth
ITINERARY,ko/itineraries/sa-3weeks-adelaide,ko/explore/itineraries/sa-3weeks-adelaide
ITINERARY,ko/itineraries/nt-3weeks-darwin,ko/explore/itineraries/nt-3weeks-darwin
ITINERARY,ko/itineraries/qld-3weeks-cairns,ko/explore/itineraries/qld-3weeks-cairns
CATEGORY,ko/itineraries/city-journeys,ko/explore/itineraries-ideas/city-journeys
ITINERARY,ko/itineraries/nsw-3days-sydney,ko/explore/itineraries/nsw-3days-sydney
ITINERARY,ko/itineraries/vic-3days-melbourne,ko/explore/itineraries/vic-3days-melbourne
ITINERARY,ko/itineraries/qld-3days-brisbane,ko/explore/itineraries/qld-3days-brisbane
ITINERARY,ko/itineraries/wa-3days-perth,ko/explore/itineraries/wa-3days-perth
ITINERARY,ko/itineraries/sa-3days-adelaide,ko/explore/itineraries/sa-3days-adelaide
ITINERARY,ko/itineraries/nt-3days-darwin,ko/explore/itineraries/nt-3days-darwin
ITINERARY,ko/itineraries/tas-3days-hobart,ko/explore/itineraries/tas-3days-hobart
ITINERARY,ko/itineraries/act-3days-canberra,ko/explore/itineraries/act-3days-canberra
ITINERARY,ko/itineraries/qld-3days-cairns,ko/explore/itineraries/qld-3days-cairns
ITINERARY,ko/itineraries/nt-3days-alice-springs,ko/explore/itineraries/nt-3days-alice-springs
ITINERARY,ko/itineraries/wa-3days-broome,ko/explore/itineraries/wa-3days-broome
ITINERARY,ko/itineraries/qld-3days-gold-coast,ko/explore/itineraries/qld-3days-gold-coast
CATEGORY,ko/itineraries/australian-holiday-stories,ko/explore/things-to-do/australian-holiday-stories
ITINERARY,ko/itineraries/nsw-sydney-story,ko/explore/cities/sydney/nsw-sydney-story
ITINERARY,ko/itineraries/nt-uluru-story,ko/explore/icons/red-centre/nt-uluru-story
ITINERARY,ko/itineraries/wa-pinnacles-travel-story,ko/explore/states/wa/wa-pinnacles-travel-story
ITINERARY,ko/itineraries/tasman-national-park-story,ko/explore/states/tas/tasman-national-park-story
ITINERARY,ko/itineraries/margaret-river-story,ko/explore/states/wa/margaret-river-story
ITINERARY,ko/itineraries/sa-kangaroo-Island-story,ko/explore/icons/kangaroo-island/sa-kangaroo-Island-story
ITINERARY,ko/itineraries/nt-kakadu-story,ko/explore/icons/kakadu/nt-kakadu-story
ITINERARY,ko/itineraries/wa-kimberley-travel-story,ko/explore/icons/kimberley/wa-kimberley-travel-story
ITINERARY,ko/itineraries/liffey-falls-story,ko/explore/cities/hobart/liffey-falls-story
ITINERARY,ko/itineraries/port-campbell-travel-story,ko/explore/icons/great-ocean-road/port-campbell-travel-story
ITINERARY,ko/itineraries/qld-surfers-paradise-story,ko/explore/cities/gold-coast/qld-surfers-paradise-story
ITINERARY,ko/itineraries/bruny-travel-story,ko/explore/states/tas/bruny-travel-story
ITINERARY,ko/itineraries/qld-tangalooma-story,ko/explore/cities/brisbane/qld-tangalooma-story
ITINERARY,ko/itineraries/wa-karijini-story,ko/explore/states/wa/wa-karijini-story
ITINERARY,ko/itineraries/act-tharwa-story,ko/explore/cities/canberra/act-tharwa-story
ITINERARY,ko/itineraries/wa-valley-of-the-giants-story,ko/explore/states/wa/wa-valley-of-the-giants-story
ITINERARY,ko/itineraries/wa-wave-rock-story,ko/explore/states/wa/wa-wave-rock-story
EVENT LANDING,ko/events/major-events,ko/explore/australian-events/major-events
EVENT LANDING,ko/events/sporting-events,ko/explore/australian-events/sporting-events
EVENT LANDING,ko/events/horse-racing-events,ko/explore/australian-events/horse-racing-events
EVENT LANDING,ko/events/beaches-events,ko/explore/australian-events/beaches-events
EVENT LANDING,ko/events/culture-events,ko/explore/australian-events/culture-events
EVENT LANDING,ko/events/art-events,ko/explore/australian-events/art-events
EVENT LANDING,ko/events/music-festivals-events,ko/explore/australian-events/music-festivals-events
EVENT LANDING,ko/events/food-wine-events,ko/explore/australian-events/food-wine-events
EVENT LANDING,ko/events/regional-outback-events,ko/explore/australian-events/regional-outback-events
EVENT LANDING,ko/events/aboriginal-events,ko/explore/australian-events/aboriginal-events
EVENT LANDING,ko/events/natural-events,ko/explore/australian-events/natural-events
EVENT LANDING,ko/events/nat-uniquely-australian-events,ko/explore/australian-events/nat-uniquely-australian-events
EVENT ARTICLE ,ko/events/2014/january/tour-down-under,ko/explore/events/tour-down-under
EVENT ARTICLE ,ko/events/2014/february/australian-open,ko/explore/events/australian-open
EVENT ARTICLE ,ko/events/2014/march/australia-day,ko/explore/events/australia-day
EVENT ARTICLE ,ko/events/2014/april/melbourne-food-and-wine-festival,ko/explore/events/melbourne-food-and-wine-festival
EVENT ARTICLE ,ko/events/2014/may/vic-australian-grand-prix,ko/explore/events/vic-australian-grand-prix
EVENT ARTICLE ,ko/events/2014/june/opera-sydney-harbour,ko/explore/events/opera-sydney-harbour
EVENT ARTICLE ,ko/events/2014/july/sydney-royal-easter-show,ko/explore/events/sydney-royal-easter-show
EVENT ARTICLE ,ko/events/2014/august/vivid-sydney,ko/explore/events/vivid-sydney
EVENT ARTICLE ,ko/events/2014/september/british-lions-2013,ko/explore/events/british-lions-2013
EVENT ARTICLE ,ko/events/2014/october/australias-running-events,ko/explore/events/australias-running-events
EVENT ARTICLE ,ko/events/2014/november/floriade,ko/explore/events/floriade
EVENT ARTICLE ,ko/events/2014/december/afl-events,ko/explore/events/afl-events
EVENT ARTICLE ,ko/events/2014/january/melbourne-cup-carnival,ko/explore/events/melbourne-cup-carnival
EVENT ARTICLE ,ko/events/2014/february/syd-hobart-yacht-race,ko/explore/events/syd-hobart-yacht-race
EVENT ARTICLE ,ko/events/2014/march/nat-new-years-fireworks,ko/explore/events/nat-new-years-fireworks
EVENT ARTICLE ,ko/events/2014/april/sydney-mardi-gras,ko/explore/events/sydney-mardi-gras
EVENT ARTICLE ,ko/events/2014/may/jazz-blues-classical-festivals,ko/explore/events/jazz-blues-classical-festivals
EVENT ARTICLE ,ko/events/2014/june/indie-alternative-rock-festivals,ko/explore/events/indie-alternative-rock-festivals
EVENT ARTICLE ,ko/events/2014/july/folk-country-world-music-festivals,ko/explore/events/folk-country-world-music-festivals
EVENT ARTICLE ,ko/events/2014/august/horse-racing-events-article,ko/explore/events/horse-racing-events-article
EVENT ARTICLE ,ko/events/2014/september/act-canberra-balloon-fiesta,ko/explore/events/act-canberra-balloon-fiesta
EVENT ARTICLE ,ko/events/2014/october/nat-film-festivals,ko/explore/events/nat-film-festivals
EVENT ARTICLE ,ko/events/2014/november/nsw-taste-of-orange,ko/explore/events/nsw-taste-of-orange
EVENT ARTICLE ,ko/events/2014/december/nt-henley-on-todd,ko/explore/events/nt-henley-on-todd
EVENT ARTICLE ,ko/events/2014/january/tas-taste-festival,ko/explore/events/tas-taste-festival
EVENT ARTICLE ,ko/events/2014/february/vic-spring-racing,ko/explore/events/vic-spring-racing
EVENT ARTICLE ,ko/events/2014/march/australias-motorsport-events,ko/explore/events/australias-motorsport-events
EVENT ARTICLE ,ko/events/2014/april/nsw-orange-food-week,ko/explore/events/nsw-orange-food-week
EVENT ARTICLE ,ko/events/2014/may/qld-coolangatta-ocean-swim,ko/explore/events/qld-coolangatta-ocean-swim
EVENT ARTICLE ,ko/events/2014/june/summer-cricket,ko/explore/events/summer-cricket
EVENT ARTICLE ,ko/events/2014/july/wa-ord-valley-muster,ko/explore/events/wa-ord-valley-muster
EVENT ARTICLE ,ko/events/2014/august/australias-grand-slam-tennis,ko/explore/events/australias-grand-slam-tennis
EVENT ARTICLE ,ko/events/2014/september/surfing-events,ko/explore/events/surfing-events
EVENT ARTICLE ,ko/events/2014/october/australian-theatre,ko/explore/events/australian-theatre
EVENT ARTICLE ,ko/events/2014/november/ashes-2013,ko/explore/events/ashes-2013
EVENT ARTICLE ,ko/events/2014/december/australias-cycling-events,ko/explore/events/australias-cycling-events
EVENT ARTICLE ,ko/events/2014/january/australias-golf-events,ko/explore/events/australias-golf-events
EVENT ARTICLE ,ko/events/2014/february/australias-oceans-swims,ko/explore/events/australias-oceans-swims
EVENT ARTICLE ,ko/events/2014/march/bledisloe-cup,ko/explore/events/bledisloe-cup
EVENT ARTICLE ,ko/events/2014/april/endurance-events,ko/explore/events/endurance-events
EVENT ARTICLE ,ko/events/2014/may/sa-tasting-australia,ko/explore/events/sa-tasting-australia
EVENT ARTICLE ,ko/events/2014/june/australian-opera,ko/explore/events/australian-opera
EVENT ARTICLE ,ko/events/2014/july/sa-outback-cattle-drive,ko/explore/events/sa-outback-cattle-drive
EVENT ARTICLE ,ko/events/2014/august/wa-margaret-river-wine-festival,ko/explore/events/wa-margaret-river-wine-festival
EVENT ARTICLE ,ko/events/2014/september/surf-life-saving-events,ko/explore/events/surf-life-saving-events
CATEGORY,ko/categories/outback-australia,ko/about/australias-landscapes/outback-australia
ARTICLE,ko/places/nsw/mungo,ko/explore/states/nsw/nsw-mungo
ARTICLE,ko/articles/outback,ko/about/australias-landscapes/outback/outback
ARTICLE,ko/articles/houseboating-murray-river,ko/explore/things-to-do/australian-adventure/houseboating-murray-river
ARTICLE,ko/articles/glamping-australia,ko/explore/things-to-do/australian-adventure/glamping-australia
ARTICLE,ko/articles/outback-cattle-drive,ko/explore/events/sa-outback-cattle-drive
CATEGORY,ko/categories/aboriginal-australia,ko/explore/things-to-do/aboriginal-australia
ARTICLE,ko/articles/aboriginal,ko/explore/things-to-do/aboriginal-australia/aboriginal
CITY ,ko/places/nt/alice-springs,ko/explore/cities/alice-springs
CATEGORY,ko/categories/food-and-wine,ko/explore/things-to-do/food-and-wine
ARTICLE,ko/articles/australian-wineries,ko/about/australias-landscapes/australian-wineries
ARTICLE,ko/articles/ultimate-wineries,ko/explore/things-to-do/ultimate-wineries
CATEGORY,ko/categories/art-music-culture,ko/about/culture-history/culture
ARTICLE,ko/articles/australian-art,ko/about/culture-history/australian-art
ARTICLE,ko/articles/shopping,ko/explore/things-to-do/shopping
ARTICLE,ko/articles/shopping/nat-shopping,ko/explore/things-to-do/shopping/nat-shopping
ARTICLE,ko/articles/shopping/nat-australias-markets,ko/explore/things-to-do/shopping/nat-australias-markets
ARTICLE,ko/articles/shopping/australias-opals,ko/explore/things-to-do/shopping/australias-opals
ARTICLE,ko/articles/shopping/australian-souvenirs,ko/explore/things-to-do/shopping/australian-souvenirs
ARTICLE,ko/articles/famous-australians,ko/about/culture-history/famous-australians
CATEGORY,ko/categories/australias-islands,ko/about/australias-landscapes/australias-islands
ARTICLE,ko/places/qld/tangalooma,ko/explore/states/qld/tangalooma
ARTICLE,ko/places/qld/whitsundays-islands,ko/explore/icons/great-barrier-reef/whitsundays-islands
ARTICLE,ko/places/tas/tas-bass-strait-islands,ko/explore/states/tas/tas-bass-strait-islands
ARTICLE,ko/places/nsw/nsw-lord-howe-island,ko/explore/states/nsw/nsw-lord-howe-island
ARTICLE,ko/places/nt/tiwi-islands,ko/about/australias-landscapes/australias-islands/tiwi-islands
CATEGORY,ko/categories/nature and wildlife,ko/about/australias-landscapes/nature
ARTICLE,ko/articles/natural-australia,ko/explore/things-to-do/natural-australia
ARTICLE,ko/articles/nat-australias-rainforests,ko/explore/things-to-do/nature/nat-australias-rainforests
ARTICLE,ko/articles/world-heritage-sites-australia,ko/explore/things-to-do/nature/world-heritage-sites-australia
ARTICLE,ko/facts/plants,ko/about/key-facts/plants
CATEGORY,ko/categories/beaches ,ko/about/australias-landscapes/australian-beaches
ARTICLE,ko/articles/coastal,ko/about/australias-landscapes/coastal
ARTICLE,ko/articles/sydney-beaches,ko/explore/cities/sydney/nsw-sydney-beaches
CATEGORY,ko/categories/australian-sport ,ko/explore/things-to-do/australian-adventure/nat-australian-sport
ARTICLE,ko/articles/australias-stadiums-venues,ko/about/culture-history/australias-stadiums-venues
ARTICLE,ko/articles/great-golf-courses,ko/explore/things-to-do/great-golf-courses
CATEGORY,ko/categories/australian-adventure,ko/explore/things-to-do/australian-adventure
ARTICLE,ko/articles/great-walks,ko/explore/things-to-do/great-walks
ARTICLE,ko/articles/great-luxury-lodges,ko/explore/things-to-do/great-luxury-lodges
CATEGORY  ,ko/categories/youthful-travellers,ko/explore/things-to-do/youthful-travellers
ARTICLE,ko/planning/working-holiday-visa,ko/plan/before-you-go/working-holiday-visa
ARTICLE,ko/planning/working-holiday-visa-faq,ko/plan/before-you-go/working-holiday-visa-faq
ARTICLE,ko/planning/work-study-abroad,ko/plan/before-you-go/work-study-abroad
CATEGORY ,ko/facts,ko/about
CATEGORY ,ko/facts/weather,ko/about/key-facts/weather
ARTICLE,ko/facts/sydney-weather,ko/about/key-facts/weather/sydney-weather
ARTICLE,ko/facts/melbourne-weather,ko/about/key-facts/weather/melbourne-weather
ARTICLE,ko/facts/adelaide-weather,ko/about/key-facts/weather/adelaide-weather
ARTICLE,ko/facts/perth-weather,ko/about/key-facts/weather/perth-weather
ARTICLE,ko/facts/brisbane-weather,ko/about/key-facts/weather/brisbane-weather
ARTICLE,ko/facts/cairns-weather,ko/about/key-facts/weather/cairns-weather
ARTICLE,ko/facts/hobart-weather,ko/about/key-facts/weather/hobart-weather
ARTICLE,ko/facts/canberra-weather,ko/about/key-facts/weather/canberra-weather
ARTICLE,ko/facts/alice-springs-weather,ko/about/key-facts/weather/alice-springs-weather
ARTICLE,ko/facts/broome-weather,ko/about/key-facts/weather/broome-weather
ARTICLE,ko/facts/darwin-weather,ko/about/key-facts/weather/darwin-weather
ARTICLE,ko/facts/gold-coast-weather,ko/about/key-facts/weather/gold-coast-weather
ARTICLE,ko/planning/tips-hazards,ko/plan/while-your-here/tips-hazards
CATEGORY ,ko/facts/australias-seasons,ko/about/australias-landscapes/australias-seasons
ARTICLE,ko/facts/australias-seasons/summer,ko/about/australias-landscapes/australias-seasons/summer
ARTICLE,ko/facts/australias-seasons/autumn,ko/about/australias-landscapes/australias-seasons/autumn
ARTICLE,ko/facts/australias-seasons/winter,ko/about/australias-landscapes/australias-seasons/winter
ARTICLE,ko/facts/australias-seasons/spring,ko/about/australias-landscapes/australias-seasons/spring
ARTICLE,ko/planning/getting-there,ko/plan/plan-your-trip/getting-there
CATEGORY ,ko/planning/planning-a-trip,ko/plan/before-you-go/planning-a-trip
ARTICLE,ko/facts/currency,ko/about/key-facts/currency
ARTICLE,ko/facts/time-zones,ko/about/key-facts/time-zones
ARTICLE,ko/planning/getting-around,ko/plan/while-your-here/getting-around
ARTICLE,ko/planning/road-safety,ko/plan/while-your-here/road-safety
ARTICLE,ko/facts/cities-states-territories,ko/about/key-facts/cities-states-territories
ARTICLE,ko/planning/visa-information,ko/plan/before-you-go/visa-information
ARTICLE,ko/planning/customs-quarantine,ko/plan/before-you-go/customs-quarantine
ASP SEARCH,ko/planning/find-travel-agent,ko/plan/plan-your-trip/find-travel-agent
ARTICLE,ko/facts/emergency-services,ko/about/key-facts/emergency-services
MAP IFRAME,explore,explore
SITE MAP,sitemap,sitemap
PRIVACY POLICY ,privacypolicy,privacypolicy
TERMS&CONDS,terms-conditions,terms-conditions
DISCLAIMER ,disclaimer,disclaimer
CAMPAIGN,nationallandscapes,nationallandscapes
CAMPAIGN,ko/campaigns/nationallandscapes/AustralianAlps,ko/campaigns/nationallandscapes/AustralianAlps.htm
CAMPAIGN,ko/campaigns/nationallandscapes/AustraliasCoastalWilderness,ko/campaigns/nationallandscapes/AustraliasCoastalWilderness.htm
CAMPAIGN,ko/campaigns/nationallandscapes/AustraliasGreenCauldron,ko/campaigns/nationallandscapes/AustraliasGreenCauldron.htm
CAMPAIGN,ko/campaigns/nationallandscapes/FlindersRanges,ko/campaigns/nationallandscapes/FlindersRanges.htm
CAMPAIGN,ko/campaigns/nationallandscapes/AustraliasRedCentre,ko/campaigns/nationallandscapes/AustraliasRedCentre.htm
CAMPAIGN,ko/campaigns/nationallandscapes/GreatBarrierReef,ko/campaigns/nationallandscapes/GreatBarrierReef.htm
CAMPAIGN,ko/campaigns/nationallandscapes/GreatOceanRoad,ko/campaigns/nationallandscapes/GreatOceanRoad.htm
CAMPAIGN,ko/campaigns/nationallandscapes/GreaterBlueMountains,ko/campaigns/nationallandscapes/GreaterBlueMountains.htm
CAMPAIGN,ko/campaigns/nationallandscapes/Great-South-West-Edge,ko/campaigns/nationallandscapes/Great-South-West-Edge.htm
CAMPAIGN,ko/campaigns/nationallandscapes/Australias-Timeless-North,ko/campaigns/nationallandscapes/Australias-Timeless-North.htm
CAMPAIGN,ko/campaigns/nationallandscapes/KangarooIsland,ko/campaigns/nationallandscapes/KangarooIsland.htm
CAMPAIGN,ko/campaigns/nationallandscapes/NingalooSharkBay,ko/campaigns/nationallandscapes/NingalooSharkBay.htm
CAMPAIGN,ko/campaigns/nationallandscapes/SydneyHarbour,ko/campaigns/nationallandscapes/SydneyHarbour.htm
CAMPAIGN,ko/campaigns/nationallandscapes/TasmaniasIslandHeritage,ko/campaigns/nationallandscapes/TasmaniasIslandHeritage.htm
CAMPAIGN,ko/campaigns/nationallandscapes/TheKimberley,ko/campaigns/nationallandscapes/TheKimberley.htm
CAMPAIGN,ko/campaigns/nationallandscapes/wettropics,ko/campaigns/nationallandscapes/wettropics.htm
CAMPAIGN,ko/campaigns/nothinglike/au,ko/campaigns/nothinglike/au/index.htm
CAMPAIGN,ko/campaigns/nothinglike/au/bungle-bungles,ko/campaigns/nothinglike/au/bungle-bungles.htm
CAMPAIGN,ko/campaigns/nothinglike/au/bungle-bungles-product1,ko/campaigns/nothinglike/au/bungle-bungles-product1.htm
CAMPAIGN,ko/campaigns/nothinglike/au/bungle-bungles-product2,ko/campaigns/nothinglike/au/bungle-bungles-product2.htm
CAMPAIGN,ko/campaigns/nothinglike/au/bungle-bungles-product3,ko/campaigns/nothinglike/au/bungle-bungles-product3.htm
CAMPAIGN,ko/campaigns/nothinglike/au/bungle-bungles-product4,ko/campaigns/nothinglike/au/bungle-bungles-product4.htm
CAMPAIGN,ko/campaigns/nothinglike/au/bungle-bungles-product5,ko/campaigns/nothinglike/au/bungle-bungles-product5.htm
CAMPAIGN,ko/campaigns/nothinglike/au/bungle-bungles-product6,ko/campaigns/nothinglike/au/bungle-bungles-product6.htm
CAMPAIGN,ko/campaigns/nothinglike/au/bungle-bungles-product7,ko/campaigns/nothinglike/au/bungle-bungles-product7.htm
CAMPAIGN,ko/campaigns/nothinglike/au/bungle-bungles-product8,ko/campaigns/nothinglike/au/bungle-bungles-product8.htm
CAMPAIGN,ko/campaigns/nothinglike/au/bungle-bungles-product9,ko/campaigns/nothinglike/au/bungle-bungles-product9.htm
CAMPAIGN,ko/campaigns/nothinglike/au/bungle-bungles-product10,ko/campaigns/nothinglike/au/bungle-bungles-product10.htm
CAMPAIGN,ko/campaigns/nothinglike/au/bungle-bungles-itinerary,ko/campaigns/nothinglike/au/bungle-bungles-itinerary.htm
CAMPAIGN,ko/campaigns/nothinglike/au/bungle-bungles-itinerary2,ko/campaigns/nothinglike/au/bungle-bungles-itinerary2.htm
CAMPAIGN,ko/campaigns/nothinglike/au/bungle-bungles-itinerary3,ko/campaigns/nothinglike/au/bungle-bungles-itinerary3.htm
CAMPAIGN,ko/campaigns/nothinglike/au/bungle-bungles-itinerary4,ko/campaigns/nothinglike/au/bungle-bungles-itinerary4.htm
CAMPAIGN,ko/campaigns/nothinglike/au/bungle-bungles-experiences,ko/campaigns/nothinglike/au/bungle-bungles-experiences.htm
CAMPAIGN,ko/campaigns/nothinglike/au/canberra,ko/campaigns/nothinglike/au/canberra.htm
CAMPAIGN,ko/campaigns/nothinglike/au/canberra-product1,ko/campaigns/nothinglike/au/canberra-product1.htm
CAMPAIGN,ko/campaigns/nothinglike/au/canberra-product2,ko/campaigns/nothinglike/au/canberra-product2.htm
CAMPAIGN,ko/campaigns/nothinglike/au/canberra-product3,ko/campaigns/nothinglike/au/canberra-product3.htm
CAMPAIGN,ko/campaigns/nothinglike/au/canberra-product4,ko/campaigns/nothinglike/au/canberra-product4.htm
CAMPAIGN,ko/campaigns/nothinglike/au/canberra-product5,ko/campaigns/nothinglike/au/canberra-product5.htm
CAMPAIGN,ko/campaigns/nothinglike/au/canberra-product6,ko/campaigns/nothinglike/au/canberra-product6.htm
CAMPAIGN,ko/campaigns/nothinglike/au/canberra-product7,ko/campaigns/nothinglike/au/canberra-product7.htm
CAMPAIGN,ko/campaigns/nothinglike/au/canberra-product8,ko/campaigns/nothinglike/au/canberra-product8.htm
CAMPAIGN,ko/campaigns/nothinglike/au/canberra-product9,ko/campaigns/nothinglike/au/canberra-product9.htm
CAMPAIGN,ko/campaigns/nothinglike/au/canberra-product10,ko/campaigns/nothinglike/au/canberra-product10.htm
CAMPAIGN,ko/campaigns/nothinglike/au/canberra-product11,ko/campaigns/nothinglike/au/canberra-product11.htm
CAMPAIGN,ko/campaigns/nothinglike/au/canberra-itinerary,ko/campaigns/nothinglike/au/canberra-itinerary.htm
CAMPAIGN,ko/campaigns/nothinglike/au/canberra-itinerary2,ko/campaigns/nothinglike/au/canberra-itinerary2.htm
CAMPAIGN,ko/campaigns/nothinglike/au/canberra-itinerary3,ko/campaigns/nothinglike/au/canberra-itinerary3.htm
CAMPAIGN,ko/campaigns/nothinglike/au/canberra-itinerary4,ko/campaigns/nothinglike/au/canberra-itinerary4.htm
CAMPAIGN,ko/campaigns/nothinglike/au/canberra-experiences,ko/campaigns/nothinglike/au/canberra-experiences.htm
CAMPAIGN,ko/campaigns/nothinglike/au/cape-leveque,ko/campaigns/nothinglike/au/cape-leveque.htm
CAMPAIGN,ko/campaigns/nothinglike/au/cape-leveque-product1,ko/campaigns/nothinglike/au/cape-leveque-product1.htm
CAMPAIGN,ko/campaigns/nothinglike/au/cape-leveque-product2,ko/campaigns/nothinglike/au/cape-leveque-product2.htm
CAMPAIGN,ko/campaigns/nothinglike/au/cape-leveque-product3,ko/campaigns/nothinglike/au/cape-leveque-product3.htm
CAMPAIGN,ko/campaigns/nothinglike/au/cape-leveque-product4,ko/campaigns/nothinglike/au/cape-leveque-product4.htm
CAMPAIGN,ko/campaigns/nothinglike/au/cape-leveque-product5,ko/campaigns/nothinglike/au/cape-leveque-product5.htm
CAMPAIGN,ko/campaigns/nothinglike/au/cape-leveque-product6,ko/campaigns/nothinglike/au/cape-leveque-product6.htm
CAMPAIGN,ko/campaigns/nothinglike/au/cape-leveque-product7,ko/campaigns/nothinglike/au/cape-leveque-product7.htm
CAMPAIGN,ko/campaigns/nothinglike/au/cape-leveque-product8,ko/campaigns/nothinglike/au/cape-leveque-product8.htm
CAMPAIGN,ko/campaigns/nothinglike/au/cape-leveque-product9,ko/campaigns/nothinglike/au/cape-leveque-product9.htm
CAMPAIGN,ko/campaigns/nothinglike/au/cape-leveque-product10,ko/campaigns/nothinglike/au/cape-leveque-product10.htm
CAMPAIGN,ko/campaigns/nothinglike/au/cape-leveque-itinerary,ko/campaigns/nothinglike/au/cape-leveque-itinerary.htm
CAMPAIGN,ko/campaigns/nothinglike/au/cape-leveque-itinerary2,ko/campaigns/nothinglike/au/cape-leveque-itinerary2.htm
CAMPAIGN,ko/campaigns/nothinglike/au/cape-leveque-itinerary3,ko/campaigns/nothinglike/au/cape-leveque-itinerary3.htm
CAMPAIGN,ko/campaigns/nothinglike/au/cape-leveque-itinerary4,ko/campaigns/nothinglike/au/cape-leveque-itinerary4.htm
CAMPAIGN,ko/campaigns/nothinglike/au/cape-leveque-itinerary5,ko/campaigns/nothinglike/au/cape-leveque-itinerary5.htm
CAMPAIGN,ko/campaigns/nothinglike/au/cape-leveque-experiences,ko/campaigns/nothinglike/au/cape-leveque-experiences.htm
CAMPAIGN,ko/campaigns/nothinglike/au/el-questro,ko/campaigns/nothinglike/au/el-questro.htm
CAMPAIGN,ko/campaigns/nothinglike/au/el-questro-product1,ko/campaigns/nothinglike/au/el-questro-product1.htm
CAMPAIGN,ko/campaigns/nothinglike/au/el-questro-product2,ko/campaigns/nothinglike/au/el-questro-product2.htm
CAMPAIGN,ko/campaigns/nothinglike/au/el-questro-product3,ko/campaigns/nothinglike/au/el-questro-product3.htm
CAMPAIGN,ko/campaigns/nothinglike/au/el-questro-product4,ko/campaigns/nothinglike/au/el-questro-product4.htm
CAMPAIGN,ko/campaigns/nothinglike/au/el-questro-product5,ko/campaigns/nothinglike/au/el-questro-product5.htm
CAMPAIGN,ko/campaigns/nothinglike/au/el-questro-product6,ko/campaigns/nothinglike/au/el-questro-product6.htm
CAMPAIGN,ko/campaigns/nothinglike/au/el-questro-product7,ko/campaigns/nothinglike/au/el-questro-product7.htm
CAMPAIGN,ko/campaigns/nothinglike/au/el-questro-product8,ko/campaigns/nothinglike/au/el-questro-product8.htm
CAMPAIGN,ko/campaigns/nothinglike/au/el-questro-product9,ko/campaigns/nothinglike/au/el-questro-product9.htm
CAMPAIGN,ko/campaigns/nothinglike/au/el-questro-product10,ko/campaigns/nothinglike/au/el-questro-product10.htm
CAMPAIGN,ko/campaigns/nothinglike/au/el-questro-itinerary,ko/campaigns/nothinglike/au/el-questro-itinerary.htm
CAMPAIGN,ko/campaigns/nothinglike/au/el-questro-itinerary2,ko/campaigns/nothinglike/au/el-questro-itinerary2.htm
CAMPAIGN,ko/campaigns/nothinglike/au/el-questro-itinerary3,ko/campaigns/nothinglike/au/el-questro-itinerary3.htm
CAMPAIGN,ko/campaigns/nothinglike/au/el-questro-itinerary4,ko/campaigns/nothinglike/au/el-questro-itinerary4.htm
CAMPAIGN,ko/campaigns/nothinglike/au/el-questro-experiences,ko/campaigns/nothinglike/au/el-questro-experiences.htm
CAMPAIGN,ko/campaigns/nothinglike/au/freycinet,ko/campaigns/nothinglike/au/freycinet.htm
CAMPAIGN,ko/campaigns/nothinglike/au/freycinet-product1,ko/campaigns/nothinglike/au/freycinet-product1.htm
CAMPAIGN,ko/campaigns/nothinglike/au/freycinet-product2,ko/campaigns/nothinglike/au/freycinet-product2.htm
CAMPAIGN,ko/campaigns/nothinglike/au/freycinet-product3,ko/campaigns/nothinglike/au/freycinet-product3.htm
CAMPAIGN,ko/campaigns/nothinglike/au/freycinet-product5,ko/campaigns/nothinglike/au/freycinet-product5.htm
CAMPAIGN,ko/campaigns/nothinglike/au/freycinet-product6,ko/campaigns/nothinglike/au/freycinet-product6.htm
CAMPAIGN,ko/campaigns/nothinglike/au/freycinet-product7,ko/campaigns/nothinglike/au/freycinet-product7.htm
CAMPAIGN,ko/campaigns/nothinglike/au/freycinet-product8,ko/campaigns/nothinglike/au/freycinet-product8.htm
CAMPAIGN,ko/campaigns/nothinglike/au/freycinet-product9,ko/campaigns/nothinglike/au/freycinet-product9.htm
CAMPAIGN,ko/campaigns/nothinglike/au/freycinet-product10,ko/campaigns/nothinglike/au/freycinet-product10.htm
CAMPAIGN,ko/campaigns/nothinglike/au/freycinet-itinerary,ko/campaigns/nothinglike/au/freycinet-itinerary.htm
CAMPAIGN,ko/campaigns/nothinglike/au/freycinet-itinerary2,ko/campaigns/nothinglike/au/freycinet-itinerary2.htm
CAMPAIGN,ko/campaigns/nothinglike/au/freycinet-itinerary3,ko/campaigns/nothinglike/au/freycinet-itinerary3.htm
CAMPAIGN,ko/campaigns/nothinglike/au/freycinet-itinerary4,ko/campaigns/nothinglike/au/freycinet-itinerary4.htm
CAMPAIGN,ko/campaigns/nothinglike/au/freycinet-itinerary5,ko/campaigns/nothinglike/au/freycinet-itinerary5.htm
CAMPAIGN,ko/campaigns/nothinglike/au/freycinet-experiences,ko/campaigns/nothinglike/au/freycinet-experiences.htm
CAMPAIGN,ko/campaigns/nothinglike/au/gold-coast,ko/campaigns/nothinglike/au/gold-coast.htm
CAMPAIGN,ko/campaigns/nothinglike/au/gold-coast-product1,ko/campaigns/nothinglike/au/gold-coast-product1.htm
CAMPAIGN,ko/campaigns/nothinglike/au/gold-coast-product2,ko/campaigns/nothinglike/au/gold-coast-product2.htm
CAMPAIGN,ko/campaigns/nothinglike/au/gold-coast-product3,ko/campaigns/nothinglike/au/gold-coast-product3.htm
CAMPAIGN,ko/campaigns/nothinglike/au/gold-coast-product4,ko/campaigns/nothinglike/au/gold-coast-product4.htm
CAMPAIGN,ko/campaigns/nothinglike/au/gold-coast-product5,ko/campaigns/nothinglike/au/gold-coast-product5.htm
CAMPAIGN,ko/campaigns/nothinglike/au/gold-coast-product6,ko/campaigns/nothinglike/au/gold-coast-product6.htm
CAMPAIGN,ko/campaigns/nothinglike/au/gold-coast-product7,ko/campaigns/nothinglike/au/gold-coast-product7.htm
CAMPAIGN,ko/campaigns/nothinglike/au/gold-coast-product8,ko/campaigns/nothinglike/au/gold-coast-product8.htm
CAMPAIGN,ko/campaigns/nothinglike/au/gold-coast-product9,ko/campaigns/nothinglike/au/gold-coast-product9.htm
CAMPAIGN,ko/campaigns/nothinglike/au/gold-coast-product10,ko/campaigns/nothinglike/au/gold-coast-product10.htm
CAMPAIGN,ko/campaigns/nothinglike/au/gold-coast-itinerary,ko/campaigns/nothinglike/au/gold-coast-itinerary.htm
CAMPAIGN,ko/campaigns/nothinglike/au/gold-coast-itinerary2,ko/campaigns/nothinglike/au/gold-coast-itinerary2.htm
CAMPAIGN,ko/campaigns/nothinglike/au/gold-coast-itinerary3,ko/campaigns/nothinglike/au/gold-coast-itinerary3.htm
CAMPAIGN,ko/campaigns/nothinglike/au/gold-coast-itinerary4,ko/campaigns/nothinglike/au/gold-coast-itinerary4.htm
CAMPAIGN,ko/campaigns/nothinglike/au/gold-coast-experiences,ko/campaigns/nothinglike/au/gold-coast-experiences.htm
CAMPAIGN,ko/campaigns/nothinglike/au/great-ocean-road,ko/campaigns/nothinglike/au/great-ocean-road.htm
CAMPAIGN,ko/campaigns/nothinglike/au/great-ocean-road-product1,ko/campaigns/nothinglike/au/great-ocean-road-product1.htm
CAMPAIGN,ko/campaigns/nothinglike/au/great-ocean-road-product2,ko/campaigns/nothinglike/au/great-ocean-road-product2.htm
CAMPAIGN,ko/campaigns/nothinglike/au/great-ocean-road-product3,ko/campaigns/nothinglike/au/great-ocean-road-product3.htm
CAMPAIGN,ko/campaigns/nothinglike/au/great-ocean-road-product4,ko/campaigns/nothinglike/au/great-ocean-road-product4.htm
CAMPAIGN,ko/campaigns/nothinglike/au/great-ocean-road-product5,ko/campaigns/nothinglike/au/great-ocean-road-product5.htm
CAMPAIGN,ko/campaigns/nothinglike/au/great-ocean-road-product6,ko/campaigns/nothinglike/au/great-ocean-road-product6.htm
CAMPAIGN,ko/campaigns/nothinglike/au/great-ocean-road-product7,ko/campaigns/nothinglike/au/great-ocean-road-product7.htm
CAMPAIGN,ko/campaigns/nothinglike/au/great-ocean-road-product8,ko/campaigns/nothinglike/au/great-ocean-road-product8.htm
CAMPAIGN,ko/campaigns/nothinglike/au/great-ocean-road-itinerary,ko/campaigns/nothinglike/au/great-ocean-road-itinerary.htm
CAMPAIGN,ko/campaigns/nothinglike/au/great-ocean-road-itinerary2,ko/campaigns/nothinglike/au/great-ocean-road-itinerary2.htm
CAMPAIGN,ko/campaigns/nothinglike/au/great-ocean-road-itinerary3,ko/campaigns/nothinglike/au/great-ocean-road-itinerary3.htm
CAMPAIGN,ko/campaigns/nothinglike/au/great-ocean-road-itinerary4,ko/campaigns/nothinglike/au/great-ocean-road-itinerary4.htm
CAMPAIGN,ko/campaigns/nothinglike/au/great-ocean-road-itinerary5,ko/campaigns/nothinglike/au/great-ocean-road-itinerary5.htm
CAMPAIGN,ko/campaigns/nothinglike/au/great-ocean-road-experiences,ko/campaigns/nothinglike/au/great-ocean-road-experiences.htm
CAMPAIGN,ko/campaigns/nothinglike/au/hayman-island,ko/campaigns/nothinglike/au/hayman-island.htm
CAMPAIGN,ko/campaigns/nothinglike/au/hayman-island-product1,ko/campaigns/nothinglike/au/hayman-island-product1.htm
CAMPAIGN,ko/campaigns/nothinglike/au/hayman-island-product2,ko/campaigns/nothinglike/au/hayman-island-product2.htm
CAMPAIGN,ko/campaigns/nothinglike/au/hayman-island-product3,ko/campaigns/nothinglike/au/hayman-island-product3.htm
CAMPAIGN,ko/campaigns/nothinglike/au/hayman-island-product4,ko/campaigns/nothinglike/au/hayman-island-product4.htm
CAMPAIGN,ko/campaigns/nothinglike/au/hayman-island-product6,ko/campaigns/nothinglike/au/hayman-island-product6.htm
CAMPAIGN,ko/campaigns/nothinglike/au/hayman-island-product7,ko/campaigns/nothinglike/au/hayman-island-product7.htm
CAMPAIGN,ko/campaigns/nothinglike/au/hayman-island-product8,ko/campaigns/nothinglike/au/hayman-island-product8.htm
CAMPAIGN,ko/campaigns/nothinglike/au/hayman-island-product9,ko/campaigns/nothinglike/au/hayman-island-product9.htm
CAMPAIGN,ko/campaigns/nothinglike/au/hayman-island-product10,ko/campaigns/nothinglike/au/hayman-island-product10.htm
CAMPAIGN,ko/campaigns/nothinglike/au/hayman-island-itinerary,ko/campaigns/nothinglike/au/hayman-island-itinerary.htm
CAMPAIGN,ko/campaigns/nothinglike/au/hayman-island-itinerary2,ko/campaigns/nothinglike/au/hayman-island-itinerary2.htm
CAMPAIGN,ko/campaigns/nothinglike/au/hayman-island-itinerary3,ko/campaigns/nothinglike/au/hayman-island-itinerary3.htm
CAMPAIGN,ko/campaigns/nothinglike/au/hayman-island-itinerary4,ko/campaigns/nothinglike/au/hayman-island-itinerary4.htm
CAMPAIGN,ko/campaigns/nothinglike/au/hayman-island-experiences,ko/campaigns/nothinglike/au/hayman-island-experiences.htm
CAMPAIGN,ko/campaigns/nothinglike/au/kangaroo-island,ko/campaigns/nothinglike/au/kangaroo-island.htm
CAMPAIGN,ko/campaigns/nothinglike/au/kangaroo-island-product1,ko/campaigns/nothinglike/au/kangaroo-island-product1.htm
CAMPAIGN,ko/campaigns/nothinglike/au/kangaroo-island-product2,ko/campaigns/nothinglike/au/kangaroo-island-product2.htm
CAMPAIGN,ko/campaigns/nothinglike/au/kangaroo-island-product3,ko/campaigns/nothinglike/au/kangaroo-island-product3.htm
CAMPAIGN,ko/campaigns/nothinglike/au/kangaroo-island-product4,ko/campaigns/nothinglike/au/kangaroo-island-product4.htm
CAMPAIGN,ko/campaigns/nothinglike/au/kangaroo-island-product5,ko/campaigns/nothinglike/au/kangaroo-island-product5.htm
CAMPAIGN,ko/campaigns/nothinglike/au/kangaroo-island-product6,ko/campaigns/nothinglike/au/kangaroo-island-product6.htm
CAMPAIGN,ko/campaigns/nothinglike/au/kangaroo-island-product7,ko/campaigns/nothinglike/au/kangaroo-island-product7.htm
CAMPAIGN,ko/campaigns/nothinglike/au/kangaroo-island-product8,ko/campaigns/nothinglike/au/kangaroo-island-product8.htm
CAMPAIGN,ko/campaigns/nothinglike/au/kangaroo-island-product9,ko/campaigns/nothinglike/au/kangaroo-island-product9.htm
CAMPAIGN,ko/campaigns/nothinglike/au/kangaroo-island-product10,ko/campaigns/nothinglike/au/kangaroo-island-product10.htm
CAMPAIGN,ko/campaigns/nothinglike/au/kangaroo-island-itinerary,ko/campaigns/nothinglike/au/kangaroo-island-itinerary.htm
CAMPAIGN,ko/campaigns/nothinglike/au/kangaroo-island-itinerary2,ko/campaigns/nothinglike/au/kangaroo-island-itinerary2.htm
CAMPAIGN,ko/campaigns/nothinglike/au/kangaroo-island-itinerary3,ko/campaigns/nothinglike/au/kangaroo-island-itinerary3.htm
CAMPAIGN,ko/campaigns/nothinglike/au/kangaroo-island-experiences,ko/campaigns/nothinglike/au/kangaroo-island-experiences.htm
CAMPAIGN,ko/campaigns/nothinglike/au/lizard-island,ko/campaigns/nothinglike/au/lizard-island.htm
CAMPAIGN,ko/campaigns/nothinglike/au/lizard-island-product1,ko/campaigns/nothinglike/au/lizard-island-product1.htm
CAMPAIGN,ko/campaigns/nothinglike/au/lizard-island-product2,ko/campaigns/nothinglike/au/lizard-island-product2.htm
CAMPAIGN,ko/campaigns/nothinglike/au/lizard-island-product3,ko/campaigns/nothinglike/au/lizard-island-product3.htm
CAMPAIGN,ko/campaigns/nothinglike/au/lizard-island-product5,ko/campaigns/nothinglike/au/lizard-island-product5.htm
CAMPAIGN,ko/campaigns/nothinglike/au/lizard-island-product6,ko/campaigns/nothinglike/au/lizard-island-product6.htm
CAMPAIGN,ko/campaigns/nothinglike/au/lizard-island-product7,ko/campaigns/nothinglike/au/lizard-island-product7.htm
CAMPAIGN,ko/campaigns/nothinglike/au/lizard-island-product8,ko/campaigns/nothinglike/au/lizard-island-product8.htm
CAMPAIGN,ko/campaigns/nothinglike/au/lizard-island-product9,ko/campaigns/nothinglike/au/lizard-island-product9.htm
CAMPAIGN,ko/campaigns/nothinglike/au/melbourne,ko/campaigns/nothinglike/au/melbourne.htm
CAMPAIGN,ko/campaigns/nothinglike/au/melbourne-product1,ko/campaigns/nothinglike/au/melbourne-product1.htm
CAMPAIGN,ko/campaigns/nothinglike/au/melbourne-product2,ko/campaigns/nothinglike/au/melbourne-product2.htm
CAMPAIGN,ko/campaigns/nothinglike/au/melbourne-product3,ko/campaigns/nothinglike/au/melbourne-product3.htm
CAMPAIGN,ko/campaigns/nothinglike/au/melbourne-product4,ko/campaigns/nothinglike/au/melbourne-product4.htm
CAMPAIGN,ko/campaigns/nothinglike/au/melbourne-product5,ko/campaigns/nothinglike/au/melbourne-product5.htm
CAMPAIGN,ko/campaigns/nothinglike/au/melbourne-product6,ko/campaigns/nothinglike/au/melbourne-product6.htm
CAMPAIGN,ko/campaigns/nothinglike/au/melbourne-product7,ko/campaigns/nothinglike/au/melbourne-product7.htm
CAMPAIGN,ko/campaigns/nothinglike/au/melbourne-product8,ko/campaigns/nothinglike/au/melbourne-product8.htm
CAMPAIGN,ko/campaigns/nothinglike/au/melbourne-product9,ko/campaigns/nothinglike/au/melbourne-product9.htm
CAMPAIGN,ko/campaigns/nothinglike/au/melbourne-product10,ko/campaigns/nothinglike/au/melbourne-product10.htm
CAMPAIGN,ko/campaigns/nothinglike/au/melbourne-itinerary,ko/campaigns/nothinglike/au/melbourne-itinerary.htm
CAMPAIGN,ko/campaigns/nothinglike/au/melbourne-itinerary2,ko/campaigns/nothinglike/au/melbourne-itinerary2.htm
CAMPAIGN,ko/campaigns/nothinglike/au/melbourne-itinerary3,ko/campaigns/nothinglike/au/melbourne-itinerary3.htm
CAMPAIGN,ko/campaigns/nothinglike/au/melbourne-itinerary4,ko/campaigns/nothinglike/au/melbourne-itinerary4.htm
CAMPAIGN,ko/campaigns/nothinglike/au/melbourne-experiences,ko/campaigns/nothinglike/au/melbourne-experiences.htm
CAMPAIGN,ko/campaigns/nothinglike/au/sydney,ko/campaigns/nothinglike/au/sydney.htm
CAMPAIGN,ko/campaigns/nothinglike/au/sydney-product1,ko/campaigns/nothinglike/au/sydney-product1.htm
CAMPAIGN,ko/campaigns/nothinglike/au/sydney-product2,ko/campaigns/nothinglike/au/sydney-product2.htm
CAMPAIGN,ko/campaigns/nothinglike/au/sydney-product3,ko/campaigns/nothinglike/au/sydney-product3.htm
CAMPAIGN,ko/campaigns/nothinglike/au/sydney-product4,ko/campaigns/nothinglike/au/sydney-product4.htm
CAMPAIGN,ko/campaigns/nothinglike/au/sydney-product5,ko/campaigns/nothinglike/au/sydney-product5.htm
CAMPAIGN,ko/campaigns/nothinglike/au/sydney-product6,ko/campaigns/nothinglike/au/sydney-product6.htm
CAMPAIGN,ko/campaigns/nothinglike/au/sydney-product7,ko/campaigns/nothinglike/au/sydney-product7.htm
CAMPAIGN,ko/campaigns/nothinglike/au/sydney-product8,ko/campaigns/nothinglike/au/sydney-product8.htm
CAMPAIGN,ko/campaigns/nothinglike/au/sydney-product9,ko/campaigns/nothinglike/au/sydney-product9.htm
CAMPAIGN,ko/campaigns/nothinglike/au/sydney-product10,ko/campaigns/nothinglike/au/sydney-product10.htm
CAMPAIGN,ko/campaigns/nothinglike/au/sydney-product11,ko/campaigns/nothinglike/au/sydney-product11.htm
CAMPAIGN,ko/campaigns/nothinglike/au/sydney-itinerary,ko/campaigns/nothinglike/au/sydney-itinerary.htm
CAMPAIGN,ko/campaigns/nothinglike/au/sydney-itinerary2,ko/campaigns/nothinglike/au/sydney-itinerary2.htm
CAMPAIGN,ko/campaigns/nothinglike/au/sydney-itinerary3,ko/campaigns/nothinglike/au/sydney-itinerary3.htm
CAMPAIGN,ko/campaigns/nothinglike/au/sydney-itinerary4,ko/campaigns/nothinglike/au/sydney-itinerary4.htm
CAMPAIGN,ko/campaigns/nothinglike/au/sydney-experiences,ko/campaigns/nothinglike/au/sydney-experiences.htm
CAMPAIGN,ko/campaigns/nothinglike/au/uluru,ko/campaigns/nothinglike/au/uluru.htm
CAMPAIGN,ko/campaigns/nothinglike/au/uluru-product1,ko/campaigns/nothinglike/au/uluru-product1.htm
CAMPAIGN,ko/campaigns/nothinglike/au/uluru-product2,ko/campaigns/nothinglike/au/uluru-product2.htm
CAMPAIGN,ko/campaigns/nothinglike/au/uluru-product3,ko/campaigns/nothinglike/au/uluru-product3.htm
CAMPAIGN,ko/campaigns/nothinglike/au/uluru-product4,ko/campaigns/nothinglike/au/uluru-product4.htm
CAMPAIGN,ko/campaigns/nothinglike/au/uluru-product5,ko/campaigns/nothinglike/au/uluru-product5.htm
CAMPAIGN,ko/campaigns/nothinglike/au/uluru-product6,ko/campaigns/nothinglike/au/uluru-product6.htm
CAMPAIGN,ko/campaigns/nothinglike/au/uluru-product7,ko/campaigns/nothinglike/au/uluru-product7.htm
CAMPAIGN,ko/campaigns/nothinglike/au/uluru-product8,ko/campaigns/nothinglike/au/uluru-product8.htm
CAMPAIGN,ko/campaigns/nothinglike/au/uluru-product9,ko/campaigns/nothinglike/au/uluru-product9.htm
CAMPAIGN,ko/campaigns/nothinglike/au/uluru-itinerary,ko/campaigns/nothinglike/au/uluru-itinerary.htm
CAMPAIGN,ko/campaigns/nothinglike/au/uluru-experiences,ko/campaigns/nothinglike/au/uluru-experiences.htm
CAMPAIGN,ko/campaigns/nothinglike/au/wolgan-valley,ko/campaigns/nothinglike/au/wolgan-valley.htm
CAMPAIGN,ko/campaigns/nothinglike/au/wolgan-valley-product1,ko/campaigns/nothinglike/au/wolgan-valley-product1.htm
CAMPAIGN,ko/campaigns/nothinglike/au/wolgan-valley-product2,ko/campaigns/nothinglike/au/wolgan-valley-product2.htm
CAMPAIGN,ko/campaigns/nothinglike/au/wolgan-valley-product3,ko/campaigns/nothinglike/au/wolgan-valley-product3.htm
CAMPAIGN,ko/campaigns/nothinglike/au/wolgan-valley-product4,ko/campaigns/nothinglike/au/wolgan-valley-product4.htm
CAMPAIGN,ko/campaigns/nothinglike/au/wolgan-valley-product5,ko/campaigns/nothinglike/au/wolgan-valley-product5.htm
CAMPAIGN,ko/campaigns/nothinglike/au/wolgan-valley-product6,ko/campaigns/nothinglike/au/wolgan-valley-product6.htm
CAMPAIGN,ko/campaigns/nothinglike/au/wolgan-valley-product7,ko/campaigns/nothinglike/au/wolgan-valley-product7.htm
CAMPAIGN,ko/campaigns/nothinglike/au/wolgan-valley-product8,ko/campaigns/nothinglike/au/wolgan-valley-product8.htm
CAMPAIGN,ko/campaigns/nothinglike/au/wolgan-valley-product9,ko/campaigns/nothinglike/au/wolgan-valley-product9.htm
CAMPAIGN,ko/campaigns/nothinglike/au/wolgan-valley-product10,ko/campaigns/nothinglike/au/wolgan-valley-product10.htm
CAMPAIGN,ko/campaigns/nothinglike/au/wolgan-valley-itinerary,ko/campaigns/nothinglike/au/wolgan-valley-itinerary.htm
CAMPAIGN,ko/campaigns/nothinglike/au/wolgan-valley-itinerary2,ko/campaigns/nothinglike/au/wolgan-valley-itinerary2.htm
CAMPAIGN,ko/campaigns/nothinglike/au/wolgan-valley-itinerary3,ko/campaigns/nothinglike/au/wolgan-valley-itinerary3.htm
CAMPAIGN,ko/campaigns/nothinglike/au/wolgan-valley-itinerary4,ko/campaigns/nothinglike/au/wolgan-valley-itinerary4.htm
CAMPAIGN,ko/campaigns/nothinglike/au/wolgan-valley-itinerary5,ko/campaigns/nothinglike/au/wolgan-valley-itinerary5.htm
CAMPAIGN,ko/campaigns/nothinglike/au/wolgan-valley-itinerary6,ko/campaigns/nothinglike/au/wolgan-valley-itinerary6.htm
CAMPAIGN,ko/campaigns/nothinglike/au/wolgan-valley-experiences,ko/campaigns/nothinglike/au/wolgan-valley-experiences.htm
ARTICLE,ko/planning/australian-public-holidays,ko/plan/before-you-go/australian-public-holidays
ARTICLE,ko/planning/australian-school-holidays,ko/plan/before-you-go/australian-school-holidays
ARTICLE,ko/planning/health-safety,ko/plan/before-you-go/health-safety
ARTICLE,ko/planning/useful-tips,ko/plan/before-you-go/useful-tips
ARTICLE,ko/articles/australias-animals,ko/about/key-facts/australias-animals
ARTICLE,ko/articles/heritage-attractions,ko/about/culture-history/australian-culture/heritage-attractions
ARTICLE,ko/planning/backpacker-essentials,ko/plan/before-you-go/work-volunteer-study/backpacker-essentials
ARTICLE,ko/planning/backpacker-precincts,ko/plan/before-you-go/work-volunteer-study/backpacker-precincts
ARTICLE,ko/planning/youth-visa,ko/plan/before-you-go/work-volunteer-study/youth-visa
ARTICLE,ko/planning/planning-a-trip,ko/plan/before-you-go/planning-a-trip
ARTICLE,ko/articles/foa-holiday-favourites-au,foa-holiday-favourites-au
ARTICLE,ko/articles/foa-holiday-favourites-john-bertrand-au,foa-holiday-favourites-john-bertrand-au
ARTICLE,ko/articles/foa-holiday-favourites-terri-irwin-au,foa-holiday-favourites-terri-irwin-au
ARTICLE,ko/articles/foa-holiday-favourites-david-whitehill-au,foa-holiday-favourites-david-whitehill-au
ARTICLE,ko/articles/foa-holiday-favourites-steve-liebman-au,foa-holiday-favourites-steve-liebman-au
ARTICLE,ko/articles/foa-holiday-favourites-sophie-falkiner-au,foa-holiday-favourites-sophie-falkiner-au
CAMPAIGN,ko/campaigns/makingtracks/index,ko/campaigns/makingtracks/index.htm
CAMPAIGN,ko/campaigns/makingtracks/meet-the-musician-Andy-Bull,ko/campaigns/makingtracks/meet-the-musician-Andy-Bull.htm
CAMPAIGN,ko/campaigns/makingtracks/meet-the-musician-Desmond-NeySmith,ko/campaigns/makingtracks/meet-the-musician-Desmond-NeySmith.htm
CAMPAIGN,ko/campaigns/makingtracks/meet-the-musician-Dewayne-Everett-Smith,ko/campaigns/makingtracks/meet-the-musician-Dewayne-Everett-Smith.htm
CAMPAIGN,ko/campaigns/makingtracks/meet-the-musician-Irene-Chen,ko/campaigns/makingtracks/meet-the-musician-Irene-Chen.htm
CAMPAIGN,ko/campaigns/makingtracks/meet-the-musician-Jasmine-Beam,ko/campaigns/makingtracks/meet-the-musician-Jasmine-Beam.htm
CAMPAIGN,ko/campaigns/makingtracks/meet-the-musician-Luke-Web,ko/campaigns/makingtracks/meet-the-musician-Luke-Web.htm
CAMPAIGN,ko/campaigns/makingtracks/meet-the-musician-Samuel-Blair,ko/campaigns/makingtracks/meet-the-musician-Samuel-Blair.htm
CAMPAIGN,ko/campaigns/makingtracks/meet-the-musician-Stu-Cullen,ko/campaigns/makingtracks/meet-the-musician-Stu-Cullen.htm
CAMPAIGN,ko/campaigns/makingtracks/musical-pairs-luke-desmond,ko/campaigns/makingtracks/musical-pairs-luke-desmond.htm
CAMPAIGN,ko/campaigns/makingtracks/musical-pairs-andy-irene,ko/campaigns/makingtracks/musical-pairs-andy-irene.htm
CAMPAIGN,ko/campaigns/makingtracks/musical-pairs-dewayne-jasmine,ko/campaigns/makingtracks/musical-pairs-dewayne-jasmine.htm
CAMPAIGN,ko/campaigns/makingtracks/musical-pairs-stu-samuel,ko/campaigns/makingtracks/musical-pairs-stu-samuel.htm