ICON,my/places/great-barrier-reef,my/explore/icons/great-barrier-reef
ICON,my/places/red-centre,my/explore/icons/red-centre
ICON,my/places/great-ocean-road,my/explore/icons/great-ocean-road
ICON,my/places/kakadu,my/explore/icons/kakadu
ICON,my/places/kimberley,my/explore/icons/kimberley
ICON,my/places/kangaroo-island,my/explore/icons/kangaroo-island
ICON,my/places/byron-bay,my/explore/icons/byron-bay
ICON,my/places/tas-wilderness,my/explore/icons/tas-wilderness
ICON,my/places/alps,my/explore/icons/alps
ICON,my/places/ningaloo,my/explore/icons/ningaloo
ICON,my/places/flinders,my/explore/icons/flinders
ICON,my/places/fraser-island,my/explore/icons/fraser-island
ICON,my/places/freycinet,my/explore/icons/freycinet
ICON,my/places/gippsland,my/explore/icons/gippsland
ICON,my/places/blue-mountains,my/explore/icons/blue-mountains
ICON,my/places/namadgi,my/explore/icons/namadgi
CITY,my/places/sydney,my/explore/cities/sydney
CITY,my/places/melbourne,my/explore/cities/melbourne
CITY,my/places/brisbane,my/explore/cities/brisbane
CITY,my/places/perth,my/explore/cities/perth
CITY,my/places/darwin,my/explore/cities/darwin
CITY,my/places/adelaide,my/explore/cities/adelaide
CITY,my/places/hobart,my/explore/cities/hobart
CITY,my/places/canberra,my/explore/cities/canberra
CITY,my/places/gold-coast,my/explore/cities/gold-coast
CITY,my/places/cairns,my/explore/cities/cairns
CITY,my/places/alice-springs,my/explore/cities/alice-springs
CITY,my/places/broome,my/explore/cities/broome
CATEGORY PAGE,my/places/regional-cities,my/explore/cities/regional-cities
CITY,my/places/nsw/orange,my/explore/events/nsw-taste-of-orange
CITY,my/places/qld/bundaberg-natural-attraction,my/explore/cities/regional-cities/bundaberg-natural-attraction
CITY,my/places/tas/launceston-devonport-burnie,my/explore/cities/regional-cities/tas-launceston-devonport-burnie
CITY,my/places/vic/bendigo,my/explore/states/vic/vic-bendigo
CITY,my/places/wa/albany,my/explore/cities/regional-cities/wa-albany
CITY,my/places/wa/kalgoorlie,my/explore/states/wa/wa-kalgoorlie
CITY,my/places/wa/kununurra,my/explore/states/wa/wa-kununurra
STATE,my/places/nsw,my/explore/states/nsw
ARTICLE,my/places/nsw/anz-stadium,my/about/culture-history/stadiums/anz-stadium
ARTICLE,my/places/nsw/allianz-stadium,my/about/culture-history/stadiums/allianz-stadium
ARTICLE,my/places/nsw/nsw-glebe,my/explore/cities/sydney/nsw-glebe
ARTICLE,my/places/nsw/sydney-the-rocks,my/explore/cities/sydney/sydney-the-rocks
ARTICLE,my/places/nsw/sydney-harbour-np,my/explore/cities/sydney/sydney-harbour-np
ARTICLE,my/places/nsw/nsw-manly-beach,my/explore/cities/sydney/nsw-manly-beach
ARTICLE,my/places/nsw/nsw-palm-beach,my/explore/cities/sydney/nsw-palm-beach
ARTICLE,my/places/nsw/nsw-bondi-beach,my/explore/cities/sydney/nsw-bondi-beach
ARTICLE,my/places/nsw/nsw-bondi-bronte,my/explore/cities/sydney/nsw-bondi-bronte
ARTICLE,my/places/nsw/nsw-coogee-beach,my/explore/cities/sydney/nsw-coogee-beach
ARTICLE,my/places/nsw/nsw-sydney-beaches,my/explore/cities/sydney/nsw-sydney-beaches
ARTICLE,my/places/nsw/coffs-harbour,my/explore/states/nsw/coffs-harbour
ARTICLE,my/places/nsw/nsw-spring-hunter-valley,my/explore/states/nsw/nsw-spring-hunter-valley
ARTICLE,my/places/nsw/nsw-jervis-bay,my/explore/states/nsw/nsw-jervis-bay
STATE,my/places/vic,my/explore/states/vic
ARTICLE,my/places/vic/flemington-racecourse-stadium,my/about/culture-history/stadiums/flemington-racecourse-stadium
ARTICLE,my/places/vic/melbourne-cricket-ground,my/about/culture-history/stadiums/melbourne-cricket-ground
ARTICLE,my/places/vic/rod-laver-arena,my/about/culture-history/stadiums/rod-laver-arena
ARTICLE,my/places/vic/etihad-stadium,my/about/culture-history/stadiums/etihad-stadium
ARTICLE,my/places/vic/melbourne-hidden-laneways,my/explore/cities/melbourne/melbourne-hidden-laneways
ARTICLE,my/places/vic/melbourne-rooftop-culture,my/explore/cities/melbourne/melbourne-rooftop-culture
ARTICLE,my/places/vic/vic-brunswick,my/explore/cities/melbourne/vic-brunswick
ARTICLE,my/places/vic/fed-square,my/explore/cities/melbourne/fed-square
ARTICLE,my/places/vic/st-kilda,my/explore/cities/melbourne/st-kilda
ARTICLE,my/places/vic/mornington-peninsula,my/explore/cities/melbourne/mornington-peninsula
ARTICLE,my/places/vic/vic-torquay,my/explore/states/vic/vic-torquay
ARTICLE,my/places/vic/vic-grampians,my/explore/states/vic/vic-grampians
ARTICLE,my/places/vic/vic-12-apostles,my/explore/states/vic/vic-12-apostles
ARTICLE,my/places/vic/vic-bendigo,my/explore/states/vic/vic-bendigo
ARTICLE,my/places/vic/vic-snow-play,my/explore/states/vic/vic-snow-play
STATE,my/places/qld,my/explore/states/qld
ARTICLE,my/places/qld/suncorp-stadium,my/about/culture-history/stadiums/suncorp-stadium
ARTICLE,my/places/qld/the-gabba,my/about/culture-history/stadiums/the-gabba
ARTICLE,my/places/qld/brisbane-culture-life,my/explore/cities/brisbane/brisbane-culture-life
ARTICLE,my/places/qld/qld-adventure-on-brisbane-river,my/explore/cities/brisbane/qld-adventure-on-brisbane-river
ARTICLE,my/places/qld/qld-surfing,my/explore/cities/gold-coast/qld-surfing
ARTICLE,my/places/qld/port-douglas,my/explore/cities/cairns/port-douglas
ARTICLE,my/places/qld/kuranda,my/explore/cities/cairns/kuranda
STATE,my/places/nt,my/explore/states/nt
ARTICLE,my/places/nt/darwin-historical-attractions,my/explore/cities/darwin/nt-darwin-historical-attractions
ARTICLE,my/places/nt/darwin-art-precincts,my/explore/cities/darwin/darwin-art-precincts
ARTICLE,my/places/nt/darwin-waterfront,my/explore/cities/darwin/darwin-waterfront
ARTICLE,my/places/nt/mindil-markets,my/explore/cities/darwin/nt-mindil-markets
STATE,my/places/wa,my/explore/states/wa
ARTICLE,my/places/wa/the-waca,my/about/culture-history/stadiums/the-waca
ARTICLE,my/places/wa/perth-city-precincts,my/explore/cities/perth/perth-city-precincts
ARTICLE,my/places/wa/cottesloe-beach,my/explore/cities/perth/wa-cottesloe-beach
ARTICLE,my/places/wa/rottnest-island,my/explore/cities/perth/rottnest-island
ARTICLE,my/places/wa/cable-beach,my/explore/cities/broome/wa-cable-beach
ARTICLE,my/places/wa/albany,my/explore/cities/regional-cities/wa-albany
STATE,my/places/sa,my/explore/states/sa
ARTICLE,my/places/sa/adelaide-oval,my/about/culture-history/stadiums/adelaide-oval
ARTICLE,my/places/sa/adelaide-central-market,my/explore/cities/adelaide/adelaide-central-market
ARTICLE,my/places/sa/glenelg-beach,my/explore/cities/adelaide/sa-glenelg-beach
ARTICLE,my/places/sa/hahndorf,my/explore/cities/adelaide/sa-hahndorf
STATE,my/places/tas,my/explore/states/tas
ARTICLE,my/places/tas/hobart-salamanca-place,my/explore/cities/hobart/hobart-salamanca-place
ARTICLE,my/places/tas/winter-secrets,my/explore/states/tas/tas-winter-secrets
STATE,my/places/act,my/explore/states/act
ARTICLE,my/places/act/canberra-stadium,my/about/culture-history/stadiums/canberra-stadium
ARTICLE,my/places/act/manuka-oval,my/about/culture-history/stadiums/manuka-oval
ARTICLE,my/places/act/canberra-aboriginal-art,my/explore/cities/canberra/canberra-aboriginal-art
ARTICLE,my/places/act/canberra-home-grown-shopping,my/explore/cities/canberra/canberra-home-grown-shopping
ARTICLE,my/places/act/fireside-festival,my/explore/cities/canberra/act-fireside-festival
CATEGORY,my/itineraries/holiday-ideas,my/explore/itineraries-ideas/holiday-ideas
CATEGORY,my/itineraries/drive-australia,my/explore/itineraries-ideas/drive-australia
ITINERARY,my/itineraries/nsw-pacific-coast-touring-route,my/explore/itineraries/nsw-pacific-coast-touring-route
ITINERARY,my/itineraries/nt-red-centre-way,my/explore/itineraries/nt-red-centre-way
ITINERARY,my/itineraries/qld-pacific-coast,my/explore/itineraries/qld-pacific-coast
ITINERARY,my/itineraries/nt-natures-way,my/explore/itineraries/nt-natures-way
ITINERARY,my/itineraries/nsw-sydney-to-melbourne-coastal-drive,my/explore/itineraries/nsw-sydney-to-melbourne-coastal-drive
ITINERARY,my/itineraries/wa-indian-ocean-drive,my/explore/itineraries/wa-indian-ocean-drive
ITINERARY,my/itineraries/vic-great-southern-touring-route,my/explore/itineraries/vic-great-southern-touring-route
ITINERARY,my/itineraries/wa-gibb-river-rd,my/explore/itineraries/wa-gibb-river-rd
ITINERARY,my/itineraries/melbourne-adelaide-gor,my/explore/itineraries/melbourne-adelaide-gor
ITINERARY,my/itineraries/tas-circle-tas,my/explore/itineraries/tas-circle-tas
ITINERARY,my/itineraries/sa-loop,my/explore/itineraries/sa-loop
ITINERARY,my/itineraries/tas-east-coast,my/explore/itineraries/tas-east-coast
ITINERARY,my/itineraries/sa-explorers-highway,my/explore/itineraries/sa-explorers-highway
CATEGORY,my/itineraries/coastal-journeys,my/explore/itineraries-ideas/coastal-journeys
ITINERARY,my/itineraries/vic-great-southern-touring-route,my/explore/itineraries/vic-great-southern-touring-route
ITINERARY,my/itineraries/nsw-pacific-coast-touring-route,my/explore/itineraries/nsw-pacific-coast-touring-route
ITINERARY,my/itineraries/qld-pacific-coast,my/explore/itineraries/qld-pacific-coast
ITINERARY,my/itineraries/nsw-sydney-to-melbourne-coastal-drive,my/explore/itineraries/nsw-sydney-to-melbourne-coastal-drive
ITINERARY,my/itineraries/wa-south-west-beaches-goldfields,my/explore/itineraries/wa-south-west-beaches-goldfields
ITINERARY,my/itineraries/vic-wilsons-prom,my/explore/itineraries/vic-wilsons-prom
ITINERARY,my/itineraries/qld-3days-gold-coast,my/explore/itineraries/qld-3days-gold-coast
ITINERARY,my/itineraries/wa-3days-broome,my/explore/itineraries/wa-3days-broome
ITINERARY,my/itineraries/tas-east-coast,my/explore/itineraries/tas-east-coast
ITINERARY,my/itineraries/qld-whitsundays-sailing,my/explore/itineraries/qld-whitsundays-sailing
ITINERARY,my/itineraries/qld-great-sunshine-way,my/explore/itineraries/qld-great-sunshine-way
ITINERARY,my/itineraries/qld-3days-cairns,my/explore/itineraries/qld-3days-cairns
ITINERARY,my/itineraries/wa-indian-ocean-drive,my/explore/itineraries/wa-indian-ocean-drive
ITINERARY,my/itineraries/qld-tropical-drive,my/explore/itineraries/qld-tropical-drive
ITINERARY,my/itineraries/melbourne-adelaide-gor,my/explore/itineraries/melbourne-adelaide-gor
ITINERARY,my/itineraries/big-pacific-coast-touring-route,my/explore/itineraries/big-pacific-coast-touring-route
CATEGORY,my/itineraries/outback-journeys,my/explore/itineraries-ideas/outback-journeys
ITINERARY,my/itineraries/wa-gibb-river-rd,my/explore/itineraries/wa-gibb-river-rd
ITINERARY,my/itineraries/nt-red-centre-way,my/explore/itineraries/nt-red-centre-way
ITINERARY,my/itineraries/sa-explorers-highway,my/explore/itineraries/sa-explorers-highway
ITINERARY,my/itineraries/wa-savannah,my/explore/itineraries/wa-savannah
ITINERARY,my/itineraries/qld-savannah-way,my/explore/itineraries/qld-savannah-way
ITINERARY,my/itineraries/sa-loop,my/explore/itineraries/sa-loop
ITINERARY,my/itineraries/nt-natures-way,my/explore/itineraries/nt-natures-way
ITINERARY,my/itineraries/nt-larapinta-trail,my/explore/itineraries/nt-larapinta-trail
ITINERARY,my/itineraries/wa-sa-nsw-indian-pacific,my/explore/itineraries/wa-sa-nsw-indian-pacific
ITINERARY,my/itineraries/sa-ghan,my/explore/itineraries/sa-ghan
ITINERARY,my/itineraries/crossing-nullarbor,my/explore/itineraries/crossing-nullarbor
CATEGORY,my/itineraries/nature-discovery,my/explore/itineraries-ideas/nature-discovery
ITINERARY,my/itineraries/nt-natures-way,my/explore/itineraries/nt-natures-way
ITINERARY,my/itineraries/vic-great-alpine-way,my/explore/itineraries/vic-great-alpine-way
ITINERARY,my/itineraries/tas-circle-tas,my/explore/itineraries/tas-circle-tas
ITINERARY,my/itineraries/tas-east-coast,my/explore/itineraries/tas-east-coast
ITINERARY,my/itineraries/sa-loop,my/explore/itineraries/sa-loop
ITINERARY,my/itineraries/tas-overland-track,my/explore/itineraries/tas-overland-track
ITINERARY,my/itineraries/act-australian-alps-walking-track,my/explore/itineraries/act-australian-alps-walking-track
ITINERARY,my/itineraries/qld-goldcoast-hinterland,my/explore/itineraries/qld-goldcoast-hinterland
ITINERARY,my/itineraries/sa-heysen-trail,my/explore/itineraries/sa-heysen-trail
ITINERARY,my/itineraries/vic-wilsons-prom,my/explore/itineraries/vic-wilsons-prom
ITINERARY,my/itineraries/nsw-six-foot-track,my/explore/itineraries/nsw-six-foot-track
ITINERARY,my/itineraries/act-capital-country,my/explore/itineraries/act-capital-country
ITINERARY,my/itineraries/act-poachers-way,my/explore/itineraries/act-poachers-way
ITINERARY,my/itineraries/rainforest-way,my/explore/itineraries/rainforest-way
CATEGORY,my/itineraries/adventure-journeys,my/explore/itineraries-ideas/adventure-journeys
ITINERARY,my/itineraries/wa-gibb-river-rd,my/explore/itineraries/wa-gibb-river-rd
ITINERARY,my/itineraries/nt-red-centre-way,my/explore/itineraries/nt-red-centre-way
ITINERARY,my/itineraries/sa-explorers-highway,my/explore/itineraries/sa-explorers-highway
ITINERARY,my/itineraries/wa-savannah,my/explore/itineraries/wa-savannah
ITINERARY,my/itineraries/qld-savannah-way,my/explore/itineraries/qld-savannah-way
ITINERARY,my/itineraries/sa-loop,my/explore/itineraries/sa-loop
ITINERARY,my/itineraries/nt-natures-way,my/explore/itineraries/nt-natures-way
ITINERARY,my/itineraries/nt-larapinta-trail,my/explore/itineraries/nt-larapinta-trail
ITINERARY,my/itineraries/sa-heysen-trail,my/explore/itineraries/sa-heysen-trail
ITINERARY,my/itineraries/qld-whitsundays-sailing,my/explore/itineraries/qld-whitsundays-sailing
ITINERARY,my/itineraries/wa-munda-biddi-trail,my/explore/itineraries/wa-munda-biddi-trail
ITINERARY,my/itineraries/crossing-nullarbor,my/explore/itineraries/crossing-nullarbor
CATEGORY,my/itineraries/aboriginal-discovery,my/explore/itineraries-ideas/aboriginal-discovery
ITINERARY,my/itineraries/nt-red-centre-way,my/explore/itineraries/nt-red-centre-way
ITINERARY,my/itineraries/nt-natures-way,my/explore/itineraries/nt-natures-way
ITINERARY,my/itineraries/sa-loop,my/explore/itineraries/sa-loop
ITINERARY,my/itineraries/vic-great-southern-touring-route,my/explore/itineraries/vic-great-southern-touring-route
ITINERARY,my/itineraries/tas-east-coast,my/explore/itineraries/tas-east-coast
ITINERARY,my/itineraries/sa-explorers-highway,my/explore/itineraries/sa-explorers-highway
ITINERARY,my/itineraries/wa-savannah,my/explore/itineraries/wa-savannah
ITINERARY,my/itineraries/wa-south-west-beaches-goldfields,my/explore/itineraries/wa-south-west-beaches-goldfields
CATEGORY,my/itineraries/walking-australia,my/explore/itineraries-ideas/walking-australia
ITINERARY,my/itineraries/tas-overland-track,my/explore/itineraries/tas-overland-track
ITINERARY,my/itineraries/act-australian-alps-walking-track,my/explore/itineraries/act-australian-alps-walking-track
ITINERARY,my/itineraries/qld-goldcoast-hinterland,my/explore/itineraries/qld-goldcoast-hinterland
ITINERARY,my/itineraries/sa-heysen-trail,my/explore/itineraries/sa-heysen-trail
ITINERARY,my/itineraries/nt-larapinta-trail,my/explore/itineraries/nt-larapinta-trail
ITINERARY,my/itineraries/vic-wilsons-prom,my/explore/itineraries/vic-wilsons-prom
ITINERARY,my/itineraries/nsw-six-foot-track,my/explore/itineraries/nsw-six-foot-track
ITINERARY,my/itineraries/wa-bibbulmun-track,my/explore/itineraries/wa-bibbulmun-track
ITINERARY,my/itineraries/nsw-kanangra-katoomba,my/explore/itineraries/nsw-kanangra-katoomba
ITINERARY,my/itineraries/sydney-coastal-walks,my/explore/itineraries/sydney-coastal-walks
ITINERARY,my/itineraries/hinchinbrook-island,my/explore/itineraries/hinchinbrook-island
CATEGORY,my/itineraries/holiday-ideas,my/explore/itineraries-ideas/holiday-ideas
ITINERARY,my/itineraries/nsw-3weeks-sydney,my/explore/itineraries/nsw-3weeks-sydney
ITINERARY,my/itineraries/vic-3weeks-melbourne,my/explore/itineraries/vic-3weeks-melbourne
ITINERARY,my/itineraries/qld-3weeks-brisbane,my/explore/itineraries/qld-3weeks-brisbane
ITINERARY,my/itineraries/wa-3weeks-perth,my/explore/itineraries/wa-3weeks-perth
ITINERARY,my/itineraries/sa-3weeks-adelaide,my/explore/itineraries/sa-3weeks-adelaide
ITINERARY,my/itineraries/nt-3weeks-darwin,my/explore/itineraries/nt-3weeks-darwin
ITINERARY,my/itineraries/qld-3weeks-cairns,my/explore/itineraries/qld-3weeks-cairns
CATEGORY,my/itineraries/city-journeys,my/explore/itineraries-ideas/city-journeys
ITINERARY,my/itineraries/nsw-3days-sydney,my/explore/itineraries/nsw-3days-sydney
ITINERARY,my/itineraries/vic-3days-melbourne,my/explore/itineraries/vic-3days-melbourne
ITINERARY,my/itineraries/qld-3days-brisbane,my/explore/itineraries/qld-3days-brisbane
ITINERARY,my/itineraries/wa-3days-perth,my/explore/itineraries/wa-3days-perth
ITINERARY,my/itineraries/sa-3days-adelaide,my/explore/itineraries/sa-3days-adelaide
ITINERARY,my/itineraries/nt-3days-darwin,my/explore/itineraries/nt-3days-darwin
ITINERARY,my/itineraries/tas-3days-hobart,my/explore/itineraries/tas-3days-hobart
ITINERARY,my/itineraries/act-3days-canberra,my/explore/itineraries/act-3days-canberra
ITINERARY,my/itineraries/qld-3days-cairns,my/explore/itineraries/qld-3days-cairns
ITINERARY,my/itineraries/nt-3days-alice-springs,my/explore/itineraries/nt-3days-alice-springs
ITINERARY,my/itineraries/wa-3days-broome,my/explore/itineraries/wa-3days-broome
ITINERARY,my/itineraries/qld-3days-gold-coast,my/explore/itineraries/qld-3days-gold-coast
CATEGORY,my/itineraries/australian-holiday-stories,my/explore/things-to-do/australian-holiday-stories
ITINERARY,my/itineraries/nsw-sydney-story,my/explore/cities/sydney/nsw-sydney-story
ITINERARY,my/itineraries/nt-uluru-story,my/explore/icons/red-centre/nt-uluru-story
ITINERARY,my/itineraries/wa-pinnacles-travel-story,my/explore/states/wa/wa-pinnacles-travel-story
ITINERARY,my/itineraries/tasman-national-park-story,my/explore/states/tas/tasman-national-park-story
ITINERARY,my/itineraries/margaret-river-story,my/explore/states/wa/margaret-river-story
ITINERARY,my/itineraries/sa-kangaroo-Island-story,my/explore/icons/kangaroo-island/sa-kangaroo-Island-story
ITINERARY,my/itineraries/nt-kakadu-story,my/explore/icons/kakadu/nt-kakadu-story
ITINERARY,my/itineraries/wa-kimberley-travel-story,my/explore/icons/kimberley/wa-kimberley-travel-story
ITINERARY,my/itineraries/liffey-falls-story,my/explore/cities/hobart/liffey-falls-story
ITINERARY,my/itineraries/port-campbell-travel-story,my/explore/icons/great-ocean-road/port-campbell-travel-story
ITINERARY,my/itineraries/qld-surfers-paradise-story,my/explore/cities/gold-coast/qld-surfers-paradise-story
ITINERARY,my/itineraries/bruny-travel-story,my/explore/states/tas/bruny-travel-story
ITINERARY,my/itineraries/qld-tangalooma-story,my/explore/cities/brisbane/qld-tangalooma-story
ITINERARY,my/itineraries/wa-karijini-story,my/explore/states/wa/wa-karijini-story
ITINERARY,my/itineraries/act-tharwa-story,my/explore/cities/canberra/act-tharwa-story
ITINERARY,my/itineraries/wa-valley-of-the-giants-story,my/explore/states/wa/wa-valley-of-the-giants-story
ITINERARY,my/itineraries/wa-wave-rock-story,my/explore/states/wa/wa-wave-rock-story
EVENT LANDING,my/events/major-events,my/explore/australian-events/major-events
EVENT LANDING,my/events/sporting-events,my/explore/australian-events/sporting-events
EVENT LANDING,my/events/horse-racing-events,my/explore/australian-events/horse-racing-events
EVENT LANDING,my/events/beaches-events,my/explore/australian-events/beaches-events
EVENT LANDING,my/events/culture-events,my/explore/australian-events/culture-events
EVENT LANDING,my/events/art-events,my/explore/australian-events/art-events
EVENT LANDING,my/events/music-festivals-events,my/explore/australian-events/music-festivals-events
EVENT LANDING,my/events/food-wine-events,my/explore/australian-events/food-wine-events
EVENT LANDING,my/events/regional-outback-events,my/explore/australian-events/regional-outback-events
EVENT LANDING,my/events/aboriginal-events,my/explore/australian-events/aboriginal-events
EVENT LANDING,my/events/natural-events,my/explore/australian-events/natural-events
EVENT LANDING,my/events/nat-uniquely-australian-events,my/explore/australian-events/nat-uniquely-australian-events
EVENT ARTICLE ,my/events/2014/january/tour-down-under,my/explore/events/tour-down-under
EVENT ARTICLE ,my/events/2014/february/australian-open,my/explore/events/australian-open
EVENT ARTICLE ,my/events/2014/march/australia-day,my/explore/events/australia-day
EVENT ARTICLE ,my/events/2014/april/melbourne-food-and-wine-festival,my/explore/events/melbourne-food-and-wine-festival
EVENT ARTICLE ,my/events/2014/may/vic-australian-grand-prix,my/explore/events/vic-australian-grand-prix
EVENT ARTICLE ,my/events/2014/june/opera-sydney-harbour,my/explore/events/opera-sydney-harbour
EVENT ARTICLE ,my/events/2014/july/sydney-royal-easter-show,my/explore/events/sydney-royal-easter-show
EVENT ARTICLE ,my/events/2014/august/vivid-sydney,my/explore/events/vivid-sydney
EVENT ARTICLE ,my/events/2014/september/british-lions-2013,my/explore/events/british-lions-2013
EVENT ARTICLE ,my/events/2014/october/australias-running-events,my/explore/events/australias-running-events
EVENT ARTICLE ,my/events/2014/november/floriade,my/explore/events/floriade
EVENT ARTICLE ,my/events/2014/december/afl-events,my/explore/events/afl-events
EVENT ARTICLE ,my/events/2014/january/melbourne-cup-carnival,my/explore/events/melbourne-cup-carnival
EVENT ARTICLE ,my/events/2014/february/syd-hobart-yacht-race,my/explore/events/syd-hobart-yacht-race
EVENT ARTICLE ,my/events/2014/march/nat-new-years-fireworks,my/explore/events/nat-new-years-fireworks
EVENT ARTICLE ,my/events/2014/april/sydney-mardi-gras,my/explore/events/sydney-mardi-gras
EVENT ARTICLE ,my/events/2014/may/jazz-blues-classical-festivals,my/explore/events/jazz-blues-classical-festivals
EVENT ARTICLE ,my/events/2014/june/indie-alternative-rock-festivals,my/explore/events/indie-alternative-rock-festivals
EVENT ARTICLE ,my/events/2014/july/folk-country-world-music-festivals,my/explore/events/folk-country-world-music-festivals
EVENT ARTICLE ,my/events/2014/august/horse-racing-events-article,my/explore/events/horse-racing-events-article
EVENT ARTICLE ,my/events/2014/september/act-canberra-balloon-fiesta,my/explore/events/act-canberra-balloon-fiesta
EVENT ARTICLE ,my/events/2014/october/nat-film-festivals,my/explore/events/nat-film-festivals
EVENT ARTICLE ,my/events/2014/november/nsw-taste-of-orange,my/explore/events/nsw-taste-of-orange
EVENT ARTICLE ,my/events/2014/december/nt-henley-on-todd,my/explore/events/nt-henley-on-todd
EVENT ARTICLE ,my/events/2014/january/tas-taste-festival,my/explore/events/tas-taste-festival
EVENT ARTICLE ,my/events/2014/february/vic-spring-racing,my/explore/events/vic-spring-racing
EVENT ARTICLE ,my/events/2014/march/australias-motorsport-events,my/explore/events/australias-motorsport-events
EVENT ARTICLE ,my/events/2014/april/nsw-orange-food-week,my/explore/events/nsw-orange-food-week
EVENT ARTICLE ,my/events/2014/may/qld-coolangatta-ocean-swim,my/explore/events/qld-coolangatta-ocean-swim
EVENT ARTICLE ,my/events/2014/june/summer-cricket,my/explore/events/summer-cricket
EVENT ARTICLE ,my/events/2014/july/wa-ord-valley-muster,my/explore/events/wa-ord-valley-muster
EVENT ARTICLE ,my/events/2014/august/australias-grand-slam-tennis,my/explore/events/australias-grand-slam-tennis
EVENT ARTICLE ,my/events/2014/september/surfing-events,my/explore/events/surfing-events
EVENT ARTICLE ,my/events/2014/october/australian-theatre,my/explore/events/australian-theatre
EVENT ARTICLE ,my/events/2014/november/ashes-2013,my/explore/events/ashes-2013
EVENT ARTICLE ,my/events/2014/december/australias-cycling-events,my/explore/events/australias-cycling-events
EVENT ARTICLE ,my/events/2014/january/australias-golf-events,my/explore/events/australias-golf-events
EVENT ARTICLE ,my/events/2014/february/australias-oceans-swims,my/explore/events/australias-oceans-swims
EVENT ARTICLE ,my/events/2014/march/bledisloe-cup,my/explore/events/bledisloe-cup
EVENT ARTICLE ,my/events/2014/april/endurance-events,my/explore/events/endurance-events
EVENT ARTICLE ,my/events/2014/may/sa-tasting-australia,my/explore/events/sa-tasting-australia
EVENT ARTICLE ,my/events/2014/june/australian-opera,my/explore/events/australian-opera
EVENT ARTICLE ,my/events/2014/july/sa-outback-cattle-drive,my/explore/events/sa-outback-cattle-drive
EVENT ARTICLE ,my/events/2014/august/wa-margaret-river-wine-festival,my/explore/events/wa-margaret-river-wine-festival
EVENT ARTICLE ,my/events/2014/september/surf-life-saving-events,my/explore/events/surf-life-saving-events
CATEGORY,my/categories/outback-australia,my/about/australias-landscapes/outback-australia
ARTICLE,my/places/nsw/mungo,my/explore/states/nsw/nsw-mungo
ARTICLE,my/articles/outback,my/about/australias-landscapes/outback/outback
ARTICLE,my/articles/houseboating-murray-river,my/explore/things-to-do/australian-adventure/houseboating-murray-river
ARTICLE,my/articles/glamping-australia,my/explore/things-to-do/australian-adventure/glamping-australia
ARTICLE,my/articles/outback-cattle-drive,my/explore/events/sa-outback-cattle-drive
CATEGORY,my/categories/aboriginal-australia,my/explore/things-to-do/aboriginal-australia
ARTICLE,my/articles/aboriginal,my/explore/things-to-do/aboriginal-australia/aboriginal
CITY ,my/places/nt/alice-springs,my/explore/cities/alice-springs
CATEGORY,my/categories/food-and-wine,my/explore/things-to-do/food-and-wine
ARTICLE,my/articles/australian-wineries,my/about/australias-landscapes/australian-wineries
ARTICLE,my/articles/ultimate-wineries,my/explore/things-to-do/ultimate-wineries
CATEGORY,my/categories/art-music-culture,my/about/culture-history/culture
ARTICLE,my/articles/australian-art,my/about/culture-history/australian-art
ARTICLE,my/articles/shopping,my/explore/things-to-do/shopping
ARTICLE,my/articles/shopping/nat-shopping,my/explore/things-to-do/shopping/nat-shopping
ARTICLE,my/articles/shopping/nat-australias-markets,my/explore/things-to-do/shopping/nat-australias-markets
ARTICLE,my/articles/shopping/australias-opals,my/explore/things-to-do/shopping/australias-opals
ARTICLE,my/articles/shopping/australian-souvenirs,my/explore/things-to-do/shopping/australian-souvenirs
ARTICLE,my/articles/famous-australians,my/about/culture-history/famous-australians
CATEGORY,my/categories/australias-islands,my/about/australias-landscapes/australias-islands
ARTICLE,my/places/qld/tangalooma,my/explore/states/qld/tangalooma
ARTICLE,my/places/qld/whitsundays-islands,my/explore/icons/great-barrier-reef/whitsundays-islands
ARTICLE,my/places/tas/tas-bass-strait-islands,my/explore/states/tas/tas-bass-strait-islands
ARTICLE,my/places/nsw/nsw-lord-howe-island,my/explore/states/nsw/nsw-lord-howe-island
ARTICLE,my/places/nt/tiwi-islands,my/about/australias-landscapes/australias-islands/tiwi-islands
CATEGORY,my/categories/nature and wildlife,my/about/australias-landscapes/nature
ARTICLE,my/articles/natural-australia,my/explore/things-to-do/natural-australia
ARTICLE,my/articles/nat-australias-rainforests,my/explore/things-to-do/nature/nat-australias-rainforests
ARTICLE,my/articles/world-heritage-sites-australia,my/explore/things-to-do/nature/world-heritage-sites-australia
ARTICLE,my/facts/plants,my/about/key-facts/plants
CATEGORY,my/categories/beaches ,my/about/australias-landscapes/australian-beaches
ARTICLE,my/articles/coastal,my/about/australias-landscapes/coastal
ARTICLE,my/articles/sydney-beaches,my/explore/cities/sydney/nsw-sydney-beaches
CATEGORY,my/categories/australian-sport ,my/explore/things-to-do/australian-adventure/nat-australian-sport
ARTICLE,my/articles/australias-stadiums-venues,my/about/culture-history/australias-stadiums-venues
ARTICLE,my/articles/great-golf-courses,my/explore/things-to-do/great-golf-courses
CATEGORY,my/categories/australian-adventure,my/explore/things-to-do/australian-adventure
ARTICLE,my/articles/great-walks,my/explore/things-to-do/great-walks
ARTICLE,my/articles/great-luxury-lodges,my/explore/things-to-do/great-luxury-lodges
CATEGORY  ,my/categories/youthful-travellers,my/explore/things-to-do/youthful-travellers
ARTICLE,my/planning/working-holiday-visa,my/plan/before-you-go/working-holiday-visa
ARTICLE,my/planning/working-holiday-visa-faq,my/plan/before-you-go/working-holiday-visa-faq
ARTICLE,my/planning/work-study-abroad,my/plan/before-you-go/work-study-abroad
CATEGORY ,my/facts,my/about
CATEGORY ,my/facts/weather,my/about/key-facts/weather
ARTICLE,my/facts/sydney-weather,my/about/key-facts/weather/sydney-weather
ARTICLE,my/facts/melbourne-weather,my/about/key-facts/weather/melbourne-weather
ARTICLE,my/facts/adelaide-weather,my/about/key-facts/weather/adelaide-weather
ARTICLE,my/facts/perth-weather,my/about/key-facts/weather/perth-weather
ARTICLE,my/facts/brisbane-weather,my/about/key-facts/weather/brisbane-weather
ARTICLE,my/facts/cairns-weather,my/about/key-facts/weather/cairns-weather
ARTICLE,my/facts/hobart-weather,my/about/key-facts/weather/hobart-weather
ARTICLE,my/facts/canberra-weather,my/about/key-facts/weather/canberra-weather
ARTICLE,my/facts/alice-springs-weather,my/about/key-facts/weather/alice-springs-weather
ARTICLE,my/facts/broome-weather,my/about/key-facts/weather/broome-weather
ARTICLE,my/facts/darwin-weather,my/about/key-facts/weather/darwin-weather
ARTICLE,my/facts/gold-coast-weather,my/about/key-facts/weather/gold-coast-weather
ARTICLE,my/planning/tips-hazards,my/plan/while-your-here/tips-hazards
CATEGORY ,my/facts/australias-seasons,my/about/australias-landscapes/australias-seasons
ARTICLE,my/facts/australias-seasons/summer,my/about/australias-landscapes/australias-seasons/summer
ARTICLE,my/facts/australias-seasons/autumn,my/about/australias-landscapes/australias-seasons/autumn
ARTICLE,my/facts/australias-seasons/winter,my/about/australias-landscapes/australias-seasons/winter
ARTICLE,my/facts/australias-seasons/spring,my/about/australias-landscapes/australias-seasons/spring
ARTICLE,my/planning/getting-there,my/plan/plan-your-trip/getting-there
CATEGORY ,my/planning/planning-a-trip,my/plan/before-you-go/planning-a-trip
ARTICLE,my/facts/currency,my/about/key-facts/currency
ARTICLE,my/facts/time-zones,my/about/key-facts/time-zones
ARTICLE,my/planning/getting-around,my/plan/while-your-here/getting-around
ARTICLE,my/planning/road-safety,my/plan/while-your-here/road-safety
ARTICLE,my/facts/cities-states-territories,my/about/key-facts/cities-states-territories
ARTICLE,my/planning/visa-information,my/plan/before-you-go/visa-information
ARTICLE,my/planning/customs-quarantine,my/plan/before-you-go/customs-quarantine
ASP SEARCH,my/planning/find-travel-agent,my/plan/plan-your-trip/find-travel-agent
ARTICLE,my/facts/emergency-services,my/about/key-facts/emergency-services
MAP IFRAME,explore,explore
SITE MAP,sitemap,sitemap
PRIVACY POLICY ,privacypolicy,privacypolicy
TERMS&CONDS,terms-conditions,terms-conditions
DISCLAIMER ,disclaimer,disclaimer
CAMPAIGN,nationallandscapes,nationallandscapes
CAMPAIGN,my/campaigns/nationallandscapes/AustralianAlps,my/campaigns/nationallandscapes/AustralianAlps.htm
CAMPAIGN,my/campaigns/nationallandscapes/AustraliasCoastalWilderness,my/campaigns/nationallandscapes/AustraliasCoastalWilderness.htm
CAMPAIGN,my/campaigns/nationallandscapes/AustraliasGreenCauldron,my/campaigns/nationallandscapes/AustraliasGreenCauldron.htm
CAMPAIGN,my/campaigns/nationallandscapes/FlindersRanges,my/campaigns/nationallandscapes/FlindersRanges.htm
CAMPAIGN,my/campaigns/nationallandscapes/AustraliasRedCentre,my/campaigns/nationallandscapes/AustraliasRedCentre.htm
CAMPAIGN,my/campaigns/nationallandscapes/GreatBarrierReef,my/campaigns/nationallandscapes/GreatBarrierReef.htm
CAMPAIGN,my/campaigns/nationallandscapes/GreatOceanRoad,my/campaigns/nationallandscapes/GreatOceanRoad.htm
CAMPAIGN,my/campaigns/nationallandscapes/GreaterBlueMountains,my/campaigns/nationallandscapes/GreaterBlueMountains.htm
CAMPAIGN,my/campaigns/nationallandscapes/Great-South-West-Edge,my/campaigns/nationallandscapes/Great-South-West-Edge.htm
CAMPAIGN,my/campaigns/nationallandscapes/Australias-Timeless-North,my/campaigns/nationallandscapes/Australias-Timeless-North.htm
CAMPAIGN,my/campaigns/nationallandscapes/KangarooIsland,my/campaigns/nationallandscapes/KangarooIsland.htm
CAMPAIGN,my/campaigns/nationallandscapes/NingalooSharkBay,my/campaigns/nationallandscapes/NingalooSharkBay.htm
CAMPAIGN,my/campaigns/nationallandscapes/SydneyHarbour,my/campaigns/nationallandscapes/SydneyHarbour.htm
CAMPAIGN,my/campaigns/nationallandscapes/TasmaniasIslandHeritage,my/campaigns/nationallandscapes/TasmaniasIslandHeritage.htm
CAMPAIGN,my/campaigns/nationallandscapes/TheKimberley,my/campaigns/nationallandscapes/TheKimberley.htm
CAMPAIGN,my/campaigns/nationallandscapes/wettropics,my/campaigns/nationallandscapes/wettropics.htm
CAMPAIGN,my/campaigns/nothinglike/au,my/campaigns/nothinglike/au/index.htm
CAMPAIGN,my/campaigns/nothinglike/au/bungle-bungles,my/campaigns/nothinglike/au/bungle-bungles.htm
CAMPAIGN,my/campaigns/nothinglike/au/bungle-bungles-product1,my/campaigns/nothinglike/au/bungle-bungles-product1.htm
CAMPAIGN,my/campaigns/nothinglike/au/bungle-bungles-product2,my/campaigns/nothinglike/au/bungle-bungles-product2.htm
CAMPAIGN,my/campaigns/nothinglike/au/bungle-bungles-product3,my/campaigns/nothinglike/au/bungle-bungles-product3.htm
CAMPAIGN,my/campaigns/nothinglike/au/bungle-bungles-product4,my/campaigns/nothinglike/au/bungle-bungles-product4.htm
CAMPAIGN,my/campaigns/nothinglike/au/bungle-bungles-product5,my/campaigns/nothinglike/au/bungle-bungles-product5.htm
CAMPAIGN,my/campaigns/nothinglike/au/bungle-bungles-product6,my/campaigns/nothinglike/au/bungle-bungles-product6.htm
CAMPAIGN,my/campaigns/nothinglike/au/bungle-bungles-product7,my/campaigns/nothinglike/au/bungle-bungles-product7.htm
CAMPAIGN,my/campaigns/nothinglike/au/bungle-bungles-product8,my/campaigns/nothinglike/au/bungle-bungles-product8.htm
CAMPAIGN,my/campaigns/nothinglike/au/bungle-bungles-product9,my/campaigns/nothinglike/au/bungle-bungles-product9.htm
CAMPAIGN,my/campaigns/nothinglike/au/bungle-bungles-product10,my/campaigns/nothinglike/au/bungle-bungles-product10.htm
CAMPAIGN,my/campaigns/nothinglike/au/bungle-bungles-itinerary,my/campaigns/nothinglike/au/bungle-bungles-itinerary.htm
CAMPAIGN,my/campaigns/nothinglike/au/bungle-bungles-itinerary2,my/campaigns/nothinglike/au/bungle-bungles-itinerary2.htm
CAMPAIGN,my/campaigns/nothinglike/au/bungle-bungles-itinerary3,my/campaigns/nothinglike/au/bungle-bungles-itinerary3.htm
CAMPAIGN,my/campaigns/nothinglike/au/bungle-bungles-itinerary4,my/campaigns/nothinglike/au/bungle-bungles-itinerary4.htm
CAMPAIGN,my/campaigns/nothinglike/au/bungle-bungles-experiences,my/campaigns/nothinglike/au/bungle-bungles-experiences.htm
CAMPAIGN,my/campaigns/nothinglike/au/canberra,my/campaigns/nothinglike/au/canberra.htm
CAMPAIGN,my/campaigns/nothinglike/au/canberra-product1,my/campaigns/nothinglike/au/canberra-product1.htm
CAMPAIGN,my/campaigns/nothinglike/au/canberra-product2,my/campaigns/nothinglike/au/canberra-product2.htm
CAMPAIGN,my/campaigns/nothinglike/au/canberra-product3,my/campaigns/nothinglike/au/canberra-product3.htm
CAMPAIGN,my/campaigns/nothinglike/au/canberra-product4,my/campaigns/nothinglike/au/canberra-product4.htm
CAMPAIGN,my/campaigns/nothinglike/au/canberra-product5,my/campaigns/nothinglike/au/canberra-product5.htm
CAMPAIGN,my/campaigns/nothinglike/au/canberra-product6,my/campaigns/nothinglike/au/canberra-product6.htm
CAMPAIGN,my/campaigns/nothinglike/au/canberra-product7,my/campaigns/nothinglike/au/canberra-product7.htm
CAMPAIGN,my/campaigns/nothinglike/au/canberra-product8,my/campaigns/nothinglike/au/canberra-product8.htm
CAMPAIGN,my/campaigns/nothinglike/au/canberra-product9,my/campaigns/nothinglike/au/canberra-product9.htm
CAMPAIGN,my/campaigns/nothinglike/au/canberra-product10,my/campaigns/nothinglike/au/canberra-product10.htm
CAMPAIGN,my/campaigns/nothinglike/au/canberra-product11,my/campaigns/nothinglike/au/canberra-product11.htm
CAMPAIGN,my/campaigns/nothinglike/au/canberra-itinerary,my/campaigns/nothinglike/au/canberra-itinerary.htm
CAMPAIGN,my/campaigns/nothinglike/au/canberra-itinerary2,my/campaigns/nothinglike/au/canberra-itinerary2.htm
CAMPAIGN,my/campaigns/nothinglike/au/canberra-itinerary3,my/campaigns/nothinglike/au/canberra-itinerary3.htm
CAMPAIGN,my/campaigns/nothinglike/au/canberra-itinerary4,my/campaigns/nothinglike/au/canberra-itinerary4.htm
CAMPAIGN,my/campaigns/nothinglike/au/canberra-experiences,my/campaigns/nothinglike/au/canberra-experiences.htm
CAMPAIGN,my/campaigns/nothinglike/au/cape-leveque,my/campaigns/nothinglike/au/cape-leveque.htm
CAMPAIGN,my/campaigns/nothinglike/au/cape-leveque-product1,my/campaigns/nothinglike/au/cape-leveque-product1.htm
CAMPAIGN,my/campaigns/nothinglike/au/cape-leveque-product2,my/campaigns/nothinglike/au/cape-leveque-product2.htm
CAMPAIGN,my/campaigns/nothinglike/au/cape-leveque-product3,my/campaigns/nothinglike/au/cape-leveque-product3.htm
CAMPAIGN,my/campaigns/nothinglike/au/cape-leveque-product4,my/campaigns/nothinglike/au/cape-leveque-product4.htm
CAMPAIGN,my/campaigns/nothinglike/au/cape-leveque-product5,my/campaigns/nothinglike/au/cape-leveque-product5.htm
CAMPAIGN,my/campaigns/nothinglike/au/cape-leveque-product6,my/campaigns/nothinglike/au/cape-leveque-product6.htm
CAMPAIGN,my/campaigns/nothinglike/au/cape-leveque-product7,my/campaigns/nothinglike/au/cape-leveque-product7.htm
CAMPAIGN,my/campaigns/nothinglike/au/cape-leveque-product8,my/campaigns/nothinglike/au/cape-leveque-product8.htm
CAMPAIGN,my/campaigns/nothinglike/au/cape-leveque-product9,my/campaigns/nothinglike/au/cape-leveque-product9.htm
CAMPAIGN,my/campaigns/nothinglike/au/cape-leveque-product10,my/campaigns/nothinglike/au/cape-leveque-product10.htm
CAMPAIGN,my/campaigns/nothinglike/au/cape-leveque-itinerary,my/campaigns/nothinglike/au/cape-leveque-itinerary.htm
CAMPAIGN,my/campaigns/nothinglike/au/cape-leveque-itinerary2,my/campaigns/nothinglike/au/cape-leveque-itinerary2.htm
CAMPAIGN,my/campaigns/nothinglike/au/cape-leveque-itinerary3,my/campaigns/nothinglike/au/cape-leveque-itinerary3.htm
CAMPAIGN,my/campaigns/nothinglike/au/cape-leveque-itinerary4,my/campaigns/nothinglike/au/cape-leveque-itinerary4.htm
CAMPAIGN,my/campaigns/nothinglike/au/cape-leveque-itinerary5,my/campaigns/nothinglike/au/cape-leveque-itinerary5.htm
CAMPAIGN,my/campaigns/nothinglike/au/cape-leveque-experiences,my/campaigns/nothinglike/au/cape-leveque-experiences.htm
CAMPAIGN,my/campaigns/nothinglike/au/el-questro,my/campaigns/nothinglike/au/el-questro.htm
CAMPAIGN,my/campaigns/nothinglike/au/el-questro-product1,my/campaigns/nothinglike/au/el-questro-product1.htm
CAMPAIGN,my/campaigns/nothinglike/au/el-questro-product2,my/campaigns/nothinglike/au/el-questro-product2.htm
CAMPAIGN,my/campaigns/nothinglike/au/el-questro-product3,my/campaigns/nothinglike/au/el-questro-product3.htm
CAMPAIGN,my/campaigns/nothinglike/au/el-questro-product4,my/campaigns/nothinglike/au/el-questro-product4.htm
CAMPAIGN,my/campaigns/nothinglike/au/el-questro-product5,my/campaigns/nothinglike/au/el-questro-product5.htm
CAMPAIGN,my/campaigns/nothinglike/au/el-questro-product6,my/campaigns/nothinglike/au/el-questro-product6.htm
CAMPAIGN,my/campaigns/nothinglike/au/el-questro-product7,my/campaigns/nothinglike/au/el-questro-product7.htm
CAMPAIGN,my/campaigns/nothinglike/au/el-questro-product8,my/campaigns/nothinglike/au/el-questro-product8.htm
CAMPAIGN,my/campaigns/nothinglike/au/el-questro-product9,my/campaigns/nothinglike/au/el-questro-product9.htm
CAMPAIGN,my/campaigns/nothinglike/au/el-questro-product10,my/campaigns/nothinglike/au/el-questro-product10.htm
CAMPAIGN,my/campaigns/nothinglike/au/el-questro-itinerary,my/campaigns/nothinglike/au/el-questro-itinerary.htm
CAMPAIGN,my/campaigns/nothinglike/au/el-questro-itinerary2,my/campaigns/nothinglike/au/el-questro-itinerary2.htm
CAMPAIGN,my/campaigns/nothinglike/au/el-questro-itinerary3,my/campaigns/nothinglike/au/el-questro-itinerary3.htm
CAMPAIGN,my/campaigns/nothinglike/au/el-questro-itinerary4,my/campaigns/nothinglike/au/el-questro-itinerary4.htm
CAMPAIGN,my/campaigns/nothinglike/au/el-questro-experiences,my/campaigns/nothinglike/au/el-questro-experiences.htm
CAMPAIGN,my/campaigns/nothinglike/au/freycinet,my/campaigns/nothinglike/au/freycinet.htm
CAMPAIGN,my/campaigns/nothinglike/au/freycinet-product1,my/campaigns/nothinglike/au/freycinet-product1.htm
CAMPAIGN,my/campaigns/nothinglike/au/freycinet-product2,my/campaigns/nothinglike/au/freycinet-product2.htm
CAMPAIGN,my/campaigns/nothinglike/au/freycinet-product3,my/campaigns/nothinglike/au/freycinet-product3.htm
CAMPAIGN,my/campaigns/nothinglike/au/freycinet-product5,my/campaigns/nothinglike/au/freycinet-product5.htm
CAMPAIGN,my/campaigns/nothinglike/au/freycinet-product6,my/campaigns/nothinglike/au/freycinet-product6.htm
CAMPAIGN,my/campaigns/nothinglike/au/freycinet-product7,my/campaigns/nothinglike/au/freycinet-product7.htm
CAMPAIGN,my/campaigns/nothinglike/au/freycinet-product8,my/campaigns/nothinglike/au/freycinet-product8.htm
CAMPAIGN,my/campaigns/nothinglike/au/freycinet-product9,my/campaigns/nothinglike/au/freycinet-product9.htm
CAMPAIGN,my/campaigns/nothinglike/au/freycinet-product10,my/campaigns/nothinglike/au/freycinet-product10.htm
CAMPAIGN,my/campaigns/nothinglike/au/freycinet-itinerary,my/campaigns/nothinglike/au/freycinet-itinerary.htm
CAMPAIGN,my/campaigns/nothinglike/au/freycinet-itinerary2,my/campaigns/nothinglike/au/freycinet-itinerary2.htm
CAMPAIGN,my/campaigns/nothinglike/au/freycinet-itinerary3,my/campaigns/nothinglike/au/freycinet-itinerary3.htm
CAMPAIGN,my/campaigns/nothinglike/au/freycinet-itinerary4,my/campaigns/nothinglike/au/freycinet-itinerary4.htm
CAMPAIGN,my/campaigns/nothinglike/au/freycinet-itinerary5,my/campaigns/nothinglike/au/freycinet-itinerary5.htm
CAMPAIGN,my/campaigns/nothinglike/au/freycinet-experiences,my/campaigns/nothinglike/au/freycinet-experiences.htm
CAMPAIGN,my/campaigns/nothinglike/au/gold-coast,my/campaigns/nothinglike/au/gold-coast.htm
CAMPAIGN,my/campaigns/nothinglike/au/gold-coast-product1,my/campaigns/nothinglike/au/gold-coast-product1.htm
CAMPAIGN,my/campaigns/nothinglike/au/gold-coast-product2,my/campaigns/nothinglike/au/gold-coast-product2.htm
CAMPAIGN,my/campaigns/nothinglike/au/gold-coast-product3,my/campaigns/nothinglike/au/gold-coast-product3.htm
CAMPAIGN,my/campaigns/nothinglike/au/gold-coast-product4,my/campaigns/nothinglike/au/gold-coast-product4.htm
CAMPAIGN,my/campaigns/nothinglike/au/gold-coast-product5,my/campaigns/nothinglike/au/gold-coast-product5.htm
CAMPAIGN,my/campaigns/nothinglike/au/gold-coast-product6,my/campaigns/nothinglike/au/gold-coast-product6.htm
CAMPAIGN,my/campaigns/nothinglike/au/gold-coast-product7,my/campaigns/nothinglike/au/gold-coast-product7.htm
CAMPAIGN,my/campaigns/nothinglike/au/gold-coast-product8,my/campaigns/nothinglike/au/gold-coast-product8.htm
CAMPAIGN,my/campaigns/nothinglike/au/gold-coast-product9,my/campaigns/nothinglike/au/gold-coast-product9.htm
CAMPAIGN,my/campaigns/nothinglike/au/gold-coast-product10,my/campaigns/nothinglike/au/gold-coast-product10.htm
CAMPAIGN,my/campaigns/nothinglike/au/gold-coast-itinerary,my/campaigns/nothinglike/au/gold-coast-itinerary.htm
CAMPAIGN,my/campaigns/nothinglike/au/gold-coast-itinerary2,my/campaigns/nothinglike/au/gold-coast-itinerary2.htm
CAMPAIGN,my/campaigns/nothinglike/au/gold-coast-itinerary3,my/campaigns/nothinglike/au/gold-coast-itinerary3.htm
CAMPAIGN,my/campaigns/nothinglike/au/gold-coast-itinerary4,my/campaigns/nothinglike/au/gold-coast-itinerary4.htm
CAMPAIGN,my/campaigns/nothinglike/au/gold-coast-experiences,my/campaigns/nothinglike/au/gold-coast-experiences.htm
CAMPAIGN,my/campaigns/nothinglike/au/great-ocean-road,my/campaigns/nothinglike/au/great-ocean-road.htm
CAMPAIGN,my/campaigns/nothinglike/au/great-ocean-road-product1,my/campaigns/nothinglike/au/great-ocean-road-product1.htm
CAMPAIGN,my/campaigns/nothinglike/au/great-ocean-road-product2,my/campaigns/nothinglike/au/great-ocean-road-product2.htm
CAMPAIGN,my/campaigns/nothinglike/au/great-ocean-road-product3,my/campaigns/nothinglike/au/great-ocean-road-product3.htm
CAMPAIGN,my/campaigns/nothinglike/au/great-ocean-road-product4,my/campaigns/nothinglike/au/great-ocean-road-product4.htm
CAMPAIGN,my/campaigns/nothinglike/au/great-ocean-road-product5,my/campaigns/nothinglike/au/great-ocean-road-product5.htm
CAMPAIGN,my/campaigns/nothinglike/au/great-ocean-road-product6,my/campaigns/nothinglike/au/great-ocean-road-product6.htm
CAMPAIGN,my/campaigns/nothinglike/au/great-ocean-road-product7,my/campaigns/nothinglike/au/great-ocean-road-product7.htm
CAMPAIGN,my/campaigns/nothinglike/au/great-ocean-road-product8,my/campaigns/nothinglike/au/great-ocean-road-product8.htm
CAMPAIGN,my/campaigns/nothinglike/au/great-ocean-road-itinerary,my/campaigns/nothinglike/au/great-ocean-road-itinerary.htm
CAMPAIGN,my/campaigns/nothinglike/au/great-ocean-road-itinerary2,my/campaigns/nothinglike/au/great-ocean-road-itinerary2.htm
CAMPAIGN,my/campaigns/nothinglike/au/great-ocean-road-itinerary3,my/campaigns/nothinglike/au/great-ocean-road-itinerary3.htm
CAMPAIGN,my/campaigns/nothinglike/au/great-ocean-road-itinerary4,my/campaigns/nothinglike/au/great-ocean-road-itinerary4.htm
CAMPAIGN,my/campaigns/nothinglike/au/great-ocean-road-itinerary5,my/campaigns/nothinglike/au/great-ocean-road-itinerary5.htm
CAMPAIGN,my/campaigns/nothinglike/au/great-ocean-road-experiences,my/campaigns/nothinglike/au/great-ocean-road-experiences.htm
CAMPAIGN,my/campaigns/nothinglike/au/hayman-island,my/campaigns/nothinglike/au/hayman-island.htm
CAMPAIGN,my/campaigns/nothinglike/au/hayman-island-product1,my/campaigns/nothinglike/au/hayman-island-product1.htm
CAMPAIGN,my/campaigns/nothinglike/au/hayman-island-product2,my/campaigns/nothinglike/au/hayman-island-product2.htm
CAMPAIGN,my/campaigns/nothinglike/au/hayman-island-product3,my/campaigns/nothinglike/au/hayman-island-product3.htm
CAMPAIGN,my/campaigns/nothinglike/au/hayman-island-product4,my/campaigns/nothinglike/au/hayman-island-product4.htm
CAMPAIGN,my/campaigns/nothinglike/au/hayman-island-product6,my/campaigns/nothinglike/au/hayman-island-product6.htm
CAMPAIGN,my/campaigns/nothinglike/au/hayman-island-product7,my/campaigns/nothinglike/au/hayman-island-product7.htm
CAMPAIGN,my/campaigns/nothinglike/au/hayman-island-product8,my/campaigns/nothinglike/au/hayman-island-product8.htm
CAMPAIGN,my/campaigns/nothinglike/au/hayman-island-product9,my/campaigns/nothinglike/au/hayman-island-product9.htm
CAMPAIGN,my/campaigns/nothinglike/au/hayman-island-product10,my/campaigns/nothinglike/au/hayman-island-product10.htm
CAMPAIGN,my/campaigns/nothinglike/au/hayman-island-itinerary,my/campaigns/nothinglike/au/hayman-island-itinerary.htm
CAMPAIGN,my/campaigns/nothinglike/au/hayman-island-itinerary2,my/campaigns/nothinglike/au/hayman-island-itinerary2.htm
CAMPAIGN,my/campaigns/nothinglike/au/hayman-island-itinerary3,my/campaigns/nothinglike/au/hayman-island-itinerary3.htm
CAMPAIGN,my/campaigns/nothinglike/au/hayman-island-itinerary4,my/campaigns/nothinglike/au/hayman-island-itinerary4.htm
CAMPAIGN,my/campaigns/nothinglike/au/hayman-island-experiences,my/campaigns/nothinglike/au/hayman-island-experiences.htm
CAMPAIGN,my/campaigns/nothinglike/au/kangaroo-island,my/campaigns/nothinglike/au/kangaroo-island.htm
CAMPAIGN,my/campaigns/nothinglike/au/kangaroo-island-product1,my/campaigns/nothinglike/au/kangaroo-island-product1.htm
CAMPAIGN,my/campaigns/nothinglike/au/kangaroo-island-product2,my/campaigns/nothinglike/au/kangaroo-island-product2.htm
CAMPAIGN,my/campaigns/nothinglike/au/kangaroo-island-product3,my/campaigns/nothinglike/au/kangaroo-island-product3.htm
CAMPAIGN,my/campaigns/nothinglike/au/kangaroo-island-product4,my/campaigns/nothinglike/au/kangaroo-island-product4.htm
CAMPAIGN,my/campaigns/nothinglike/au/kangaroo-island-product5,my/campaigns/nothinglike/au/kangaroo-island-product5.htm
CAMPAIGN,my/campaigns/nothinglike/au/kangaroo-island-product6,my/campaigns/nothinglike/au/kangaroo-island-product6.htm
CAMPAIGN,my/campaigns/nothinglike/au/kangaroo-island-product7,my/campaigns/nothinglike/au/kangaroo-island-product7.htm
CAMPAIGN,my/campaigns/nothinglike/au/kangaroo-island-product8,my/campaigns/nothinglike/au/kangaroo-island-product8.htm
CAMPAIGN,my/campaigns/nothinglike/au/kangaroo-island-product9,my/campaigns/nothinglike/au/kangaroo-island-product9.htm
CAMPAIGN,my/campaigns/nothinglike/au/kangaroo-island-product10,my/campaigns/nothinglike/au/kangaroo-island-product10.htm
CAMPAIGN,my/campaigns/nothinglike/au/kangaroo-island-itinerary,my/campaigns/nothinglike/au/kangaroo-island-itinerary.htm
CAMPAIGN,my/campaigns/nothinglike/au/kangaroo-island-itinerary2,my/campaigns/nothinglike/au/kangaroo-island-itinerary2.htm
CAMPAIGN,my/campaigns/nothinglike/au/kangaroo-island-itinerary3,my/campaigns/nothinglike/au/kangaroo-island-itinerary3.htm
CAMPAIGN,my/campaigns/nothinglike/au/kangaroo-island-experiences,my/campaigns/nothinglike/au/kangaroo-island-experiences.htm
CAMPAIGN,my/campaigns/nothinglike/au/lizard-island,my/campaigns/nothinglike/au/lizard-island.htm
CAMPAIGN,my/campaigns/nothinglike/au/lizard-island-product1,my/campaigns/nothinglike/au/lizard-island-product1.htm
CAMPAIGN,my/campaigns/nothinglike/au/lizard-island-product2,my/campaigns/nothinglike/au/lizard-island-product2.htm
CAMPAIGN,my/campaigns/nothinglike/au/lizard-island-product3,my/campaigns/nothinglike/au/lizard-island-product3.htm
CAMPAIGN,my/campaigns/nothinglike/au/lizard-island-product5,my/campaigns/nothinglike/au/lizard-island-product5.htm
CAMPAIGN,my/campaigns/nothinglike/au/lizard-island-product6,my/campaigns/nothinglike/au/lizard-island-product6.htm
CAMPAIGN,my/campaigns/nothinglike/au/lizard-island-product7,my/campaigns/nothinglike/au/lizard-island-product7.htm
CAMPAIGN,my/campaigns/nothinglike/au/lizard-island-product8,my/campaigns/nothinglike/au/lizard-island-product8.htm
CAMPAIGN,my/campaigns/nothinglike/au/lizard-island-product9,my/campaigns/nothinglike/au/lizard-island-product9.htm
CAMPAIGN,my/campaigns/nothinglike/au/melbourne,my/campaigns/nothinglike/au/melbourne.htm
CAMPAIGN,my/campaigns/nothinglike/au/melbourne-product1,my/campaigns/nothinglike/au/melbourne-product1.htm
CAMPAIGN,my/campaigns/nothinglike/au/melbourne-product2,my/campaigns/nothinglike/au/melbourne-product2.htm
CAMPAIGN,my/campaigns/nothinglike/au/melbourne-product3,my/campaigns/nothinglike/au/melbourne-product3.htm
CAMPAIGN,my/campaigns/nothinglike/au/melbourne-product4,my/campaigns/nothinglike/au/melbourne-product4.htm
CAMPAIGN,my/campaigns/nothinglike/au/melbourne-product5,my/campaigns/nothinglike/au/melbourne-product5.htm
CAMPAIGN,my/campaigns/nothinglike/au/melbourne-product6,my/campaigns/nothinglike/au/melbourne-product6.htm
CAMPAIGN,my/campaigns/nothinglike/au/melbourne-product7,my/campaigns/nothinglike/au/melbourne-product7.htm
CAMPAIGN,my/campaigns/nothinglike/au/melbourne-product8,my/campaigns/nothinglike/au/melbourne-product8.htm
CAMPAIGN,my/campaigns/nothinglike/au/melbourne-product9,my/campaigns/nothinglike/au/melbourne-product9.htm
CAMPAIGN,my/campaigns/nothinglike/au/melbourne-product10,my/campaigns/nothinglike/au/melbourne-product10.htm
CAMPAIGN,my/campaigns/nothinglike/au/melbourne-itinerary,my/campaigns/nothinglike/au/melbourne-itinerary.htm
CAMPAIGN,my/campaigns/nothinglike/au/melbourne-itinerary2,my/campaigns/nothinglike/au/melbourne-itinerary2.htm
CAMPAIGN,my/campaigns/nothinglike/au/melbourne-itinerary3,my/campaigns/nothinglike/au/melbourne-itinerary3.htm
CAMPAIGN,my/campaigns/nothinglike/au/melbourne-itinerary4,my/campaigns/nothinglike/au/melbourne-itinerary4.htm
CAMPAIGN,my/campaigns/nothinglike/au/melbourne-experiences,my/campaigns/nothinglike/au/melbourne-experiences.htm
CAMPAIGN,my/campaigns/nothinglike/au/sydney,my/campaigns/nothinglike/au/sydney.htm
CAMPAIGN,my/campaigns/nothinglike/au/sydney-product1,my/campaigns/nothinglike/au/sydney-product1.htm
CAMPAIGN,my/campaigns/nothinglike/au/sydney-product2,my/campaigns/nothinglike/au/sydney-product2.htm
CAMPAIGN,my/campaigns/nothinglike/au/sydney-product3,my/campaigns/nothinglike/au/sydney-product3.htm
CAMPAIGN,my/campaigns/nothinglike/au/sydney-product4,my/campaigns/nothinglike/au/sydney-product4.htm
CAMPAIGN,my/campaigns/nothinglike/au/sydney-product5,my/campaigns/nothinglike/au/sydney-product5.htm
CAMPAIGN,my/campaigns/nothinglike/au/sydney-product6,my/campaigns/nothinglike/au/sydney-product6.htm
CAMPAIGN,my/campaigns/nothinglike/au/sydney-product7,my/campaigns/nothinglike/au/sydney-product7.htm
CAMPAIGN,my/campaigns/nothinglike/au/sydney-product8,my/campaigns/nothinglike/au/sydney-product8.htm
CAMPAIGN,my/campaigns/nothinglike/au/sydney-product9,my/campaigns/nothinglike/au/sydney-product9.htm
CAMPAIGN,my/campaigns/nothinglike/au/sydney-product10,my/campaigns/nothinglike/au/sydney-product10.htm
CAMPAIGN,my/campaigns/nothinglike/au/sydney-product11,my/campaigns/nothinglike/au/sydney-product11.htm
CAMPAIGN,my/campaigns/nothinglike/au/sydney-itinerary,my/campaigns/nothinglike/au/sydney-itinerary.htm
CAMPAIGN,my/campaigns/nothinglike/au/sydney-itinerary2,my/campaigns/nothinglike/au/sydney-itinerary2.htm
CAMPAIGN,my/campaigns/nothinglike/au/sydney-itinerary3,my/campaigns/nothinglike/au/sydney-itinerary3.htm
CAMPAIGN,my/campaigns/nothinglike/au/sydney-itinerary4,my/campaigns/nothinglike/au/sydney-itinerary4.htm
CAMPAIGN,my/campaigns/nothinglike/au/sydney-experiences,my/campaigns/nothinglike/au/sydney-experiences.htm
CAMPAIGN,my/campaigns/nothinglike/au/uluru,my/campaigns/nothinglike/au/uluru.htm
CAMPAIGN,my/campaigns/nothinglike/au/uluru-product1,my/campaigns/nothinglike/au/uluru-product1.htm
CAMPAIGN,my/campaigns/nothinglike/au/uluru-product2,my/campaigns/nothinglike/au/uluru-product2.htm
CAMPAIGN,my/campaigns/nothinglike/au/uluru-product3,my/campaigns/nothinglike/au/uluru-product3.htm
CAMPAIGN,my/campaigns/nothinglike/au/uluru-product4,my/campaigns/nothinglike/au/uluru-product4.htm
CAMPAIGN,my/campaigns/nothinglike/au/uluru-product5,my/campaigns/nothinglike/au/uluru-product5.htm
CAMPAIGN,my/campaigns/nothinglike/au/uluru-product6,my/campaigns/nothinglike/au/uluru-product6.htm
CAMPAIGN,my/campaigns/nothinglike/au/uluru-product7,my/campaigns/nothinglike/au/uluru-product7.htm
CAMPAIGN,my/campaigns/nothinglike/au/uluru-product8,my/campaigns/nothinglike/au/uluru-product8.htm
CAMPAIGN,my/campaigns/nothinglike/au/uluru-product9,my/campaigns/nothinglike/au/uluru-product9.htm
CAMPAIGN,my/campaigns/nothinglike/au/uluru-itinerary,my/campaigns/nothinglike/au/uluru-itinerary.htm
CAMPAIGN,my/campaigns/nothinglike/au/uluru-experiences,my/campaigns/nothinglike/au/uluru-experiences.htm
CAMPAIGN,my/campaigns/nothinglike/au/wolgan-valley,my/campaigns/nothinglike/au/wolgan-valley.htm
CAMPAIGN,my/campaigns/nothinglike/au/wolgan-valley-product1,my/campaigns/nothinglike/au/wolgan-valley-product1.htm
CAMPAIGN,my/campaigns/nothinglike/au/wolgan-valley-product2,my/campaigns/nothinglike/au/wolgan-valley-product2.htm
CAMPAIGN,my/campaigns/nothinglike/au/wolgan-valley-product3,my/campaigns/nothinglike/au/wolgan-valley-product3.htm
CAMPAIGN,my/campaigns/nothinglike/au/wolgan-valley-product4,my/campaigns/nothinglike/au/wolgan-valley-product4.htm
CAMPAIGN,my/campaigns/nothinglike/au/wolgan-valley-product5,my/campaigns/nothinglike/au/wolgan-valley-product5.htm
CAMPAIGN,my/campaigns/nothinglike/au/wolgan-valley-product6,my/campaigns/nothinglike/au/wolgan-valley-product6.htm
CAMPAIGN,my/campaigns/nothinglike/au/wolgan-valley-product7,my/campaigns/nothinglike/au/wolgan-valley-product7.htm
CAMPAIGN,my/campaigns/nothinglike/au/wolgan-valley-product8,my/campaigns/nothinglike/au/wolgan-valley-product8.htm
CAMPAIGN,my/campaigns/nothinglike/au/wolgan-valley-product9,my/campaigns/nothinglike/au/wolgan-valley-product9.htm
CAMPAIGN,my/campaigns/nothinglike/au/wolgan-valley-product10,my/campaigns/nothinglike/au/wolgan-valley-product10.htm
CAMPAIGN,my/campaigns/nothinglike/au/wolgan-valley-itinerary,my/campaigns/nothinglike/au/wolgan-valley-itinerary.htm
CAMPAIGN,my/campaigns/nothinglike/au/wolgan-valley-itinerary2,my/campaigns/nothinglike/au/wolgan-valley-itinerary2.htm
CAMPAIGN,my/campaigns/nothinglike/au/wolgan-valley-itinerary3,my/campaigns/nothinglike/au/wolgan-valley-itinerary3.htm
CAMPAIGN,my/campaigns/nothinglike/au/wolgan-valley-itinerary4,my/campaigns/nothinglike/au/wolgan-valley-itinerary4.htm
CAMPAIGN,my/campaigns/nothinglike/au/wolgan-valley-itinerary5,my/campaigns/nothinglike/au/wolgan-valley-itinerary5.htm
CAMPAIGN,my/campaigns/nothinglike/au/wolgan-valley-itinerary6,my/campaigns/nothinglike/au/wolgan-valley-itinerary6.htm
CAMPAIGN,my/campaigns/nothinglike/au/wolgan-valley-experiences,my/campaigns/nothinglike/au/wolgan-valley-experiences.htm
ARTICLE,my/planning/australian-public-holidays,my/plan/before-you-go/australian-public-holidays
ARTICLE,my/planning/australian-school-holidays,my/plan/before-you-go/australian-school-holidays
ARTICLE,my/planning/health-safety,my/plan/before-you-go/health-safety
ARTICLE,my/planning/useful-tips,my/plan/before-you-go/useful-tips
ARTICLE,my/articles/australias-animals,my/about/key-facts/australias-animals
ARTICLE,my/articles/heritage-attractions,my/about/culture-history/australian-culture/heritage-attractions
ARTICLE,my/planning/backpacker-essentials,my/plan/before-you-go/work-volunteer-study/backpacker-essentials
ARTICLE,my/planning/backpacker-precincts,my/plan/before-you-go/work-volunteer-study/backpacker-precincts
ARTICLE,my/planning/youth-visa,my/plan/before-you-go/work-volunteer-study/youth-visa
ARTICLE,my/planning/planning-a-trip,my/plan/before-you-go/planning-a-trip
ARTICLE,my/articles/foa-holiday-favourites-au,foa-holiday-favourites-au
ARTICLE,my/articles/foa-holiday-favourites-john-bertrand-au,foa-holiday-favourites-john-bertrand-au
ARTICLE,my/articles/foa-holiday-favourites-terri-irwin-au,foa-holiday-favourites-terri-irwin-au
ARTICLE,my/articles/foa-holiday-favourites-david-whitehill-au,foa-holiday-favourites-david-whitehill-au
ARTICLE,my/articles/foa-holiday-favourites-steve-liebman-au,foa-holiday-favourites-steve-liebman-au
ARTICLE,my/articles/foa-holiday-favourites-sophie-falkiner-au,foa-holiday-favourites-sophie-falkiner-au
CAMPAIGN,my/campaigns/makingtracks/index,my/campaigns/makingtracks/index.htm
CAMPAIGN,my/campaigns/makingtracks/meet-the-musician-Andy-Bull,my/campaigns/makingtracks/meet-the-musician-Andy-Bull.htm
CAMPAIGN,my/campaigns/makingtracks/meet-the-musician-Desmond-NeySmith,my/campaigns/makingtracks/meet-the-musician-Desmond-NeySmith.htm
CAMPAIGN,my/campaigns/makingtracks/meet-the-musician-Dewayne-Everett-Smith,my/campaigns/makingtracks/meet-the-musician-Dewayne-Everett-Smith.htm
CAMPAIGN,my/campaigns/makingtracks/meet-the-musician-Irene-Chen,my/campaigns/makingtracks/meet-the-musician-Irene-Chen.htm
CAMPAIGN,my/campaigns/makingtracks/meet-the-musician-Jasmine-Beam,my/campaigns/makingtracks/meet-the-musician-Jasmine-Beam.htm
CAMPAIGN,my/campaigns/makingtracks/meet-the-musician-Luke-Web,my/campaigns/makingtracks/meet-the-musician-Luke-Web.htm
CAMPAIGN,my/campaigns/makingtracks/meet-the-musician-Samuel-Blair,my/campaigns/makingtracks/meet-the-musician-Samuel-Blair.htm
CAMPAIGN,my/campaigns/makingtracks/meet-the-musician-Stu-Cullen,my/campaigns/makingtracks/meet-the-musician-Stu-Cullen.htm
CAMPAIGN,my/campaigns/makingtracks/musical-pairs-luke-desmond,my/campaigns/makingtracks/musical-pairs-luke-desmond.htm
CAMPAIGN,my/campaigns/makingtracks/musical-pairs-andy-irene,my/campaigns/makingtracks/musical-pairs-andy-irene.htm
CAMPAIGN,my/campaigns/makingtracks/musical-pairs-dewayne-jasmine,my/campaigns/makingtracks/musical-pairs-dewayne-jasmine.htm
CAMPAIGN,my/campaigns/makingtracks/musical-pairs-stu-samuel,my/campaigns/makingtracks/musical-pairs-stu-samuel.htm