ICON,en/places/great-barrier-reef,en/explore/icons/great-barrier-reef
ICON,en/places/red-centre,en/explore/icons/red-centre
ICON,en/places/great-ocean-road,en/explore/icons/great-ocean-road
ICON,en/places/kakadu,en/explore/icons/kakadu
ICON,en/places/kimberley,en/explore/icons/kimberley
ICON,en/places/kangaroo-island,en/explore/icons/kangaroo-island
ICON,en/places/byron-bay,en/explore/icons/byron-bay
ICON,en/places/tas-wilderness,en/explore/icons/tas-wilderness
ICON,en/places/alps,en/explore/icons/alps
ICON,en/places/ningaloo,en/explore/icons/ningaloo
ICON,en/places/flinders,en/explore/icons/flinders
ICON,en/places/fraser-island,en/explore/icons/fraser-island
ICON,en/places/freycinet,en/explore/icons/freycinet
ICON,en/places/gippsland,en/explore/icons/gippsland
ICON,en/places/blue-mountains,en/explore/icons/blue-mountains
ICON,en/places/namadgi,en/explore/icons/namadgi
CITY,en/places/sydney,en/explore/cities/sydney
CITY,en/places/melbourne,en/explore/cities/melbourne
CITY,en/places/brisbane,en/explore/cities/brisbane
CITY,en/places/perth,en/explore/cities/perth
CITY,en/places/darwin,en/explore/cities/darwin
CITY,en/places/adelaide,en/explore/cities/adelaide
CITY,en/places/hobart,en/explore/cities/hobart
CITY,en/places/canberra,en/explore/cities/canberra
CITY,en/places/gold-coast,en/explore/cities/gold-coast
CITY,en/places/cairns,en/explore/cities/cairns
CITY,en/places/alice-springs,en/explore/cities/alice-springs
CITY,en/places/broome,en/explore/cities/broome
CATEGORY PAGE,en/places/regional-cities,en/explore/cities/regional-cities
CITY,en/places/nsw/orange,en/explore/events/nsw-taste-of-orange
CITY,en/places/qld/bundaberg-natural-attraction,en/explore/cities/regional-cities/bundaberg-natural-attraction
CITY,en/places/tas/launceston-devonport-burnie,en/explore/cities/regional-cities/tas-launceston-devonport-burnie
CITY,en/places/vic/bendigo,en/explore/states/vic/vic-bendigo
CITY,en/places/wa/albany,en/explore/cities/regional-cities/wa-albany
CITY,en/places/wa/kalgoorlie,en/explore/states/wa/wa-kalgoorlie
CITY,en/places/wa/kununurra,en/explore/states/wa/wa-kununurra
STATE,en/places/nsw,en/explore/states/nsw
ARTICLE,en/places/nsw/anz-stadium,en/about/culture-history/stadiums/anz-stadium
ARTICLE,en/places/nsw/allianz-stadium,en/about/culture-history/stadiums/allianz-stadium
ARTICLE,en/places/nsw/nsw-glebe,en/explore/cities/sydney/nsw-glebe
ARTICLE,en/places/nsw/sydney-the-rocks,en/explore/cities/sydney/sydney-the-rocks
ARTICLE,en/places/nsw/sydney-harbour-np,en/explore/cities/sydney/sydney-harbour-np
ARTICLE,en/places/nsw/nsw-manly-beach,en/explore/cities/sydney/nsw-manly-beach
ARTICLE,en/places/nsw/nsw-palm-beach,en/explore/cities/sydney/nsw-palm-beach
ARTICLE,en/places/nsw/nsw-bondi-beach,en/explore/cities/sydney/nsw-bondi-beach
ARTICLE,en/places/nsw/nsw-bondi-bronte,en/explore/cities/sydney/nsw-bondi-bronte
ARTICLE,en/places/nsw/nsw-coogee-beach,en/explore/cities/sydney/nsw-coogee-beach
ARTICLE,en/places/nsw/nsw-sydney-beaches,en/explore/cities/sydney/nsw-sydney-beaches
ARTICLE,en/places/nsw/coffs-harbour,en/explore/states/nsw/coffs-harbour
ARTICLE,en/places/nsw/nsw-spring-hunter-valley,en/explore/states/nsw/nsw-spring-hunter-valley
ARTICLE,en/places/nsw/nsw-jervis-bay,en/explore/states/nsw/nsw-jervis-bay
STATE,en/places/vic,en/explore/states/vic
ARTICLE,en/places/vic/flemington-racecourse-stadium,en/about/culture-history/stadiums/flemington-racecourse-stadium
ARTICLE,en/places/vic/melbourne-cricket-ground,en/about/culture-history/stadiums/melbourne-cricket-ground
ARTICLE,en/places/vic/rod-laver-arena,en/about/culture-history/stadiums/rod-laver-arena
ARTICLE,en/places/vic/etihad-stadium,en/about/culture-history/stadiums/etihad-stadium
ARTICLE,en/places/vic/melbourne-hidden-laneways,en/explore/cities/melbourne/melbourne-hidden-laneways
ARTICLE,en/places/vic/melbourne-rooftop-culture,en/explore/cities/melbourne/melbourne-rooftop-culture
ARTICLE,en/places/vic/vic-brunswick,en/explore/cities/melbourne/vic-brunswick
ARTICLE,en/places/vic/fed-square,en/explore/cities/melbourne/fed-square
ARTICLE,en/places/vic/st-kilda,en/explore/cities/melbourne/st-kilda
ARTICLE,en/places/vic/mornington-peninsula,en/explore/cities/melbourne/mornington-peninsula
ARTICLE,en/places/vic/vic-torquay,en/explore/states/vic/vic-torquay
ARTICLE,en/places/vic/vic-grampians,en/explore/states/vic/vic-grampians
ARTICLE,en/places/vic/vic-12-apostles,en/explore/states/vic/vic-12-apostles
ARTICLE,en/places/vic/vic-bendigo,en/explore/states/vic/vic-bendigo
ARTICLE,en/places/vic/vic-snow-play,en/explore/states/vic/vic-snow-play
STATE,en/places/qld,en/explore/states/qld
ARTICLE,en/places/qld/suncorp-stadium,en/about/culture-history/stadiums/suncorp-stadium
ARTICLE,en/places/qld/the-gabba,en/about/culture-history/stadiums/the-gabba
ARTICLE,en/places/qld/brisbane-culture-life,en/explore/cities/brisbane/brisbane-culture-life
ARTICLE,en/places/qld/qld-adventure-on-brisbane-river,en/explore/cities/brisbane/qld-adventure-on-brisbane-river
ARTICLE,en/places/qld/qld-surfing,en/explore/cities/gold-coast/qld-surfing
ARTICLE,en/places/qld/port-douglas,en/explore/cities/cairns/port-douglas
ARTICLE,en/places/qld/kuranda,en/explore/cities/cairns/kuranda
STATE,en/places/nt,en/explore/states/nt
ARTICLE,en/places/nt/darwin-historical-attractions,en/explore/cities/darwin/nt-darwin-historical-attractions
ARTICLE,en/places/nt/darwin-art-precincts,en/explore/cities/darwin/darwin-art-precincts
ARTICLE,en/places/nt/darwin-waterfront,en/explore/cities/darwin/darwin-waterfront
ARTICLE,en/places/nt/mindil-markets,en/explore/cities/darwin/nt-mindil-markets
STATE,en/places/wa,en/explore/states/wa
ARTICLE,en/places/wa/the-waca,en/about/culture-history/stadiums/the-waca
ARTICLE,en/places/wa/perth-city-precincts,en/explore/cities/perth/perth-city-precincts
ARTICLE,en/places/wa/cottesloe-beach,en/explore/cities/perth/wa-cottesloe-beach
ARTICLE,en/places/wa/rottnest-island,en/explore/cities/perth/rottnest-island
ARTICLE,en/places/wa/cable-beach,en/explore/cities/broome/wa-cable-beach
ARTICLE,en/places/wa/albany,en/explore/cities/regional-cities/wa-albany
STATE,en/places/sa,en/explore/states/sa
ARTICLE,en/places/sa/adelaide-oval,en/about/culture-history/stadiums/adelaide-oval
ARTICLE,en/places/sa/adelaide-central-market,en/explore/cities/adelaide/adelaide-central-market
ARTICLE,en/places/sa/glenelg-beach,en/explore/cities/adelaide/sa-glenelg-beach
ARTICLE,en/places/sa/hahndorf,en/explore/cities/adelaide/sa-hahndorf
STATE,en/places/tas,en/explore/states/tas
ARTICLE,en/places/tas/hobart-salamanca-place,en/explore/cities/hobart/hobart-salamanca-place
ARTICLE,en/places/tas/winter-secrets,en/explore/states/tas/tas-winter-secrets
STATE,en/places/act,en/explore/states/act
ARTICLE,en/places/act/canberra-stadium,en/about/culture-history/stadiums/canberra-stadium
ARTICLE,en/places/act/manuka-oval,en/about/culture-history/stadiums/manuka-oval
ARTICLE,en/places/act/canberra-aboriginal-art,en/explore/cities/canberra/canberra-aboriginal-art
ARTICLE,en/places/act/canberra-home-grown-shopping,en/explore/cities/canberra/canberra-home-grown-shopping
ARTICLE,en/places/act/fireside-festival,en/explore/cities/canberra/act-fireside-festival
CATEGORY,en/itineraries/holiday-ideas,en/explore/itineraries-ideas/holiday-ideas
CATEGORY,en/itineraries/drive-australia,en/explore/itineraries-ideas/drive-australia
ITINERARY,en/itineraries/nsw-pacific-coast-touring-route,en/explore/itineraries/nsw-pacific-coast-touring-route
ITINERARY,en/itineraries/nt-red-centre-way,en/explore/itineraries/nt-red-centre-way
ITINERARY,en/itineraries/qld-pacific-coast,en/explore/itineraries/qld-pacific-coast
ITINERARY,en/itineraries/nt-natures-way,en/explore/itineraries/nt-natures-way
ITINERARY,en/itineraries/nsw-sydney-to-melbourne-coastal-drive,en/explore/itineraries/nsw-sydney-to-melbourne-coastal-drive
ITINERARY,en/itineraries/wa-indian-ocean-drive,en/explore/itineraries/wa-indian-ocean-drive
ITINERARY,en/itineraries/vic-great-southern-touring-route,en/explore/itineraries/vic-great-southern-touring-route
ITINERARY,en/itineraries/wa-gibb-river-rd,en/explore/itineraries/wa-gibb-river-rd
ITINERARY,en/itineraries/melbourne-adelaide-gor,en/explore/itineraries/melbourne-adelaide-gor
ITINERARY,en/itineraries/tas-circle-tas,en/explore/itineraries/tas-circle-tas
ITINERARY,en/itineraries/sa-loop,en/explore/itineraries/sa-loop
ITINERARY,en/itineraries/tas-east-coast,en/explore/itineraries/tas-east-coast
ITINERARY,en/itineraries/sa-explorers-highway,en/explore/itineraries/sa-explorers-highway
CATEGORY,en/itineraries/coastal-journeys,en/explore/itineraries-ideas/coastal-journeys
ITINERARY,en/itineraries/vic-great-southern-touring-route,en/explore/itineraries/vic-great-southern-touring-route
ITINERARY,en/itineraries/nsw-pacific-coast-touring-route,en/explore/itineraries/nsw-pacific-coast-touring-route
ITINERARY,en/itineraries/qld-pacific-coast,en/explore/itineraries/qld-pacific-coast
ITINERARY,en/itineraries/nsw-sydney-to-melbourne-coastal-drive,en/explore/itineraries/nsw-sydney-to-melbourne-coastal-drive
ITINERARY,en/itineraries/wa-south-west-beaches-goldfields,en/explore/itineraries/wa-south-west-beaches-goldfields
ITINERARY,en/itineraries/vic-wilsons-prom,en/explore/itineraries/vic-wilsons-prom
ITINERARY,en/itineraries/qld-3days-gold-coast,en/explore/itineraries/qld-3days-gold-coast
ITINERARY,en/itineraries/wa-3days-broome,en/explore/itineraries/wa-3days-broome
ITINERARY,en/itineraries/tas-east-coast,en/explore/itineraries/tas-east-coast
ITINERARY,en/itineraries/qld-whitsundays-sailing,en/explore/itineraries/qld-whitsundays-sailing
ITINERARY,en/itineraries/qld-great-sunshine-way,en/explore/itineraries/qld-great-sunshine-way
ITINERARY,en/itineraries/qld-3days-cairns,en/explore/itineraries/qld-3days-cairns
ITINERARY,en/itineraries/wa-indian-ocean-drive,en/explore/itineraries/wa-indian-ocean-drive
ITINERARY,en/itineraries/qld-tropical-drive,en/explore/itineraries/qld-tropical-drive
ITINERARY,en/itineraries/melbourne-adelaide-gor,en/explore/itineraries/melbourne-adelaide-gor
ITINERARY,en/itineraries/big-pacific-coast-touring-route,en/explore/itineraries/big-pacific-coast-touring-route
CATEGORY,en/itineraries/outback-journeys,en/explore/itineraries-ideas/outback-journeys
ITINERARY,en/itineraries/wa-gibb-river-rd,en/explore/itineraries/wa-gibb-river-rd
ITINERARY,en/itineraries/nt-red-centre-way,en/explore/itineraries/nt-red-centre-way
ITINERARY,en/itineraries/sa-explorers-highway,en/explore/itineraries/sa-explorers-highway
ITINERARY,en/itineraries/wa-savannah,en/explore/itineraries/wa-savannah
ITINERARY,en/itineraries/qld-savannah-way,en/explore/itineraries/qld-savannah-way
ITINERARY,en/itineraries/sa-loop,en/explore/itineraries/sa-loop
ITINERARY,en/itineraries/nt-natures-way,en/explore/itineraries/nt-natures-way
ITINERARY,en/itineraries/nt-larapinta-trail,en/explore/itineraries/nt-larapinta-trail
ITINERARY,en/itineraries/wa-sa-nsw-indian-pacific,en/explore/itineraries/wa-sa-nsw-indian-pacific
ITINERARY,en/itineraries/sa-ghan,en/explore/itineraries/sa-ghan
ITINERARY,en/itineraries/crossing-nullarbor,en/explore/itineraries/crossing-nullarbor
CATEGORY,en/itineraries/nature-discovery,en/explore/itineraries-ideas/nature-discovery
ITINERARY,en/itineraries/nt-natures-way,en/explore/itineraries/nt-natures-way
ITINERARY,en/itineraries/vic-great-alpine-way,en/explore/itineraries/vic-great-alpine-way
ITINERARY,en/itineraries/tas-circle-tas,en/explore/itineraries/tas-circle-tas
ITINERARY,en/itineraries/tas-east-coast,en/explore/itineraries/tas-east-coast
ITINERARY,en/itineraries/sa-loop,en/explore/itineraries/sa-loop
ITINERARY,en/itineraries/tas-overland-track,en/explore/itineraries/tas-overland-track
ITINERARY,en/itineraries/act-australian-alps-walking-track,en/explore/itineraries/act-australian-alps-walking-track
ITINERARY,en/itineraries/qld-goldcoast-hinterland,en/explore/itineraries/qld-goldcoast-hinterland
ITINERARY,en/itineraries/sa-heysen-trail,en/explore/itineraries/sa-heysen-trail
ITINERARY,en/itineraries/vic-wilsons-prom,en/explore/itineraries/vic-wilsons-prom
ITINERARY,en/itineraries/nsw-six-foot-track,en/explore/itineraries/nsw-six-foot-track
ITINERARY,en/itineraries/act-capital-country,en/explore/itineraries/act-capital-country
ITINERARY,en/itineraries/act-poachers-way,en/explore/itineraries/act-poachers-way
ITINERARY,en/itineraries/rainforest-way,en/explore/itineraries/rainforest-way
CATEGORY,en/itineraries/adventure-journeys,en/explore/itineraries-ideas/adventure-journeys
ITINERARY,en/itineraries/wa-gibb-river-rd,en/explore/itineraries/wa-gibb-river-rd
ITINERARY,en/itineraries/nt-red-centre-way,en/explore/itineraries/nt-red-centre-way
ITINERARY,en/itineraries/sa-explorers-highway,en/explore/itineraries/sa-explorers-highway
ITINERARY,en/itineraries/wa-savannah,en/explore/itineraries/wa-savannah
ITINERARY,en/itineraries/qld-savannah-way,en/explore/itineraries/qld-savannah-way
ITINERARY,en/itineraries/sa-loop,en/explore/itineraries/sa-loop
ITINERARY,en/itineraries/nt-natures-way,en/explore/itineraries/nt-natures-way
ITINERARY,en/itineraries/nt-larapinta-trail,en/explore/itineraries/nt-larapinta-trail
ITINERARY,en/itineraries/sa-heysen-trail,en/explore/itineraries/sa-heysen-trail
ITINERARY,en/itineraries/qld-whitsundays-sailing,en/explore/itineraries/qld-whitsundays-sailing
ITINERARY,en/itineraries/wa-munda-biddi-trail,en/explore/itineraries/wa-munda-biddi-trail
ITINERARY,en/itineraries/crossing-nullarbor,en/explore/itineraries/crossing-nullarbor
CATEGORY,en/itineraries/aboriginal-discovery,en/explore/itineraries-ideas/aboriginal-discovery
ITINERARY,en/itineraries/nt-red-centre-way,en/explore/itineraries/nt-red-centre-way
ITINERARY,en/itineraries/nt-natures-way,en/explore/itineraries/nt-natures-way
ITINERARY,en/itineraries/sa-loop,en/explore/itineraries/sa-loop
ITINERARY,en/itineraries/vic-great-southern-touring-route,en/explore/itineraries/vic-great-southern-touring-route
ITINERARY,en/itineraries/tas-east-coast,en/explore/itineraries/tas-east-coast
ITINERARY,en/itineraries/sa-explorers-highway,en/explore/itineraries/sa-explorers-highway
ITINERARY,en/itineraries/wa-savannah,en/explore/itineraries/wa-savannah
ITINERARY,en/itineraries/wa-south-west-beaches-goldfields,en/explore/itineraries/wa-south-west-beaches-goldfields
CATEGORY,en/itineraries/walking-australia,en/explore/itineraries-ideas/walking-australia
ITINERARY,en/itineraries/tas-overland-track,en/explore/itineraries/tas-overland-track
ITINERARY,en/itineraries/act-australian-alps-walking-track,en/explore/itineraries/act-australian-alps-walking-track
ITINERARY,en/itineraries/qld-goldcoast-hinterland,en/explore/itineraries/qld-goldcoast-hinterland
ITINERARY,en/itineraries/sa-heysen-trail,en/explore/itineraries/sa-heysen-trail
ITINERARY,en/itineraries/nt-larapinta-trail,en/explore/itineraries/nt-larapinta-trail
ITINERARY,en/itineraries/vic-wilsons-prom,en/explore/itineraries/vic-wilsons-prom
ITINERARY,en/itineraries/nsw-six-foot-track,en/explore/itineraries/nsw-six-foot-track
ITINERARY,en/itineraries/wa-bibbulmun-track,en/explore/itineraries/wa-bibbulmun-track
ITINERARY,en/itineraries/nsw-kanangra-katoomba,en/explore/itineraries/nsw-kanangra-katoomba
ITINERARY,en/itineraries/sydney-coastal-walks,en/explore/itineraries/sydney-coastal-walks
ITINERARY,en/itineraries/hinchinbrook-island,en/explore/itineraries/hinchinbrook-island
CATEGORY,en/itineraries/holiday-ideas,en/explore/itineraries-ideas/holiday-ideas
ITINERARY,en/itineraries/nsw-3weeks-sydney,en/explore/itineraries/nsw-3weeks-sydney
ITINERARY,en/itineraries/vic-3weeks-melbourne,en/explore/itineraries/vic-3weeks-melbourne
ITINERARY,en/itineraries/qld-3weeks-brisbane,en/explore/itineraries/qld-3weeks-brisbane
ITINERARY,en/itineraries/wa-3weeks-perth,en/explore/itineraries/wa-3weeks-perth
ITINERARY,en/itineraries/sa-3weeks-adelaide,en/explore/itineraries/sa-3weeks-adelaide
ITINERARY,en/itineraries/nt-3weeks-darwin,en/explore/itineraries/nt-3weeks-darwin
ITINERARY,en/itineraries/qld-3weeks-cairns,en/explore/itineraries/qld-3weeks-cairns
CATEGORY,en/itineraries/city-journeys,en/explore/itineraries-ideas/city-journeys
ITINERARY,en/itineraries/nsw-3days-sydney,en/explore/itineraries/nsw-3days-sydney
ITINERARY,en/itineraries/vic-3days-melbourne,en/explore/itineraries/vic-3days-melbourne
ITINERARY,en/itineraries/qld-3days-brisbane,en/explore/itineraries/qld-3days-brisbane
ITINERARY,en/itineraries/wa-3days-perth,en/explore/itineraries/wa-3days-perth
ITINERARY,en/itineraries/sa-3days-adelaide,en/explore/itineraries/sa-3days-adelaide
ITINERARY,en/itineraries/nt-3days-darwin,en/explore/itineraries/nt-3days-darwin
ITINERARY,en/itineraries/tas-3days-hobart,en/explore/itineraries/tas-3days-hobart
ITINERARY,en/itineraries/act-3days-canberra,en/explore/itineraries/act-3days-canberra
ITINERARY,en/itineraries/qld-3days-cairns,en/explore/itineraries/qld-3days-cairns
ITINERARY,en/itineraries/nt-3days-alice-springs,en/explore/itineraries/nt-3days-alice-springs
ITINERARY,en/itineraries/wa-3days-broome,en/explore/itineraries/wa-3days-broome
ITINERARY,en/itineraries/qld-3days-gold-coast,en/explore/itineraries/qld-3days-gold-coast
CATEGORY,en/itineraries/australian-holiday-stories,en/explore/things-to-do/australian-holiday-stories
ITINERARY,en/itineraries/nsw-sydney-story,en/explore/cities/sydney/nsw-sydney-story
ITINERARY,en/itineraries/nt-uluru-story,en/explore/icons/red-centre/nt-uluru-story
ITINERARY,en/itineraries/wa-pinnacles-travel-story,en/explore/states/wa/wa-pinnacles-travel-story
ITINERARY,en/itineraries/tasman-national-park-story,en/explore/states/tas/tasman-national-park-story
ITINERARY,en/itineraries/margaret-river-story,en/explore/states/wa/margaret-river-story
ITINERARY,en/itineraries/sa-kangaroo-Island-story,en/explore/icons/kangaroo-island/sa-kangaroo-Island-story
ITINERARY,en/itineraries/nt-kakadu-story,en/explore/icons/kakadu/nt-kakadu-story
ITINERARY,en/itineraries/wa-kimberley-travel-story,en/explore/icons/kimberley/wa-kimberley-travel-story
ITINERARY,en/itineraries/liffey-falls-story,en/explore/cities/hobart/liffey-falls-story
ITINERARY,en/itineraries/port-campbell-travel-story,en/explore/icons/great-ocean-road/port-campbell-travel-story
ITINERARY,en/itineraries/qld-surfers-paradise-story,en/explore/cities/gold-coast/qld-surfers-paradise-story
ITINERARY,en/itineraries/bruny-travel-story,en/explore/states/tas/bruny-travel-story
ITINERARY,en/itineraries/qld-tangalooma-story,en/explore/cities/brisbane/qld-tangalooma-story
ITINERARY,en/itineraries/wa-karijini-story,en/explore/states/wa/wa-karijini-story
ITINERARY,en/itineraries/act-tharwa-story,en/explore/cities/canberra/act-tharwa-story
ITINERARY,en/itineraries/wa-valley-of-the-giants-story,en/explore/states/wa/wa-valley-of-the-giants-story
ITINERARY,en/itineraries/wa-wave-rock-story,en/explore/states/wa/wa-wave-rock-story
EVENT LANDING,en/events/major-events,en/explore/australian-events/major-events
EVENT LANDING,en/events/sporting-events,en/explore/australian-events/sporting-events
EVENT LANDING,en/events/horse-racing-events,en/explore/australian-events/horse-racing-events
EVENT LANDING,en/events/beaches-events,en/explore/australian-events/beaches-events
EVENT LANDING,en/events/culture-events,en/explore/australian-events/culture-events
EVENT LANDING,en/events/art-events,en/explore/australian-events/art-events
EVENT LANDING,en/events/music-festivals-events,en/explore/australian-events/music-festivals-events
EVENT LANDING,en/events/food-wine-events,en/explore/australian-events/food-wine-events
EVENT LANDING,en/events/regional-outback-events,en/explore/australian-events/regional-outback-events
EVENT LANDING,en/events/aboriginal-events,en/explore/australian-events/aboriginal-events
EVENT LANDING,en/events/natural-events,en/explore/australian-events/natural-events
EVENT LANDING,en/events/nat-uniquely-australian-events,en/explore/australian-events/nat-uniquely-australian-events
EVENT ARTICLE ,en/events/2014/january/tour-down-under,en/explore/events/tour-down-under
EVENT ARTICLE ,en/events/2014/february/australian-open,en/explore/events/australian-open
EVENT ARTICLE ,en/events/2014/march/australia-day,en/explore/events/australia-day
EVENT ARTICLE ,en/events/2014/april/melbourne-food-and-wine-festival,en/explore/events/melbourne-food-and-wine-festival
EVENT ARTICLE ,en/events/2014/may/vic-australian-grand-prix,en/explore/events/vic-australian-grand-prix
EVENT ARTICLE ,en/events/2014/june/opera-sydney-harbour,en/explore/events/opera-sydney-harbour
EVENT ARTICLE ,en/events/2014/july/sydney-royal-easter-show,en/explore/events/sydney-royal-easter-show
EVENT ARTICLE ,en/events/2014/august/vivid-sydney,en/explore/events/vivid-sydney
EVENT ARTICLE ,en/events/2014/september/british-lions-2013,en/explore/events/british-lions-2013
EVENT ARTICLE ,en/events/2014/october/australias-running-events,en/explore/events/australias-running-events
EVENT ARTICLE ,en/events/2014/november/floriade,en/explore/events/floriade
EVENT ARTICLE ,en/events/2014/december/afl-events,en/explore/events/afl-events
EVENT ARTICLE ,en/events/2014/january/melbourne-cup-carnival,en/explore/events/melbourne-cup-carnival
EVENT ARTICLE ,en/events/2014/february/syd-hobart-yacht-race,en/explore/events/syd-hobart-yacht-race
EVENT ARTICLE ,en/events/2014/march/nat-new-years-fireworks,en/explore/events/nat-new-years-fireworks
EVENT ARTICLE ,en/events/2014/april/sydney-mardi-gras,en/explore/events/sydney-mardi-gras
EVENT ARTICLE ,en/events/2014/may/jazz-blues-classical-festivals,en/explore/events/jazz-blues-classical-festivals
EVENT ARTICLE ,en/events/2014/june/indie-alternative-rock-festivals,en/explore/events/indie-alternative-rock-festivals
EVENT ARTICLE ,en/events/2014/july/folk-country-world-music-festivals,en/explore/events/folk-country-world-music-festivals
EVENT ARTICLE ,en/events/2014/august/horse-racing-events-article,en/explore/events/horse-racing-events-article
EVENT ARTICLE ,en/events/2014/september/act-canberra-balloon-fiesta,en/explore/events/act-canberra-balloon-fiesta
EVENT ARTICLE ,en/events/2014/october/nat-film-festivals,en/explore/events/nat-film-festivals
EVENT ARTICLE ,en/events/2014/november/nsw-taste-of-orange,en/explore/events/nsw-taste-of-orange
EVENT ARTICLE ,en/events/2014/december/nt-henley-on-todd,en/explore/events/nt-henley-on-todd
EVENT ARTICLE ,en/events/2014/january/tas-taste-festival,en/explore/events/tas-taste-festival
EVENT ARTICLE ,en/events/2014/february/vic-spring-racing,en/explore/events/vic-spring-racing
EVENT ARTICLE ,en/events/2014/march/australias-motorsport-events,en/explore/events/australias-motorsport-events
EVENT ARTICLE ,en/events/2014/april/nsw-orange-food-week,en/explore/events/nsw-orange-food-week
EVENT ARTICLE ,en/events/2014/may/qld-coolangatta-ocean-swim,en/explore/events/qld-coolangatta-ocean-swim
EVENT ARTICLE ,en/events/2014/june/summer-cricket,en/explore/events/summer-cricket
EVENT ARTICLE ,en/events/2014/july/wa-ord-valley-muster,en/explore/events/wa-ord-valley-muster
EVENT ARTICLE ,en/events/2014/august/australias-grand-slam-tennis,en/explore/events/australias-grand-slam-tennis
EVENT ARTICLE ,en/events/2014/september/surfing-events,en/explore/events/surfing-events
EVENT ARTICLE ,en/events/2014/october/australian-theatre,en/explore/events/australian-theatre
EVENT ARTICLE ,en/events/2014/november/ashes-2013,en/explore/events/ashes-2013
EVENT ARTICLE ,en/events/2014/december/australias-cycling-events,en/explore/events/australias-cycling-events
EVENT ARTICLE ,en/events/2014/january/australias-golf-events,en/explore/events/australias-golf-events
EVENT ARTICLE ,en/events/2014/february/australias-oceans-swims,en/explore/events/australias-oceans-swims
EVENT ARTICLE ,en/events/2014/march/bledisloe-cup,en/explore/events/bledisloe-cup
EVENT ARTICLE ,en/events/2014/april/endurance-events,en/explore/events/endurance-events
EVENT ARTICLE ,en/events/2014/may/sa-tasting-australia,en/explore/events/sa-tasting-australia
EVENT ARTICLE ,en/events/2014/june/australian-opera,en/explore/events/australian-opera
EVENT ARTICLE ,en/events/2014/july/sa-outback-cattle-drive,en/explore/events/sa-outback-cattle-drive
EVENT ARTICLE ,en/events/2014/august/wa-margaret-river-wine-festival,en/explore/events/wa-margaret-river-wine-festival
EVENT ARTICLE ,en/events/2014/september/surf-life-saving-events,en/explore/events/surf-life-saving-events
CATEGORY,en/categories/outback-australia,en/about/australias-landscapes/outback-australia
ARTICLE,en/places/nsw/mungo,en/explore/states/nsw/nsw-mungo
ARTICLE,en/articles/outback,en/about/australias-landscapes/outback/outback
ARTICLE,en/articles/houseboating-murray-river,en/explore/things-to-do/australian-adventure/houseboating-murray-river
ARTICLE,en/articles/glamping-australia,en/explore/things-to-do/australian-adventure/glamping-australia
ARTICLE,en/articles/outback-cattle-drive,en/explore/events/sa-outback-cattle-drive
CATEGORY,en/categories/aboriginal-australia,en/explore/things-to-do/aboriginal-australia
ARTICLE,en/articles/aboriginal,en/explore/things-to-do/aboriginal-australia/aboriginal
CITY ,en/places/nt/alice-springs,en/explore/cities/alice-springs
CATEGORY,en/categories/food-and-wine,en/explore/things-to-do/food-and-wine
ARTICLE,en/articles/australian-wineries,en/about/australias-landscapes/australian-wineries
ARTICLE,en/articles/ultimate-wineries,en/explore/things-to-do/ultimate-wineries
CATEGORY,en/categories/art-music-culture,en/about/culture-history/culture
ARTICLE,en/articles/australian-art,en/about/culture-history/australian-art
ARTICLE,en/articles/shopping,en/explore/things-to-do/shopping
ARTICLE,en/articles/shopping/nat-shopping,en/explore/things-to-do/shopping/nat-shopping
ARTICLE,en/articles/shopping/nat-australias-markets,en/explore/things-to-do/shopping/nat-australias-markets
ARTICLE,en/articles/shopping/australias-opals,en/explore/things-to-do/shopping/australias-opals
ARTICLE,en/articles/shopping/australian-souvenirs,en/explore/things-to-do/shopping/australian-souvenirs
ARTICLE,en/articles/famous-australians,en/about/culture-history/famous-australians
CATEGORY,en/categories/australias-islands,en/about/australias-landscapes/australias-islands
ARTICLE,en/places/qld/tangalooma,en/explore/states/qld/tangalooma
ARTICLE,en/places/qld/whitsundays-islands,en/explore/icons/great-barrier-reef/whitsundays-islands
ARTICLE,en/places/tas/tas-bass-strait-islands,en/explore/states/tas/tas-bass-strait-islands
ARTICLE,en/places/nsw/nsw-lord-howe-island,en/explore/states/nsw/nsw-lord-howe-island
ARTICLE,en/places/nt/tiwi-islands,en/about/australias-landscapes/australias-islands/tiwi-islands
CATEGORY,en/categories/nature and wildlife,en/about/australias-landscapes/nature
ARTICLE,en/articles/natural-australia,en/explore/things-to-do/natural-australia
ARTICLE,en/articles/nat-australias-rainforests,en/explore/things-to-do/nature/nat-australias-rainforests
ARTICLE,en/articles/world-heritage-sites-australia,en/explore/things-to-do/nature/world-heritage-sites-australia
ARTICLE,en/facts/plants,en/about/key-facts/plants
CATEGORY,en/categories/beaches ,en/about/australias-landscapes/australian-beaches
ARTICLE,en/articles/coastal,en/about/australias-landscapes/coastal
ARTICLE,en/articles/sydney-beaches,en/explore/cities/sydney/nsw-sydney-beaches
CATEGORY,en/categories/australian-sport ,en/explore/things-to-do/australian-adventure/nat-australian-sport
ARTICLE,en/articles/australias-stadiums-venues,en/about/culture-history/australias-stadiums-venues
ARTICLE,en/articles/great-golf-courses,en/explore/things-to-do/great-golf-courses
CATEGORY,en/categories/australian-adventure,en/explore/things-to-do/australian-adventure
ARTICLE,en/articles/great-walks,en/explore/things-to-do/great-walks
ARTICLE,en/articles/great-luxury-lodges,en/explore/things-to-do/great-luxury-lodges
CATEGORY  ,en/categories/youthful-travellers,en/explore/things-to-do/youthful-travellers
ARTICLE,en/planning/working-holiday-visa,en/plan/before-you-go/working-holiday-visa
ARTICLE,en/planning/working-holiday-visa-faq,en/plan/before-you-go/working-holiday-visa-faq
ARTICLE,en/planning/work-study-abroad,en/plan/before-you-go/work-study-abroad
CATEGORY ,en/facts,en/about
CATEGORY ,en/facts/weather,en/about/key-facts/weather
ARTICLE,en/facts/sydney-weather,en/about/key-facts/weather/sydney-weather
ARTICLE,en/facts/melbourne-weather,en/about/key-facts/weather/melbourne-weather
ARTICLE,en/facts/adelaide-weather,en/about/key-facts/weather/adelaide-weather
ARTICLE,en/facts/perth-weather,en/about/key-facts/weather/perth-weather
ARTICLE,en/facts/brisbane-weather,en/about/key-facts/weather/brisbane-weather
ARTICLE,en/facts/cairns-weather,en/about/key-facts/weather/cairns-weather
ARTICLE,en/facts/hobart-weather,en/about/key-facts/weather/hobart-weather
ARTICLE,en/facts/canberra-weather,en/about/key-facts/weather/canberra-weather
ARTICLE,en/facts/alice-springs-weather,en/about/key-facts/weather/alice-springs-weather
ARTICLE,en/facts/broome-weather,en/about/key-facts/weather/broome-weather
ARTICLE,en/facts/darwin-weather,en/about/key-facts/weather/darwin-weather
ARTICLE,en/facts/gold-coast-weather,en/about/key-facts/weather/gold-coast-weather
ARTICLE,en/planning/tips-hazards,en/plan/while-your-here/tips-hazards
CATEGORY ,en/facts/australias-seasons,en/about/australias-landscapes/australias-seasons
ARTICLE,en/facts/australias-seasons/summer,en/about/australias-landscapes/australias-seasons/summer
ARTICLE,en/facts/australias-seasons/autumn,en/about/australias-landscapes/australias-seasons/autumn
ARTICLE,en/facts/australias-seasons/winter,en/about/australias-landscapes/australias-seasons/winter
ARTICLE,en/facts/australias-seasons/spring,en/about/australias-landscapes/australias-seasons/spring
ARTICLE,en/planning/getting-there,en/plan/plan-your-trip/getting-there
CATEGORY ,en/planning/planning-a-trip,en/plan/before-you-go/planning-a-trip
ARTICLE,en/facts/currency,en/about/key-facts/currency
ARTICLE,en/facts/time-zones,en/about/key-facts/time-zones
ARTICLE,en/planning/getting-around,en/plan/while-your-here/getting-around
ARTICLE,en/planning/road-safety,en/plan/while-your-here/road-safety
ARTICLE,en/facts/cities-states-territories,en/about/key-facts/cities-states-territories
ARTICLE,en/planning/visa-information,en/plan/before-you-go/visa-information
ARTICLE,en/planning/customs-quarantine,en/plan/before-you-go/customs-quarantine
ASP SEARCH,en/planning/find-travel-agent,en/plan/plan-your-trip/find-travel-agent
ARTICLE,en/facts/emergency-services,en/about/key-facts/emergency-services
MAP IFRAME,explore,explore
SITE MAP,sitemap,sitemap
PRIVACY POLICY ,privacypolicy,privacypolicy
TERMS&CONDS,terms-conditions,terms-conditions
DISCLAIMER ,disclaimer,disclaimer
CAMPAIGN,nationallandscapes,nationallandscapes
CAMPAIGN,en/campaigns/nationallandscapes/AustralianAlps,en/campaigns/nationallandscapes/AustralianAlps.htm
CAMPAIGN,en/campaigns/nationallandscapes/AustraliasCoastalWilderness,en/campaigns/nationallandscapes/AustraliasCoastalWilderness.htm
CAMPAIGN,en/campaigns/nationallandscapes/AustraliasGreenCauldron,en/campaigns/nationallandscapes/AustraliasGreenCauldron.htm
CAMPAIGN,en/campaigns/nationallandscapes/FlindersRanges,en/campaigns/nationallandscapes/FlindersRanges.htm
CAMPAIGN,en/campaigns/nationallandscapes/AustraliasRedCentre,en/campaigns/nationallandscapes/AustraliasRedCentre.htm
CAMPAIGN,en/campaigns/nationallandscapes/GreatBarrierReef,en/campaigns/nationallandscapes/GreatBarrierReef.htm
CAMPAIGN,en/campaigns/nationallandscapes/GreatOceanRoad,en/campaigns/nationallandscapes/GreatOceanRoad.htm
CAMPAIGN,en/campaigns/nationallandscapes/GreaterBlueMountains,en/campaigns/nationallandscapes/GreaterBlueMountains.htm
CAMPAIGN,en/campaigns/nationallandscapes/Great-South-West-Edge,en/campaigns/nationallandscapes/Great-South-West-Edge.htm
CAMPAIGN,en/campaigns/nationallandscapes/Australias-Timeless-North,en/campaigns/nationallandscapes/Australias-Timeless-North.htm
CAMPAIGN,en/campaigns/nationallandscapes/KangarooIsland,en/campaigns/nationallandscapes/KangarooIsland.htm
CAMPAIGN,en/campaigns/nationallandscapes/NingalooSharkBay,en/campaigns/nationallandscapes/NingalooSharkBay.htm
CAMPAIGN,en/campaigns/nationallandscapes/SydneyHarbour,en/campaigns/nationallandscapes/SydneyHarbour.htm
CAMPAIGN,en/campaigns/nationallandscapes/TasmaniasIslandHeritage,en/campaigns/nationallandscapes/TasmaniasIslandHeritage.htm
CAMPAIGN,en/campaigns/nationallandscapes/TheKimberley,en/campaigns/nationallandscapes/TheKimberley.htm
CAMPAIGN,en/campaigns/nationallandscapes/wettropics,en/campaigns/nationallandscapes/wettropics.htm
CAMPAIGN,en/campaigns/nothinglike/au,en/campaigns/nothinglike/au/index.htm
CAMPAIGN,en/campaigns/nothinglike/au/bungle-bungles,en/campaigns/nothinglike/au/bungle-bungles.htm
CAMPAIGN,en/campaigns/nothinglike/au/bungle-bungles-product1,en/campaigns/nothinglike/au/bungle-bungles-product1.htm
CAMPAIGN,en/campaigns/nothinglike/au/bungle-bungles-product2,en/campaigns/nothinglike/au/bungle-bungles-product2.htm
CAMPAIGN,en/campaigns/nothinglike/au/bungle-bungles-product3,en/campaigns/nothinglike/au/bungle-bungles-product3.htm
CAMPAIGN,en/campaigns/nothinglike/au/bungle-bungles-product4,en/campaigns/nothinglike/au/bungle-bungles-product4.htm
CAMPAIGN,en/campaigns/nothinglike/au/bungle-bungles-product5,en/campaigns/nothinglike/au/bungle-bungles-product5.htm
CAMPAIGN,en/campaigns/nothinglike/au/bungle-bungles-product6,en/campaigns/nothinglike/au/bungle-bungles-product6.htm
CAMPAIGN,en/campaigns/nothinglike/au/bungle-bungles-product7,en/campaigns/nothinglike/au/bungle-bungles-product7.htm
CAMPAIGN,en/campaigns/nothinglike/au/bungle-bungles-product8,en/campaigns/nothinglike/au/bungle-bungles-product8.htm
CAMPAIGN,en/campaigns/nothinglike/au/bungle-bungles-product9,en/campaigns/nothinglike/au/bungle-bungles-product9.htm
CAMPAIGN,en/campaigns/nothinglike/au/bungle-bungles-product10,en/campaigns/nothinglike/au/bungle-bungles-product10.htm
CAMPAIGN,en/campaigns/nothinglike/au/bungle-bungles-itinerary,en/campaigns/nothinglike/au/bungle-bungles-itinerary.htm
CAMPAIGN,en/campaigns/nothinglike/au/bungle-bungles-itinerary2,en/campaigns/nothinglike/au/bungle-bungles-itinerary2.htm
CAMPAIGN,en/campaigns/nothinglike/au/bungle-bungles-itinerary3,en/campaigns/nothinglike/au/bungle-bungles-itinerary3.htm
CAMPAIGN,en/campaigns/nothinglike/au/bungle-bungles-itinerary4,en/campaigns/nothinglike/au/bungle-bungles-itinerary4.htm
CAMPAIGN,en/campaigns/nothinglike/au/bungle-bungles-experiences,en/campaigns/nothinglike/au/bungle-bungles-experiences.htm
CAMPAIGN,en/campaigns/nothinglike/au/canberra,en/campaigns/nothinglike/au/canberra.htm
CAMPAIGN,en/campaigns/nothinglike/au/canberra-product1,en/campaigns/nothinglike/au/canberra-product1.htm
CAMPAIGN,en/campaigns/nothinglike/au/canberra-product2,en/campaigns/nothinglike/au/canberra-product2.htm
CAMPAIGN,en/campaigns/nothinglike/au/canberra-product3,en/campaigns/nothinglike/au/canberra-product3.htm
CAMPAIGN,en/campaigns/nothinglike/au/canberra-product4,en/campaigns/nothinglike/au/canberra-product4.htm
CAMPAIGN,en/campaigns/nothinglike/au/canberra-product5,en/campaigns/nothinglike/au/canberra-product5.htm
CAMPAIGN,en/campaigns/nothinglike/au/canberra-product6,en/campaigns/nothinglike/au/canberra-product6.htm
CAMPAIGN,en/campaigns/nothinglike/au/canberra-product7,en/campaigns/nothinglike/au/canberra-product7.htm
CAMPAIGN,en/campaigns/nothinglike/au/canberra-product8,en/campaigns/nothinglike/au/canberra-product8.htm
CAMPAIGN,en/campaigns/nothinglike/au/canberra-product9,en/campaigns/nothinglike/au/canberra-product9.htm
CAMPAIGN,en/campaigns/nothinglike/au/canberra-product10,en/campaigns/nothinglike/au/canberra-product10.htm
CAMPAIGN,en/campaigns/nothinglike/au/canberra-product11,en/campaigns/nothinglike/au/canberra-product11.htm
CAMPAIGN,en/campaigns/nothinglike/au/canberra-itinerary,en/campaigns/nothinglike/au/canberra-itinerary.htm
CAMPAIGN,en/campaigns/nothinglike/au/canberra-itinerary2,en/campaigns/nothinglike/au/canberra-itinerary2.htm
CAMPAIGN,en/campaigns/nothinglike/au/canberra-itinerary3,en/campaigns/nothinglike/au/canberra-itinerary3.htm
CAMPAIGN,en/campaigns/nothinglike/au/canberra-itinerary4,en/campaigns/nothinglike/au/canberra-itinerary4.htm
CAMPAIGN,en/campaigns/nothinglike/au/canberra-experiences,en/campaigns/nothinglike/au/canberra-experiences.htm
CAMPAIGN,en/campaigns/nothinglike/au/cape-leveque,en/campaigns/nothinglike/au/cape-leveque.htm
CAMPAIGN,en/campaigns/nothinglike/au/cape-leveque-product1,en/campaigns/nothinglike/au/cape-leveque-product1.htm
CAMPAIGN,en/campaigns/nothinglike/au/cape-leveque-product2,en/campaigns/nothinglike/au/cape-leveque-product2.htm
CAMPAIGN,en/campaigns/nothinglike/au/cape-leveque-product3,en/campaigns/nothinglike/au/cape-leveque-product3.htm
CAMPAIGN,en/campaigns/nothinglike/au/cape-leveque-product4,en/campaigns/nothinglike/au/cape-leveque-product4.htm
CAMPAIGN,en/campaigns/nothinglike/au/cape-leveque-product5,en/campaigns/nothinglike/au/cape-leveque-product5.htm
CAMPAIGN,en/campaigns/nothinglike/au/cape-leveque-product6,en/campaigns/nothinglike/au/cape-leveque-product6.htm
CAMPAIGN,en/campaigns/nothinglike/au/cape-leveque-product7,en/campaigns/nothinglike/au/cape-leveque-product7.htm
CAMPAIGN,en/campaigns/nothinglike/au/cape-leveque-product8,en/campaigns/nothinglike/au/cape-leveque-product8.htm
CAMPAIGN,en/campaigns/nothinglike/au/cape-leveque-product9,en/campaigns/nothinglike/au/cape-leveque-product9.htm
CAMPAIGN,en/campaigns/nothinglike/au/cape-leveque-product10,en/campaigns/nothinglike/au/cape-leveque-product10.htm
CAMPAIGN,en/campaigns/nothinglike/au/cape-leveque-itinerary,en/campaigns/nothinglike/au/cape-leveque-itinerary.htm
CAMPAIGN,en/campaigns/nothinglike/au/cape-leveque-itinerary2,en/campaigns/nothinglike/au/cape-leveque-itinerary2.htm
CAMPAIGN,en/campaigns/nothinglike/au/cape-leveque-itinerary3,en/campaigns/nothinglike/au/cape-leveque-itinerary3.htm
CAMPAIGN,en/campaigns/nothinglike/au/cape-leveque-itinerary4,en/campaigns/nothinglike/au/cape-leveque-itinerary4.htm
CAMPAIGN,en/campaigns/nothinglike/au/cape-leveque-itinerary5,en/campaigns/nothinglike/au/cape-leveque-itinerary5.htm
CAMPAIGN,en/campaigns/nothinglike/au/cape-leveque-experiences,en/campaigns/nothinglike/au/cape-leveque-experiences.htm
CAMPAIGN,en/campaigns/nothinglike/au/el-questro,en/campaigns/nothinglike/au/el-questro.htm
CAMPAIGN,en/campaigns/nothinglike/au/el-questro-product1,en/campaigns/nothinglike/au/el-questro-product1.htm
CAMPAIGN,en/campaigns/nothinglike/au/el-questro-product2,en/campaigns/nothinglike/au/el-questro-product2.htm
CAMPAIGN,en/campaigns/nothinglike/au/el-questro-product3,en/campaigns/nothinglike/au/el-questro-product3.htm
CAMPAIGN,en/campaigns/nothinglike/au/el-questro-product4,en/campaigns/nothinglike/au/el-questro-product4.htm
CAMPAIGN,en/campaigns/nothinglike/au/el-questro-product5,en/campaigns/nothinglike/au/el-questro-product5.htm
CAMPAIGN,en/campaigns/nothinglike/au/el-questro-product6,en/campaigns/nothinglike/au/el-questro-product6.htm
CAMPAIGN,en/campaigns/nothinglike/au/el-questro-product7,en/campaigns/nothinglike/au/el-questro-product7.htm
CAMPAIGN,en/campaigns/nothinglike/au/el-questro-product8,en/campaigns/nothinglike/au/el-questro-product8.htm
CAMPAIGN,en/campaigns/nothinglike/au/el-questro-product9,en/campaigns/nothinglike/au/el-questro-product9.htm
CAMPAIGN,en/campaigns/nothinglike/au/el-questro-product10,en/campaigns/nothinglike/au/el-questro-product10.htm
CAMPAIGN,en/campaigns/nothinglike/au/el-questro-itinerary,en/campaigns/nothinglike/au/el-questro-itinerary.htm
CAMPAIGN,en/campaigns/nothinglike/au/el-questro-itinerary2,en/campaigns/nothinglike/au/el-questro-itinerary2.htm
CAMPAIGN,en/campaigns/nothinglike/au/el-questro-itinerary3,en/campaigns/nothinglike/au/el-questro-itinerary3.htm
CAMPAIGN,en/campaigns/nothinglike/au/el-questro-itinerary4,en/campaigns/nothinglike/au/el-questro-itinerary4.htm
CAMPAIGN,en/campaigns/nothinglike/au/el-questro-experiences,en/campaigns/nothinglike/au/el-questro-experiences.htm
CAMPAIGN,en/campaigns/nothinglike/au/freycinet,en/campaigns/nothinglike/au/freycinet.htm
CAMPAIGN,en/campaigns/nothinglike/au/freycinet-product1,en/campaigns/nothinglike/au/freycinet-product1.htm
CAMPAIGN,en/campaigns/nothinglike/au/freycinet-product2,en/campaigns/nothinglike/au/freycinet-product2.htm
CAMPAIGN,en/campaigns/nothinglike/au/freycinet-product3,en/campaigns/nothinglike/au/freycinet-product3.htm
CAMPAIGN,en/campaigns/nothinglike/au/freycinet-product5,en/campaigns/nothinglike/au/freycinet-product5.htm
CAMPAIGN,en/campaigns/nothinglike/au/freycinet-product6,en/campaigns/nothinglike/au/freycinet-product6.htm
CAMPAIGN,en/campaigns/nothinglike/au/freycinet-product7,en/campaigns/nothinglike/au/freycinet-product7.htm
CAMPAIGN,en/campaigns/nothinglike/au/freycinet-product8,en/campaigns/nothinglike/au/freycinet-product8.htm
CAMPAIGN,en/campaigns/nothinglike/au/freycinet-product9,en/campaigns/nothinglike/au/freycinet-product9.htm
CAMPAIGN,en/campaigns/nothinglike/au/freycinet-product10,en/campaigns/nothinglike/au/freycinet-product10.htm
CAMPAIGN,en/campaigns/nothinglike/au/freycinet-itinerary,en/campaigns/nothinglike/au/freycinet-itinerary.htm
CAMPAIGN,en/campaigns/nothinglike/au/freycinet-itinerary2,en/campaigns/nothinglike/au/freycinet-itinerary2.htm
CAMPAIGN,en/campaigns/nothinglike/au/freycinet-itinerary3,en/campaigns/nothinglike/au/freycinet-itinerary3.htm
CAMPAIGN,en/campaigns/nothinglike/au/freycinet-itinerary4,en/campaigns/nothinglike/au/freycinet-itinerary4.htm
CAMPAIGN,en/campaigns/nothinglike/au/freycinet-itinerary5,en/campaigns/nothinglike/au/freycinet-itinerary5.htm
CAMPAIGN,en/campaigns/nothinglike/au/freycinet-experiences,en/campaigns/nothinglike/au/freycinet-experiences.htm
CAMPAIGN,en/campaigns/nothinglike/au/gold-coast,en/campaigns/nothinglike/au/gold-coast.htm
CAMPAIGN,en/campaigns/nothinglike/au/gold-coast-product1,en/campaigns/nothinglike/au/gold-coast-product1.htm
CAMPAIGN,en/campaigns/nothinglike/au/gold-coast-product2,en/campaigns/nothinglike/au/gold-coast-product2.htm
CAMPAIGN,en/campaigns/nothinglike/au/gold-coast-product3,en/campaigns/nothinglike/au/gold-coast-product3.htm
CAMPAIGN,en/campaigns/nothinglike/au/gold-coast-product4,en/campaigns/nothinglike/au/gold-coast-product4.htm
CAMPAIGN,en/campaigns/nothinglike/au/gold-coast-product5,en/campaigns/nothinglike/au/gold-coast-product5.htm
CAMPAIGN,en/campaigns/nothinglike/au/gold-coast-product6,en/campaigns/nothinglike/au/gold-coast-product6.htm
CAMPAIGN,en/campaigns/nothinglike/au/gold-coast-product7,en/campaigns/nothinglike/au/gold-coast-product7.htm
CAMPAIGN,en/campaigns/nothinglike/au/gold-coast-product8,en/campaigns/nothinglike/au/gold-coast-product8.htm
CAMPAIGN,en/campaigns/nothinglike/au/gold-coast-product9,en/campaigns/nothinglike/au/gold-coast-product9.htm
CAMPAIGN,en/campaigns/nothinglike/au/gold-coast-product10,en/campaigns/nothinglike/au/gold-coast-product10.htm
CAMPAIGN,en/campaigns/nothinglike/au/gold-coast-itinerary,en/campaigns/nothinglike/au/gold-coast-itinerary.htm
CAMPAIGN,en/campaigns/nothinglike/au/gold-coast-itinerary2,en/campaigns/nothinglike/au/gold-coast-itinerary2.htm
CAMPAIGN,en/campaigns/nothinglike/au/gold-coast-itinerary3,en/campaigns/nothinglike/au/gold-coast-itinerary3.htm
CAMPAIGN,en/campaigns/nothinglike/au/gold-coast-itinerary4,en/campaigns/nothinglike/au/gold-coast-itinerary4.htm
CAMPAIGN,en/campaigns/nothinglike/au/gold-coast-experiences,en/campaigns/nothinglike/au/gold-coast-experiences.htm
CAMPAIGN,en/campaigns/nothinglike/au/great-ocean-road,en/campaigns/nothinglike/au/great-ocean-road.htm
CAMPAIGN,en/campaigns/nothinglike/au/great-ocean-road-product1,en/campaigns/nothinglike/au/great-ocean-road-product1.htm
CAMPAIGN,en/campaigns/nothinglike/au/great-ocean-road-product2,en/campaigns/nothinglike/au/great-ocean-road-product2.htm
CAMPAIGN,en/campaigns/nothinglike/au/great-ocean-road-product3,en/campaigns/nothinglike/au/great-ocean-road-product3.htm
CAMPAIGN,en/campaigns/nothinglike/au/great-ocean-road-product4,en/campaigns/nothinglike/au/great-ocean-road-product4.htm
CAMPAIGN,en/campaigns/nothinglike/au/great-ocean-road-product5,en/campaigns/nothinglike/au/great-ocean-road-product5.htm
CAMPAIGN,en/campaigns/nothinglike/au/great-ocean-road-product6,en/campaigns/nothinglike/au/great-ocean-road-product6.htm
CAMPAIGN,en/campaigns/nothinglike/au/great-ocean-road-product7,en/campaigns/nothinglike/au/great-ocean-road-product7.htm
CAMPAIGN,en/campaigns/nothinglike/au/great-ocean-road-product8,en/campaigns/nothinglike/au/great-ocean-road-product8.htm
CAMPAIGN,en/campaigns/nothinglike/au/great-ocean-road-itinerary,en/campaigns/nothinglike/au/great-ocean-road-itinerary.htm
CAMPAIGN,en/campaigns/nothinglike/au/great-ocean-road-itinerary2,en/campaigns/nothinglike/au/great-ocean-road-itinerary2.htm
CAMPAIGN,en/campaigns/nothinglike/au/great-ocean-road-itinerary3,en/campaigns/nothinglike/au/great-ocean-road-itinerary3.htm
CAMPAIGN,en/campaigns/nothinglike/au/great-ocean-road-itinerary4,en/campaigns/nothinglike/au/great-ocean-road-itinerary4.htm
CAMPAIGN,en/campaigns/nothinglike/au/great-ocean-road-itinerary5,en/campaigns/nothinglike/au/great-ocean-road-itinerary5.htm
CAMPAIGN,en/campaigns/nothinglike/au/great-ocean-road-experiences,en/campaigns/nothinglike/au/great-ocean-road-experiences.htm
CAMPAIGN,en/campaigns/nothinglike/au/hayman-island,en/campaigns/nothinglike/au/hayman-island.htm
CAMPAIGN,en/campaigns/nothinglike/au/hayman-island-product1,en/campaigns/nothinglike/au/hayman-island-product1.htm
CAMPAIGN,en/campaigns/nothinglike/au/hayman-island-product2,en/campaigns/nothinglike/au/hayman-island-product2.htm
CAMPAIGN,en/campaigns/nothinglike/au/hayman-island-product3,en/campaigns/nothinglike/au/hayman-island-product3.htm
CAMPAIGN,en/campaigns/nothinglike/au/hayman-island-product4,en/campaigns/nothinglike/au/hayman-island-product4.htm
CAMPAIGN,en/campaigns/nothinglike/au/hayman-island-product6,en/campaigns/nothinglike/au/hayman-island-product6.htm
CAMPAIGN,en/campaigns/nothinglike/au/hayman-island-product7,en/campaigns/nothinglike/au/hayman-island-product7.htm
CAMPAIGN,en/campaigns/nothinglike/au/hayman-island-product8,en/campaigns/nothinglike/au/hayman-island-product8.htm
CAMPAIGN,en/campaigns/nothinglike/au/hayman-island-product9,en/campaigns/nothinglike/au/hayman-island-product9.htm
CAMPAIGN,en/campaigns/nothinglike/au/hayman-island-product10,en/campaigns/nothinglike/au/hayman-island-product10.htm
CAMPAIGN,en/campaigns/nothinglike/au/hayman-island-itinerary,en/campaigns/nothinglike/au/hayman-island-itinerary.htm
CAMPAIGN,en/campaigns/nothinglike/au/hayman-island-itinerary2,en/campaigns/nothinglike/au/hayman-island-itinerary2.htm
CAMPAIGN,en/campaigns/nothinglike/au/hayman-island-itinerary3,en/campaigns/nothinglike/au/hayman-island-itinerary3.htm
CAMPAIGN,en/campaigns/nothinglike/au/hayman-island-itinerary4,en/campaigns/nothinglike/au/hayman-island-itinerary4.htm
CAMPAIGN,en/campaigns/nothinglike/au/hayman-island-experiences,en/campaigns/nothinglike/au/hayman-island-experiences.htm
CAMPAIGN,en/campaigns/nothinglike/au/kangaroo-island,en/campaigns/nothinglike/au/kangaroo-island.htm
CAMPAIGN,en/campaigns/nothinglike/au/kangaroo-island-product1,en/campaigns/nothinglike/au/kangaroo-island-product1.htm
CAMPAIGN,en/campaigns/nothinglike/au/kangaroo-island-product2,en/campaigns/nothinglike/au/kangaroo-island-product2.htm
CAMPAIGN,en/campaigns/nothinglike/au/kangaroo-island-product3,en/campaigns/nothinglike/au/kangaroo-island-product3.htm
CAMPAIGN,en/campaigns/nothinglike/au/kangaroo-island-product4,en/campaigns/nothinglike/au/kangaroo-island-product4.htm
CAMPAIGN,en/campaigns/nothinglike/au/kangaroo-island-product5,en/campaigns/nothinglike/au/kangaroo-island-product5.htm
CAMPAIGN,en/campaigns/nothinglike/au/kangaroo-island-product6,en/campaigns/nothinglike/au/kangaroo-island-product6.htm
CAMPAIGN,en/campaigns/nothinglike/au/kangaroo-island-product7,en/campaigns/nothinglike/au/kangaroo-island-product7.htm
CAMPAIGN,en/campaigns/nothinglike/au/kangaroo-island-product8,en/campaigns/nothinglike/au/kangaroo-island-product8.htm
CAMPAIGN,en/campaigns/nothinglike/au/kangaroo-island-product9,en/campaigns/nothinglike/au/kangaroo-island-product9.htm
CAMPAIGN,en/campaigns/nothinglike/au/kangaroo-island-product10,en/campaigns/nothinglike/au/kangaroo-island-product10.htm
CAMPAIGN,en/campaigns/nothinglike/au/kangaroo-island-itinerary,en/campaigns/nothinglike/au/kangaroo-island-itinerary.htm
CAMPAIGN,en/campaigns/nothinglike/au/kangaroo-island-itinerary2,en/campaigns/nothinglike/au/kangaroo-island-itinerary2.htm
CAMPAIGN,en/campaigns/nothinglike/au/kangaroo-island-itinerary3,en/campaigns/nothinglike/au/kangaroo-island-itinerary3.htm
CAMPAIGN,en/campaigns/nothinglike/au/kangaroo-island-experiences,en/campaigns/nothinglike/au/kangaroo-island-experiences.htm
CAMPAIGN,en/campaigns/nothinglike/au/lizard-island,en/campaigns/nothinglike/au/lizard-island.htm
CAMPAIGN,en/campaigns/nothinglike/au/lizard-island-product1,en/campaigns/nothinglike/au/lizard-island-product1.htm
CAMPAIGN,en/campaigns/nothinglike/au/lizard-island-product2,en/campaigns/nothinglike/au/lizard-island-product2.htm
CAMPAIGN,en/campaigns/nothinglike/au/lizard-island-product3,en/campaigns/nothinglike/au/lizard-island-product3.htm
CAMPAIGN,en/campaigns/nothinglike/au/lizard-island-product5,en/campaigns/nothinglike/au/lizard-island-product5.htm
CAMPAIGN,en/campaigns/nothinglike/au/lizard-island-product6,en/campaigns/nothinglike/au/lizard-island-product6.htm
CAMPAIGN,en/campaigns/nothinglike/au/lizard-island-product7,en/campaigns/nothinglike/au/lizard-island-product7.htm
CAMPAIGN,en/campaigns/nothinglike/au/lizard-island-product8,en/campaigns/nothinglike/au/lizard-island-product8.htm
CAMPAIGN,en/campaigns/nothinglike/au/lizard-island-product9,en/campaigns/nothinglike/au/lizard-island-product9.htm
CAMPAIGN,en/campaigns/nothinglike/au/melbourne,en/campaigns/nothinglike/au/melbourne.htm
CAMPAIGN,en/campaigns/nothinglike/au/melbourne-product1,en/campaigns/nothinglike/au/melbourne-product1.htm
CAMPAIGN,en/campaigns/nothinglike/au/melbourne-product2,en/campaigns/nothinglike/au/melbourne-product2.htm
CAMPAIGN,en/campaigns/nothinglike/au/melbourne-product3,en/campaigns/nothinglike/au/melbourne-product3.htm
CAMPAIGN,en/campaigns/nothinglike/au/melbourne-product4,en/campaigns/nothinglike/au/melbourne-product4.htm
CAMPAIGN,en/campaigns/nothinglike/au/melbourne-product5,en/campaigns/nothinglike/au/melbourne-product5.htm
CAMPAIGN,en/campaigns/nothinglike/au/melbourne-product6,en/campaigns/nothinglike/au/melbourne-product6.htm
CAMPAIGN,en/campaigns/nothinglike/au/melbourne-product7,en/campaigns/nothinglike/au/melbourne-product7.htm
CAMPAIGN,en/campaigns/nothinglike/au/melbourne-product8,en/campaigns/nothinglike/au/melbourne-product8.htm
CAMPAIGN,en/campaigns/nothinglike/au/melbourne-product9,en/campaigns/nothinglike/au/melbourne-product9.htm
CAMPAIGN,en/campaigns/nothinglike/au/melbourne-product10,en/campaigns/nothinglike/au/melbourne-product10.htm
CAMPAIGN,en/campaigns/nothinglike/au/melbourne-itinerary,en/campaigns/nothinglike/au/melbourne-itinerary.htm
CAMPAIGN,en/campaigns/nothinglike/au/melbourne-itinerary2,en/campaigns/nothinglike/au/melbourne-itinerary2.htm
CAMPAIGN,en/campaigns/nothinglike/au/melbourne-itinerary3,en/campaigns/nothinglike/au/melbourne-itinerary3.htm
CAMPAIGN,en/campaigns/nothinglike/au/melbourne-itinerary4,en/campaigns/nothinglike/au/melbourne-itinerary4.htm
CAMPAIGN,en/campaigns/nothinglike/au/melbourne-experiences,en/campaigns/nothinglike/au/melbourne-experiences.htm
CAMPAIGN,en/campaigns/nothinglike/au/sydney,en/campaigns/nothinglike/au/sydney.htm
CAMPAIGN,en/campaigns/nothinglike/au/sydney-product1,en/campaigns/nothinglike/au/sydney-product1.htm
CAMPAIGN,en/campaigns/nothinglike/au/sydney-product2,en/campaigns/nothinglike/au/sydney-product2.htm
CAMPAIGN,en/campaigns/nothinglike/au/sydney-product3,en/campaigns/nothinglike/au/sydney-product3.htm
CAMPAIGN,en/campaigns/nothinglike/au/sydney-product4,en/campaigns/nothinglike/au/sydney-product4.htm
CAMPAIGN,en/campaigns/nothinglike/au/sydney-product5,en/campaigns/nothinglike/au/sydney-product5.htm
CAMPAIGN,en/campaigns/nothinglike/au/sydney-product6,en/campaigns/nothinglike/au/sydney-product6.htm
CAMPAIGN,en/campaigns/nothinglike/au/sydney-product7,en/campaigns/nothinglike/au/sydney-product7.htm
CAMPAIGN,en/campaigns/nothinglike/au/sydney-product8,en/campaigns/nothinglike/au/sydney-product8.htm
CAMPAIGN,en/campaigns/nothinglike/au/sydney-product9,en/campaigns/nothinglike/au/sydney-product9.htm
CAMPAIGN,en/campaigns/nothinglike/au/sydney-product10,en/campaigns/nothinglike/au/sydney-product10.htm
CAMPAIGN,en/campaigns/nothinglike/au/sydney-product11,en/campaigns/nothinglike/au/sydney-product11.htm
CAMPAIGN,en/campaigns/nothinglike/au/sydney-itinerary,en/campaigns/nothinglike/au/sydney-itinerary.htm
CAMPAIGN,en/campaigns/nothinglike/au/sydney-itinerary2,en/campaigns/nothinglike/au/sydney-itinerary2.htm
CAMPAIGN,en/campaigns/nothinglike/au/sydney-itinerary3,en/campaigns/nothinglike/au/sydney-itinerary3.htm
CAMPAIGN,en/campaigns/nothinglike/au/sydney-itinerary4,en/campaigns/nothinglike/au/sydney-itinerary4.htm
CAMPAIGN,en/campaigns/nothinglike/au/sydney-experiences,en/campaigns/nothinglike/au/sydney-experiences.htm
CAMPAIGN,en/campaigns/nothinglike/au/uluru,en/campaigns/nothinglike/au/uluru.htm
CAMPAIGN,en/campaigns/nothinglike/au/uluru-product1,en/campaigns/nothinglike/au/uluru-product1.htm
CAMPAIGN,en/campaigns/nothinglike/au/uluru-product2,en/campaigns/nothinglike/au/uluru-product2.htm
CAMPAIGN,en/campaigns/nothinglike/au/uluru-product3,en/campaigns/nothinglike/au/uluru-product3.htm
CAMPAIGN,en/campaigns/nothinglike/au/uluru-product4,en/campaigns/nothinglike/au/uluru-product4.htm
CAMPAIGN,en/campaigns/nothinglike/au/uluru-product5,en/campaigns/nothinglike/au/uluru-product5.htm
CAMPAIGN,en/campaigns/nothinglike/au/uluru-product6,en/campaigns/nothinglike/au/uluru-product6.htm
CAMPAIGN,en/campaigns/nothinglike/au/uluru-product7,en/campaigns/nothinglike/au/uluru-product7.htm
CAMPAIGN,en/campaigns/nothinglike/au/uluru-product8,en/campaigns/nothinglike/au/uluru-product8.htm
CAMPAIGN,en/campaigns/nothinglike/au/uluru-product9,en/campaigns/nothinglike/au/uluru-product9.htm
CAMPAIGN,en/campaigns/nothinglike/au/uluru-itinerary,en/campaigns/nothinglike/au/uluru-itinerary.htm
CAMPAIGN,en/campaigns/nothinglike/au/uluru-experiences,en/campaigns/nothinglike/au/uluru-experiences.htm
CAMPAIGN,en/campaigns/nothinglike/au/wolgan-valley,en/campaigns/nothinglike/au/wolgan-valley.htm
CAMPAIGN,en/campaigns/nothinglike/au/wolgan-valley-product1,en/campaigns/nothinglike/au/wolgan-valley-product1.htm
CAMPAIGN,en/campaigns/nothinglike/au/wolgan-valley-product2,en/campaigns/nothinglike/au/wolgan-valley-product2.htm
CAMPAIGN,en/campaigns/nothinglike/au/wolgan-valley-product3,en/campaigns/nothinglike/au/wolgan-valley-product3.htm
CAMPAIGN,en/campaigns/nothinglike/au/wolgan-valley-product4,en/campaigns/nothinglike/au/wolgan-valley-product4.htm
CAMPAIGN,en/campaigns/nothinglike/au/wolgan-valley-product5,en/campaigns/nothinglike/au/wolgan-valley-product5.htm
CAMPAIGN,en/campaigns/nothinglike/au/wolgan-valley-product6,en/campaigns/nothinglike/au/wolgan-valley-product6.htm
CAMPAIGN,en/campaigns/nothinglike/au/wolgan-valley-product7,en/campaigns/nothinglike/au/wolgan-valley-product7.htm
CAMPAIGN,en/campaigns/nothinglike/au/wolgan-valley-product8,en/campaigns/nothinglike/au/wolgan-valley-product8.htm
CAMPAIGN,en/campaigns/nothinglike/au/wolgan-valley-product9,en/campaigns/nothinglike/au/wolgan-valley-product9.htm
CAMPAIGN,en/campaigns/nothinglike/au/wolgan-valley-product10,en/campaigns/nothinglike/au/wolgan-valley-product10.htm
CAMPAIGN,en/campaigns/nothinglike/au/wolgan-valley-itinerary,en/campaigns/nothinglike/au/wolgan-valley-itinerary.htm
CAMPAIGN,en/campaigns/nothinglike/au/wolgan-valley-itinerary2,en/campaigns/nothinglike/au/wolgan-valley-itinerary2.htm
CAMPAIGN,en/campaigns/nothinglike/au/wolgan-valley-itinerary3,en/campaigns/nothinglike/au/wolgan-valley-itinerary3.htm
CAMPAIGN,en/campaigns/nothinglike/au/wolgan-valley-itinerary4,en/campaigns/nothinglike/au/wolgan-valley-itinerary4.htm
CAMPAIGN,en/campaigns/nothinglike/au/wolgan-valley-itinerary5,en/campaigns/nothinglike/au/wolgan-valley-itinerary5.htm
CAMPAIGN,en/campaigns/nothinglike/au/wolgan-valley-itinerary6,en/campaigns/nothinglike/au/wolgan-valley-itinerary6.htm
CAMPAIGN,en/campaigns/nothinglike/au/wolgan-valley-experiences,en/campaigns/nothinglike/au/wolgan-valley-experiences.htm
ARTICLE,en/planning/australian-public-holidays,en/plan/before-you-go/australian-public-holidays
ARTICLE,en/planning/australian-school-holidays,en/plan/before-you-go/australian-school-holidays
ARTICLE,en/planning/health-safety,en/plan/before-you-go/health-safety
ARTICLE,en/planning/useful-tips,en/plan/before-you-go/useful-tips
ARTICLE,en/articles/australias-animals,en/about/key-facts/australias-animals
ARTICLE,en/articles/heritage-attractions,en/about/culture-history/australian-culture/heritage-attractions
ARTICLE,en/planning/backpacker-essentials,en/plan/before-you-go/work-volunteer-study/backpacker-essentials
ARTICLE,en/planning/backpacker-precincts,en/plan/before-you-go/work-volunteer-study/backpacker-precincts
ARTICLE,en/planning/youth-visa,en/plan/before-you-go/work-volunteer-study/youth-visa
ARTICLE,en/planning/planning-a-trip,en/plan/before-you-go/planning-a-trip
ARTICLE,en/articles/foa-holiday-favourites-au,foa-holiday-favourites-au
ARTICLE,en/articles/foa-holiday-favourites-john-bertrand-au,foa-holiday-favourites-john-bertrand-au
ARTICLE,en/articles/foa-holiday-favourites-terri-irwin-au,foa-holiday-favourites-terri-irwin-au
ARTICLE,en/articles/foa-holiday-favourites-david-whitehill-au,foa-holiday-favourites-david-whitehill-au
ARTICLE,en/articles/foa-holiday-favourites-steve-liebman-au,foa-holiday-favourites-steve-liebman-au
ARTICLE,en/articles/foa-holiday-favourites-sophie-falkiner-au,foa-holiday-favourites-sophie-falkiner-au
CAMPAIGN,en/campaigns/makingtracks/index,en/campaigns/makingtracks/index.htm
CAMPAIGN,en/campaigns/makingtracks/meet-the-musician-Andy-Bull,en/campaigns/makingtracks/meet-the-musician-Andy-Bull.htm
CAMPAIGN,en/campaigns/makingtracks/meet-the-musician-Desmond-NeySmith,en/campaigns/makingtracks/meet-the-musician-Desmond-NeySmith.htm
CAMPAIGN,en/campaigns/makingtracks/meet-the-musician-Dewayne-Everett-Smith,en/campaigns/makingtracks/meet-the-musician-Dewayne-Everett-Smith.htm
CAMPAIGN,en/campaigns/makingtracks/meet-the-musician-Irene-Chen,en/campaigns/makingtracks/meet-the-musician-Irene-Chen.htm
CAMPAIGN,en/campaigns/makingtracks/meet-the-musician-Jasmine-Beam,en/campaigns/makingtracks/meet-the-musician-Jasmine-Beam.htm
CAMPAIGN,en/campaigns/makingtracks/meet-the-musician-Luke-Web,en/campaigns/makingtracks/meet-the-musician-Luke-Web.htm
CAMPAIGN,en/campaigns/makingtracks/meet-the-musician-Samuel-Blair,en/campaigns/makingtracks/meet-the-musician-Samuel-Blair.htm
CAMPAIGN,en/campaigns/makingtracks/meet-the-musician-Stu-Cullen,en/campaigns/makingtracks/meet-the-musician-Stu-Cullen.htm
CAMPAIGN,en/campaigns/makingtracks/musical-pairs-luke-desmond,en/campaigns/makingtracks/musical-pairs-luke-desmond.htm
CAMPAIGN,en/campaigns/makingtracks/musical-pairs-andy-irene,en/campaigns/makingtracks/musical-pairs-andy-irene.htm
CAMPAIGN,en/campaigns/makingtracks/musical-pairs-dewayne-jasmine,en/campaigns/makingtracks/musical-pairs-dewayne-jasmine.htm
CAMPAIGN,en/campaigns/makingtracks/musical-pairs-stu-samuel,en/campaigns/makingtracks/musical-pairs-stu-samuel.htm