ICON,id/places/great-barrier-reef,id/explore/icons/great-barrier-reef
ICON,id/places/red-centre,id/explore/icons/red-centre
ICON,id/places/great-ocean-road,id/explore/icons/great-ocean-road
ICON,id/places/kakadu,id/explore/icons/kakadu
ICON,id/places/kimberley,id/explore/icons/kimberley
ICON,id/places/kangaroo-island,id/explore/icons/kangaroo-island
ICON,id/places/byron-bay,id/explore/icons/byron-bay
ICON,id/places/tas-wilderness,id/explore/icons/tas-wilderness
ICON,id/places/alps,id/explore/icons/alps
ICON,id/places/ningaloo,id/explore/icons/ningaloo
ICON,id/places/flinders,id/explore/icons/flinders
ICON,id/places/fraser-island,id/explore/icons/fraser-island
ICON,id/places/freycinet,id/explore/icons/freycinet
ICON,id/places/gippsland,id/explore/icons/gippsland
ICON,id/places/blue-mountains,id/explore/icons/blue-mountains
ICON,id/places/namadgi,id/explore/icons/namadgi
CITY,id/places/sydney,id/explore/cities/sydney
CITY,id/places/melbourne,id/explore/cities/melbourne
CITY,id/places/brisbane,id/explore/cities/brisbane
CITY,id/places/perth,id/explore/cities/perth
CITY,id/places/darwin,id/explore/cities/darwin
CITY,id/places/adelaide,id/explore/cities/adelaide
CITY,id/places/hobart,id/explore/cities/hobart
CITY,id/places/canberra,id/explore/cities/canberra
CITY,id/places/gold-coast,id/explore/cities/gold-coast
CITY,id/places/cairns,id/explore/cities/cairns
CITY,id/places/alice-springs,id/explore/cities/alice-springs
CITY,id/places/broome,id/explore/cities/broome
CATEGORY PAGE,id/places/regional-cities,id/explore/cities/regional-cities
CITY,id/places/nsw/orange,id/explore/events/nsw-taste-of-orange
CITY,id/places/qld/bundaberg-natural-attraction,id/explore/cities/regional-cities/bundaberg-natural-attraction
CITY,id/places/tas/launceston-devonport-burnie,id/explore/cities/regional-cities/tas-launceston-devonport-burnie
CITY,id/places/vic/bendigo,id/explore/states/vic/vic-bendigo
CITY,id/places/wa/albany,id/explore/cities/regional-cities/wa-albany
CITY,id/places/wa/kalgoorlie,id/explore/states/wa/wa-kalgoorlie
CITY,id/places/wa/kununurra,id/explore/states/wa/wa-kununurra
STATE,id/places/nsw,id/explore/states/nsw
ARTICLE,id/places/nsw/anz-stadium,id/about/culture-history/stadiums/anz-stadium
ARTICLE,id/places/nsw/allianz-stadium,id/about/culture-history/stadiums/allianz-stadium
ARTICLE,id/places/nsw/nsw-glebe,id/explore/cities/sydney/nsw-glebe
ARTICLE,id/places/nsw/sydney-the-rocks,id/explore/cities/sydney/sydney-the-rocks
ARTICLE,id/places/nsw/sydney-harbour-np,id/explore/cities/sydney/sydney-harbour-np
ARTICLE,id/places/nsw/nsw-manly-beach,id/explore/cities/sydney/nsw-manly-beach
ARTICLE,id/places/nsw/nsw-palm-beach,id/explore/cities/sydney/nsw-palm-beach
ARTICLE,id/places/nsw/nsw-bondi-beach,id/explore/cities/sydney/nsw-bondi-beach
ARTICLE,id/places/nsw/nsw-bondi-bronte,id/explore/cities/sydney/nsw-bondi-bronte
ARTICLE,id/places/nsw/nsw-coogee-beach,id/explore/cities/sydney/nsw-coogee-beach
ARTICLE,id/places/nsw/nsw-sydney-beaches,id/explore/cities/sydney/nsw-sydney-beaches
ARTICLE,id/places/nsw/coffs-harbour,id/explore/states/nsw/coffs-harbour
ARTICLE,id/places/nsw/nsw-spring-hunter-valley,id/explore/states/nsw/nsw-spring-hunter-valley
ARTICLE,id/places/nsw/nsw-jervis-bay,id/explore/states/nsw/nsw-jervis-bay
STATE,id/places/vic,id/explore/states/vic
ARTICLE,id/places/vic/flemington-racecourse-stadium,id/about/culture-history/stadiums/flemington-racecourse-stadium
ARTICLE,id/places/vic/melbourne-cricket-ground,id/about/culture-history/stadiums/melbourne-cricket-ground
ARTICLE,id/places/vic/rod-laver-arena,id/about/culture-history/stadiums/rod-laver-arena
ARTICLE,id/places/vic/etihad-stadium,id/about/culture-history/stadiums/etihad-stadium
ARTICLE,id/places/vic/melbourne-hidden-laneways,id/explore/cities/melbourne/melbourne-hidden-laneways
ARTICLE,id/places/vic/melbourne-rooftop-culture,id/explore/cities/melbourne/melbourne-rooftop-culture
ARTICLE,id/places/vic/vic-brunswick,id/explore/cities/melbourne/vic-brunswick
ARTICLE,id/places/vic/fed-square,id/explore/cities/melbourne/fed-square
ARTICLE,id/places/vic/st-kilda,id/explore/cities/melbourne/st-kilda
ARTICLE,id/places/vic/mornington-peninsula,id/explore/cities/melbourne/mornington-peninsula
ARTICLE,id/places/vic/vic-torquay,id/explore/states/vic/vic-torquay
ARTICLE,id/places/vic/vic-grampians,id/explore/states/vic/vic-grampians
ARTICLE,id/places/vic/vic-12-apostles,id/explore/states/vic/vic-12-apostles
ARTICLE,id/places/vic/vic-bendigo,id/explore/states/vic/vic-bendigo
ARTICLE,id/places/vic/vic-snow-play,id/explore/states/vic/vic-snow-play
STATE,id/places/qld,id/explore/states/qld
ARTICLE,id/places/qld/suncorp-stadium,id/about/culture-history/stadiums/suncorp-stadium
ARTICLE,id/places/qld/the-gabba,id/about/culture-history/stadiums/the-gabba
ARTICLE,id/places/qld/brisbane-culture-life,id/explore/cities/brisbane/brisbane-culture-life
ARTICLE,id/places/qld/qld-adventure-on-brisbane-river,id/explore/cities/brisbane/qld-adventure-on-brisbane-river
ARTICLE,id/places/qld/qld-surfing,id/explore/cities/gold-coast/qld-surfing
ARTICLE,id/places/qld/port-douglas,id/explore/cities/cairns/port-douglas
ARTICLE,id/places/qld/kuranda,id/explore/cities/cairns/kuranda
STATE,id/places/nt,id/explore/states/nt
ARTICLE,id/places/nt/darwin-historical-attractions,id/explore/cities/darwin/nt-darwin-historical-attractions
ARTICLE,id/places/nt/darwin-art-precincts,id/explore/cities/darwin/darwin-art-precincts
ARTICLE,id/places/nt/darwin-waterfront,id/explore/cities/darwin/darwin-waterfront
ARTICLE,id/places/nt/mindil-markets,id/explore/cities/darwin/nt-mindil-markets
STATE,id/places/wa,id/explore/states/wa
ARTICLE,id/places/wa/the-waca,id/about/culture-history/stadiums/the-waca
ARTICLE,id/places/wa/perth-city-precincts,id/explore/cities/perth/perth-city-precincts
ARTICLE,id/places/wa/cottesloe-beach,id/explore/cities/perth/wa-cottesloe-beach
ARTICLE,id/places/wa/rottnest-island,id/explore/cities/perth/rottnest-island
ARTICLE,id/places/wa/cable-beach,id/explore/cities/broome/wa-cable-beach
ARTICLE,id/places/wa/albany,id/explore/cities/regional-cities/wa-albany
STATE,id/places/sa,id/explore/states/sa
ARTICLE,id/places/sa/adelaide-oval,id/about/culture-history/stadiums/adelaide-oval
ARTICLE,id/places/sa/adelaide-central-market,id/explore/cities/adelaide/adelaide-central-market
ARTICLE,id/places/sa/glenelg-beach,id/explore/cities/adelaide/sa-glenelg-beach
ARTICLE,id/places/sa/hahndorf,id/explore/cities/adelaide/sa-hahndorf
STATE,id/places/tas,id/explore/states/tas
ARTICLE,id/places/tas/hobart-salamanca-place,id/explore/cities/hobart/hobart-salamanca-place
ARTICLE,id/places/tas/winter-secrets,id/explore/states/tas/tas-winter-secrets
STATE,id/places/act,id/explore/states/act
ARTICLE,id/places/act/canberra-stadium,id/about/culture-history/stadiums/canberra-stadium
ARTICLE,id/places/act/manuka-oval,id/about/culture-history/stadiums/manuka-oval
ARTICLE,id/places/act/canberra-aboriginal-art,id/explore/cities/canberra/canberra-aboriginal-art
ARTICLE,id/places/act/canberra-home-grown-shopping,id/explore/cities/canberra/canberra-home-grown-shopping
ARTICLE,id/places/act/fireside-festival,id/explore/cities/canberra/act-fireside-festival
CATEGORY,id/itineraries/holiday-ideas,id/explore/itineraries-ideas/holiday-ideas
CATEGORY,id/itineraries/drive-australia,id/explore/itineraries-ideas/drive-australia
ITINERARY,id/itineraries/nsw-pacific-coast-touring-route,id/explore/itineraries/nsw-pacific-coast-touring-route
ITINERARY,id/itineraries/nt-red-centre-way,id/explore/itineraries/nt-red-centre-way
ITINERARY,id/itineraries/qld-pacific-coast,id/explore/itineraries/qld-pacific-coast
ITINERARY,id/itineraries/nt-natures-way,id/explore/itineraries/nt-natures-way
ITINERARY,id/itineraries/nsw-sydney-to-melbourne-coastal-drive,id/explore/itineraries/nsw-sydney-to-melbourne-coastal-drive
ITINERARY,id/itineraries/wa-indian-ocean-drive,id/explore/itineraries/wa-indian-ocean-drive
ITINERARY,id/itineraries/vic-great-southern-touring-route,id/explore/itineraries/vic-great-southern-touring-route
ITINERARY,id/itineraries/wa-gibb-river-rd,id/explore/itineraries/wa-gibb-river-rd
ITINERARY,id/itineraries/melbourne-adelaide-gor,id/explore/itineraries/melbourne-adelaide-gor
ITINERARY,id/itineraries/tas-circle-tas,id/explore/itineraries/tas-circle-tas
ITINERARY,id/itineraries/sa-loop,id/explore/itineraries/sa-loop
ITINERARY,id/itineraries/tas-east-coast,id/explore/itineraries/tas-east-coast
ITINERARY,id/itineraries/sa-explorers-highway,id/explore/itineraries/sa-explorers-highway
CATEGORY,id/itineraries/coastal-journeys,id/explore/itineraries-ideas/coastal-journeys
ITINERARY,id/itineraries/vic-great-southern-touring-route,id/explore/itineraries/vic-great-southern-touring-route
ITINERARY,id/itineraries/nsw-pacific-coast-touring-route,id/explore/itineraries/nsw-pacific-coast-touring-route
ITINERARY,id/itineraries/qld-pacific-coast,id/explore/itineraries/qld-pacific-coast
ITINERARY,id/itineraries/nsw-sydney-to-melbourne-coastal-drive,id/explore/itineraries/nsw-sydney-to-melbourne-coastal-drive
ITINERARY,id/itineraries/wa-south-west-beaches-goldfields,id/explore/itineraries/wa-south-west-beaches-goldfields
ITINERARY,id/itineraries/vic-wilsons-prom,id/explore/itineraries/vic-wilsons-prom
ITINERARY,id/itineraries/qld-3days-gold-coast,id/explore/itineraries/qld-3days-gold-coast
ITINERARY,id/itineraries/wa-3days-broome,id/explore/itineraries/wa-3days-broome
ITINERARY,id/itineraries/tas-east-coast,id/explore/itineraries/tas-east-coast
ITINERARY,id/itineraries/qld-whitsundays-sailing,id/explore/itineraries/qld-whitsundays-sailing
ITINERARY,id/itineraries/qld-great-sunshine-way,id/explore/itineraries/qld-great-sunshine-way
ITINERARY,id/itineraries/qld-3days-cairns,id/explore/itineraries/qld-3days-cairns
ITINERARY,id/itineraries/wa-indian-ocean-drive,id/explore/itineraries/wa-indian-ocean-drive
ITINERARY,id/itineraries/qld-tropical-drive,id/explore/itineraries/qld-tropical-drive
ITINERARY,id/itineraries/melbourne-adelaide-gor,id/explore/itineraries/melbourne-adelaide-gor
ITINERARY,id/itineraries/big-pacific-coast-touring-route,id/explore/itineraries/big-pacific-coast-touring-route
CATEGORY,id/itineraries/outback-journeys,id/explore/itineraries-ideas/outback-journeys
ITINERARY,id/itineraries/wa-gibb-river-rd,id/explore/itineraries/wa-gibb-river-rd
ITINERARY,id/itineraries/nt-red-centre-way,id/explore/itineraries/nt-red-centre-way
ITINERARY,id/itineraries/sa-explorers-highway,id/explore/itineraries/sa-explorers-highway
ITINERARY,id/itineraries/wa-savannah,id/explore/itineraries/wa-savannah
ITINERARY,id/itineraries/qld-savannah-way,id/explore/itineraries/qld-savannah-way
ITINERARY,id/itineraries/sa-loop,id/explore/itineraries/sa-loop
ITINERARY,id/itineraries/nt-natures-way,id/explore/itineraries/nt-natures-way
ITINERARY,id/itineraries/nt-larapinta-trail,id/explore/itineraries/nt-larapinta-trail
ITINERARY,id/itineraries/wa-sa-nsw-indian-pacific,id/explore/itineraries/wa-sa-nsw-indian-pacific
ITINERARY,id/itineraries/sa-ghan,id/explore/itineraries/sa-ghan
ITINERARY,id/itineraries/crossing-nullarbor,id/explore/itineraries/crossing-nullarbor
CATEGORY,id/itineraries/nature-discovery,id/explore/itineraries-ideas/nature-discovery
ITINERARY,id/itineraries/nt-natures-way,id/explore/itineraries/nt-natures-way
ITINERARY,id/itineraries/vic-great-alpine-way,id/explore/itineraries/vic-great-alpine-way
ITINERARY,id/itineraries/tas-circle-tas,id/explore/itineraries/tas-circle-tas
ITINERARY,id/itineraries/tas-east-coast,id/explore/itineraries/tas-east-coast
ITINERARY,id/itineraries/sa-loop,id/explore/itineraries/sa-loop
ITINERARY,id/itineraries/tas-overland-track,id/explore/itineraries/tas-overland-track
ITINERARY,id/itineraries/act-australian-alps-walking-track,id/explore/itineraries/act-australian-alps-walking-track
ITINERARY,id/itineraries/qld-goldcoast-hinterland,id/explore/itineraries/qld-goldcoast-hinterland
ITINERARY,id/itineraries/sa-heysen-trail,id/explore/itineraries/sa-heysen-trail
ITINERARY,id/itineraries/vic-wilsons-prom,id/explore/itineraries/vic-wilsons-prom
ITINERARY,id/itineraries/nsw-six-foot-track,id/explore/itineraries/nsw-six-foot-track
ITINERARY,id/itineraries/act-capital-country,id/explore/itineraries/act-capital-country
ITINERARY,id/itineraries/act-poachers-way,id/explore/itineraries/act-poachers-way
ITINERARY,id/itineraries/rainforest-way,id/explore/itineraries/rainforest-way
CATEGORY,id/itineraries/adventure-journeys,id/explore/itineraries-ideas/adventure-journeys
ITINERARY,id/itineraries/wa-gibb-river-rd,id/explore/itineraries/wa-gibb-river-rd
ITINERARY,id/itineraries/nt-red-centre-way,id/explore/itineraries/nt-red-centre-way
ITINERARY,id/itineraries/sa-explorers-highway,id/explore/itineraries/sa-explorers-highway
ITINERARY,id/itineraries/wa-savannah,id/explore/itineraries/wa-savannah
ITINERARY,id/itineraries/qld-savannah-way,id/explore/itineraries/qld-savannah-way
ITINERARY,id/itineraries/sa-loop,id/explore/itineraries/sa-loop
ITINERARY,id/itineraries/nt-natures-way,id/explore/itineraries/nt-natures-way
ITINERARY,id/itineraries/nt-larapinta-trail,id/explore/itineraries/nt-larapinta-trail
ITINERARY,id/itineraries/sa-heysen-trail,id/explore/itineraries/sa-heysen-trail
ITINERARY,id/itineraries/qld-whitsundays-sailing,id/explore/itineraries/qld-whitsundays-sailing
ITINERARY,id/itineraries/wa-munda-biddi-trail,id/explore/itineraries/wa-munda-biddi-trail
ITINERARY,id/itineraries/crossing-nullarbor,id/explore/itineraries/crossing-nullarbor
CATEGORY,id/itineraries/aboriginal-discovery,id/explore/itineraries-ideas/aboriginal-discovery
ITINERARY,id/itineraries/nt-red-centre-way,id/explore/itineraries/nt-red-centre-way
ITINERARY,id/itineraries/nt-natures-way,id/explore/itineraries/nt-natures-way
ITINERARY,id/itineraries/sa-loop,id/explore/itineraries/sa-loop
ITINERARY,id/itineraries/vic-great-southern-touring-route,id/explore/itineraries/vic-great-southern-touring-route
ITINERARY,id/itineraries/tas-east-coast,id/explore/itineraries/tas-east-coast
ITINERARY,id/itineraries/sa-explorers-highway,id/explore/itineraries/sa-explorers-highway
ITINERARY,id/itineraries/wa-savannah,id/explore/itineraries/wa-savannah
ITINERARY,id/itineraries/wa-south-west-beaches-goldfields,id/explore/itineraries/wa-south-west-beaches-goldfields
CATEGORY,id/itineraries/walking-australia,id/explore/itineraries-ideas/walking-australia
ITINERARY,id/itineraries/tas-overland-track,id/explore/itineraries/tas-overland-track
ITINERARY,id/itineraries/act-australian-alps-walking-track,id/explore/itineraries/act-australian-alps-walking-track
ITINERARY,id/itineraries/qld-goldcoast-hinterland,id/explore/itineraries/qld-goldcoast-hinterland
ITINERARY,id/itineraries/sa-heysen-trail,id/explore/itineraries/sa-heysen-trail
ITINERARY,id/itineraries/nt-larapinta-trail,id/explore/itineraries/nt-larapinta-trail
ITINERARY,id/itineraries/vic-wilsons-prom,id/explore/itineraries/vic-wilsons-prom
ITINERARY,id/itineraries/nsw-six-foot-track,id/explore/itineraries/nsw-six-foot-track
ITINERARY,id/itineraries/wa-bibbulmun-track,id/explore/itineraries/wa-bibbulmun-track
ITINERARY,id/itineraries/nsw-kanangra-katoomba,id/explore/itineraries/nsw-kanangra-katoomba
ITINERARY,id/itineraries/sydney-coastal-walks,id/explore/itineraries/sydney-coastal-walks
ITINERARY,id/itineraries/hinchinbrook-island,id/explore/itineraries/hinchinbrook-island
CATEGORY,id/itineraries/holiday-ideas,id/explore/itineraries-ideas/holiday-ideas
ITINERARY,id/itineraries/nsw-3weeks-sydney,id/explore/itineraries/nsw-3weeks-sydney
ITINERARY,id/itineraries/vic-3weeks-melbourne,id/explore/itineraries/vic-3weeks-melbourne
ITINERARY,id/itineraries/qld-3weeks-brisbane,id/explore/itineraries/qld-3weeks-brisbane
ITINERARY,id/itineraries/wa-3weeks-perth,id/explore/itineraries/wa-3weeks-perth
ITINERARY,id/itineraries/sa-3weeks-adelaide,id/explore/itineraries/sa-3weeks-adelaide
ITINERARY,id/itineraries/nt-3weeks-darwin,id/explore/itineraries/nt-3weeks-darwin
ITINERARY,id/itineraries/qld-3weeks-cairns,id/explore/itineraries/qld-3weeks-cairns
CATEGORY,id/itineraries/city-journeys,id/explore/itineraries-ideas/city-journeys
ITINERARY,id/itineraries/nsw-3days-sydney,id/explore/itineraries/nsw-3days-sydney
ITINERARY,id/itineraries/vic-3days-melbourne,id/explore/itineraries/vic-3days-melbourne
ITINERARY,id/itineraries/qld-3days-brisbane,id/explore/itineraries/qld-3days-brisbane
ITINERARY,id/itineraries/wa-3days-perth,id/explore/itineraries/wa-3days-perth
ITINERARY,id/itineraries/sa-3days-adelaide,id/explore/itineraries/sa-3days-adelaide
ITINERARY,id/itineraries/nt-3days-darwin,id/explore/itineraries/nt-3days-darwin
ITINERARY,id/itineraries/tas-3days-hobart,id/explore/itineraries/tas-3days-hobart
ITINERARY,id/itineraries/act-3days-canberra,id/explore/itineraries/act-3days-canberra
ITINERARY,id/itineraries/qld-3days-cairns,id/explore/itineraries/qld-3days-cairns
ITINERARY,id/itineraries/nt-3days-alice-springs,id/explore/itineraries/nt-3days-alice-springs
ITINERARY,id/itineraries/wa-3days-broome,id/explore/itineraries/wa-3days-broome
ITINERARY,id/itineraries/qld-3days-gold-coast,id/explore/itineraries/qld-3days-gold-coast
CATEGORY,id/itineraries/australian-holiday-stories,id/explore/things-to-do/australian-holiday-stories
ITINERARY,id/itineraries/nsw-sydney-story,id/explore/cities/sydney/nsw-sydney-story
ITINERARY,id/itineraries/nt-uluru-story,id/explore/icons/red-centre/nt-uluru-story
ITINERARY,id/itineraries/wa-pinnacles-travel-story,id/explore/states/wa/wa-pinnacles-travel-story
ITINERARY,id/itineraries/tasman-national-park-story,id/explore/states/tas/tasman-national-park-story
ITINERARY,id/itineraries/margaret-river-story,id/explore/states/wa/margaret-river-story
ITINERARY,id/itineraries/sa-kangaroo-Island-story,id/explore/icons/kangaroo-island/sa-kangaroo-Island-story
ITINERARY,id/itineraries/nt-kakadu-story,id/explore/icons/kakadu/nt-kakadu-story
ITINERARY,id/itineraries/wa-kimberley-travel-story,id/explore/icons/kimberley/wa-kimberley-travel-story
ITINERARY,id/itineraries/liffey-falls-story,id/explore/cities/hobart/liffey-falls-story
ITINERARY,id/itineraries/port-campbell-travel-story,id/explore/icons/great-ocean-road/port-campbell-travel-story
ITINERARY,id/itineraries/qld-surfers-paradise-story,id/explore/cities/gold-coast/qld-surfers-paradise-story
ITINERARY,id/itineraries/bruny-travel-story,id/explore/states/tas/bruny-travel-story
ITINERARY,id/itineraries/qld-tangalooma-story,id/explore/cities/brisbane/qld-tangalooma-story
ITINERARY,id/itineraries/wa-karijini-story,id/explore/states/wa/wa-karijini-story
ITINERARY,id/itineraries/act-tharwa-story,id/explore/cities/canberra/act-tharwa-story
ITINERARY,id/itineraries/wa-valley-of-the-giants-story,id/explore/states/wa/wa-valley-of-the-giants-story
ITINERARY,id/itineraries/wa-wave-rock-story,id/explore/states/wa/wa-wave-rock-story
EVENT LANDING,id/events/major-events,id/explore/australian-events/major-events
EVENT LANDING,id/events/sporting-events,id/explore/australian-events/sporting-events
EVENT LANDING,id/events/horse-racing-events,id/explore/australian-events/horse-racing-events
EVENT LANDING,id/events/beaches-events,id/explore/australian-events/beaches-events
EVENT LANDING,id/events/culture-events,id/explore/australian-events/culture-events
EVENT LANDING,id/events/art-events,id/explore/australian-events/art-events
EVENT LANDING,id/events/music-festivals-events,id/explore/australian-events/music-festivals-events
EVENT LANDING,id/events/food-wine-events,id/explore/australian-events/food-wine-events
EVENT LANDING,id/events/regional-outback-events,id/explore/australian-events/regional-outback-events
EVENT LANDING,id/events/aboriginal-events,id/explore/australian-events/aboriginal-events
EVENT LANDING,id/events/natural-events,id/explore/australian-events/natural-events
EVENT LANDING,id/events/nat-uniquely-australian-events,id/explore/australian-events/nat-uniquely-australian-events
EVENT ARTICLE ,id/events/2014/january/tour-down-under,id/explore/events/tour-down-under
EVENT ARTICLE ,id/events/2014/february/australian-open,id/explore/events/australian-open
EVENT ARTICLE ,id/events/2014/march/australia-day,id/explore/events/australia-day
EVENT ARTICLE ,id/events/2014/april/melbourne-food-and-wine-festival,id/explore/events/melbourne-food-and-wine-festival
EVENT ARTICLE ,id/events/2014/may/vic-australian-grand-prix,id/explore/events/vic-australian-grand-prix
EVENT ARTICLE ,id/events/2014/june/opera-sydney-harbour,id/explore/events/opera-sydney-harbour
EVENT ARTICLE ,id/events/2014/july/sydney-royal-easter-show,id/explore/events/sydney-royal-easter-show
EVENT ARTICLE ,id/events/2014/august/vivid-sydney,id/explore/events/vivid-sydney
EVENT ARTICLE ,id/events/2014/september/british-lions-2013,id/explore/events/british-lions-2013
EVENT ARTICLE ,id/events/2014/october/australias-running-events,id/explore/events/australias-running-events
EVENT ARTICLE ,id/events/2014/november/floriade,id/explore/events/floriade
EVENT ARTICLE ,id/events/2014/december/afl-events,id/explore/events/afl-events
EVENT ARTICLE ,id/events/2014/january/melbourne-cup-carnival,id/explore/events/melbourne-cup-carnival
EVENT ARTICLE ,id/events/2014/february/syd-hobart-yacht-race,id/explore/events/syd-hobart-yacht-race
EVENT ARTICLE ,id/events/2014/march/nat-new-years-fireworks,id/explore/events/nat-new-years-fireworks
EVENT ARTICLE ,id/events/2014/april/sydney-mardi-gras,id/explore/events/sydney-mardi-gras
EVENT ARTICLE ,id/events/2014/may/jazz-blues-classical-festivals,id/explore/events/jazz-blues-classical-festivals
EVENT ARTICLE ,id/events/2014/june/indie-alternative-rock-festivals,id/explore/events/indie-alternative-rock-festivals
EVENT ARTICLE ,id/events/2014/july/folk-country-world-music-festivals,id/explore/events/folk-country-world-music-festivals
EVENT ARTICLE ,id/events/2014/august/horse-racing-events-article,id/explore/events/horse-racing-events-article
EVENT ARTICLE ,id/events/2014/september/act-canberra-balloon-fiesta,id/explore/events/act-canberra-balloon-fiesta
EVENT ARTICLE ,id/events/2014/october/nat-film-festivals,id/explore/events/nat-film-festivals
EVENT ARTICLE ,id/events/2014/november/nsw-taste-of-orange,id/explore/events/nsw-taste-of-orange
EVENT ARTICLE ,id/events/2014/december/nt-henley-on-todd,id/explore/events/nt-henley-on-todd
EVENT ARTICLE ,id/events/2014/january/tas-taste-festival,id/explore/events/tas-taste-festival
EVENT ARTICLE ,id/events/2014/february/vic-spring-racing,id/explore/events/vic-spring-racing
EVENT ARTICLE ,id/events/2014/march/australias-motorsport-events,id/explore/events/australias-motorsport-events
EVENT ARTICLE ,id/events/2014/april/nsw-orange-food-week,id/explore/events/nsw-orange-food-week
EVENT ARTICLE ,id/events/2014/may/qld-coolangatta-ocean-swim,id/explore/events/qld-coolangatta-ocean-swim
EVENT ARTICLE ,id/events/2014/june/summer-cricket,id/explore/events/summer-cricket
EVENT ARTICLE ,id/events/2014/july/wa-ord-valley-muster,id/explore/events/wa-ord-valley-muster
EVENT ARTICLE ,id/events/2014/august/australias-grand-slam-tennis,id/explore/events/australias-grand-slam-tennis
EVENT ARTICLE ,id/events/2014/september/surfing-events,id/explore/events/surfing-events
EVENT ARTICLE ,id/events/2014/october/australian-theatre,id/explore/events/australian-theatre
EVENT ARTICLE ,id/events/2014/november/ashes-2013,id/explore/events/ashes-2013
EVENT ARTICLE ,id/events/2014/december/australias-cycling-events,id/explore/events/australias-cycling-events
EVENT ARTICLE ,id/events/2014/january/australias-golf-events,id/explore/events/australias-golf-events
EVENT ARTICLE ,id/events/2014/february/australias-oceans-swims,id/explore/events/australias-oceans-swims
EVENT ARTICLE ,id/events/2014/march/bledisloe-cup,id/explore/events/bledisloe-cup
EVENT ARTICLE ,id/events/2014/april/endurance-events,id/explore/events/endurance-events
EVENT ARTICLE ,id/events/2014/may/sa-tasting-australia,id/explore/events/sa-tasting-australia
EVENT ARTICLE ,id/events/2014/june/australian-opera,id/explore/events/australian-opera
EVENT ARTICLE ,id/events/2014/july/sa-outback-cattle-drive,id/explore/events/sa-outback-cattle-drive
EVENT ARTICLE ,id/events/2014/august/wa-margaret-river-wine-festival,id/explore/events/wa-margaret-river-wine-festival
EVENT ARTICLE ,id/events/2014/september/surf-life-saving-events,id/explore/events/surf-life-saving-events
CATEGORY,id/categories/outback-australia,id/about/australias-landscapes/outback-australia
ARTICLE,id/places/nsw/mungo,id/explore/states/nsw/nsw-mungo
ARTICLE,id/articles/outback,id/about/australias-landscapes/outback/outback
ARTICLE,id/articles/houseboating-murray-river,id/explore/things-to-do/australian-adventure/houseboating-murray-river
ARTICLE,id/articles/glamping-australia,id/explore/things-to-do/australian-adventure/glamping-australia
ARTICLE,id/articles/outback-cattle-drive,id/explore/events/sa-outback-cattle-drive
CATEGORY,id/categories/aboriginal-australia,id/explore/things-to-do/aboriginal-australia
ARTICLE,id/articles/aboriginal,id/explore/things-to-do/aboriginal-australia/aboriginal
CITY ,id/places/nt/alice-springs,id/explore/cities/alice-springs
CATEGORY,id/categories/food-and-wine,id/explore/things-to-do/food-and-wine
ARTICLE,id/articles/australian-wineries,id/about/australias-landscapes/australian-wineries
ARTICLE,id/articles/ultimate-wineries,id/explore/things-to-do/ultimate-wineries
CATEGORY,id/categories/art-music-culture,id/about/culture-history/culture
ARTICLE,id/articles/australian-art,id/about/culture-history/australian-art
ARTICLE,id/articles/shopping,id/explore/things-to-do/shopping
ARTICLE,id/articles/shopping/nat-shopping,id/explore/things-to-do/shopping/nat-shopping
ARTICLE,id/articles/shopping/nat-australias-markets,id/explore/things-to-do/shopping/nat-australias-markets
ARTICLE,id/articles/shopping/australias-opals,id/explore/things-to-do/shopping/australias-opals
ARTICLE,id/articles/shopping/australian-souvenirs,id/explore/things-to-do/shopping/australian-souvenirs
ARTICLE,id/articles/famous-australians,id/about/culture-history/famous-australians
CATEGORY,id/categories/australias-islands,id/about/australias-landscapes/australias-islands
ARTICLE,id/places/qld/tangalooma,id/explore/states/qld/tangalooma
ARTICLE,id/places/qld/whitsundays-islands,id/explore/icons/great-barrier-reef/whitsundays-islands
ARTICLE,id/places/tas/tas-bass-strait-islands,id/explore/states/tas/tas-bass-strait-islands
ARTICLE,id/places/nsw/nsw-lord-howe-island,id/explore/states/nsw/nsw-lord-howe-island
ARTICLE,id/places/nt/tiwi-islands,id/about/australias-landscapes/australias-islands/tiwi-islands
CATEGORY,id/categories/nature and wildlife,id/about/australias-landscapes/nature
ARTICLE,id/articles/natural-australia,id/explore/things-to-do/natural-australia
ARTICLE,id/articles/nat-australias-rainforests,id/explore/things-to-do/nature/nat-australias-rainforests
ARTICLE,id/articles/world-heritage-sites-australia,id/explore/things-to-do/nature/world-heritage-sites-australia
ARTICLE,id/facts/plants,id/about/key-facts/plants
CATEGORY,id/categories/beaches ,id/about/australias-landscapes/australian-beaches
ARTICLE,id/articles/coastal,id/about/australias-landscapes/coastal
ARTICLE,id/articles/sydney-beaches,id/explore/cities/sydney/nsw-sydney-beaches
CATEGORY,id/categories/australian-sport ,id/explore/things-to-do/australian-adventure/nat-australian-sport
ARTICLE,id/articles/australias-stadiums-venues,id/about/culture-history/australias-stadiums-venues
ARTICLE,id/articles/great-golf-courses,id/explore/things-to-do/great-golf-courses
CATEGORY,id/categories/australian-adventure,id/explore/things-to-do/australian-adventure
ARTICLE,id/articles/great-walks,id/explore/things-to-do/great-walks
ARTICLE,id/articles/great-luxury-lodges,id/explore/things-to-do/great-luxury-lodges
CATEGORY  ,id/categories/youthful-travellers,id/explore/things-to-do/youthful-travellers
ARTICLE,id/planning/working-holiday-visa,id/plan/before-you-go/working-holiday-visa
ARTICLE,id/planning/working-holiday-visa-faq,id/plan/before-you-go/working-holiday-visa-faq
ARTICLE,id/planning/work-study-abroad,id/plan/before-you-go/work-study-abroad
CATEGORY ,id/facts,id/about
CATEGORY ,id/facts/weather,id/about/key-facts/weather
ARTICLE,id/facts/sydney-weather,id/about/key-facts/weather/sydney-weather
ARTICLE,id/facts/melbourne-weather,id/about/key-facts/weather/melbourne-weather
ARTICLE,id/facts/adelaide-weather,id/about/key-facts/weather/adelaide-weather
ARTICLE,id/facts/perth-weather,id/about/key-facts/weather/perth-weather
ARTICLE,id/facts/brisbane-weather,id/about/key-facts/weather/brisbane-weather
ARTICLE,id/facts/cairns-weather,id/about/key-facts/weather/cairns-weather
ARTICLE,id/facts/hobart-weather,id/about/key-facts/weather/hobart-weather
ARTICLE,id/facts/canberra-weather,id/about/key-facts/weather/canberra-weather
ARTICLE,id/facts/alice-springs-weather,id/about/key-facts/weather/alice-springs-weather
ARTICLE,id/facts/broome-weather,id/about/key-facts/weather/broome-weather
ARTICLE,id/facts/darwin-weather,id/about/key-facts/weather/darwin-weather
ARTICLE,id/facts/gold-coast-weather,id/about/key-facts/weather/gold-coast-weather
ARTICLE,id/planning/tips-hazards,id/plan/while-your-here/tips-hazards
CATEGORY ,id/facts/australias-seasons,id/about/australias-landscapes/australias-seasons
ARTICLE,id/facts/australias-seasons/summer,id/about/australias-landscapes/australias-seasons/summer
ARTICLE,id/facts/australias-seasons/autumn,id/about/australias-landscapes/australias-seasons/autumn
ARTICLE,id/facts/australias-seasons/winter,id/about/australias-landscapes/australias-seasons/winter
ARTICLE,id/facts/australias-seasons/spring,id/about/australias-landscapes/australias-seasons/spring
ARTICLE,id/planning/getting-there,id/plan/plan-your-trip/getting-there
CATEGORY ,id/planning/planning-a-trip,id/plan/before-you-go/planning-a-trip
ARTICLE,id/facts/currency,id/about/key-facts/currency
ARTICLE,id/facts/time-zones,id/about/key-facts/time-zones
ARTICLE,id/planning/getting-around,id/plan/while-your-here/getting-around
ARTICLE,id/planning/road-safety,id/plan/while-your-here/road-safety
ARTICLE,id/facts/cities-states-territories,id/about/key-facts/cities-states-territories
ARTICLE,id/planning/visa-information,id/plan/before-you-go/visa-information
ARTICLE,id/planning/customs-quarantine,id/plan/before-you-go/customs-quarantine
ASP SEARCH,id/planning/find-travel-agent,id/plan/plan-your-trip/find-travel-agent
ARTICLE,id/facts/emergency-services,id/about/key-facts/emergency-services
MAP IFRAME,explore,explore
SITE MAP,sitemap,sitemap
PRIVACY POLICY ,privacypolicy,privacypolicy
TERMS&CONDS,terms-conditions,terms-conditions
DISCLAIMER ,disclaimer,disclaimer
CAMPAIGN,nationallandscapes,nationallandscapes
CAMPAIGN,id/campaigns/nationallandscapes/AustralianAlps,id/campaigns/nationallandscapes/AustralianAlps.htm
CAMPAIGN,id/campaigns/nationallandscapes/AustraliasCoastalWilderness,id/campaigns/nationallandscapes/AustraliasCoastalWilderness.htm
CAMPAIGN,id/campaigns/nationallandscapes/AustraliasGreenCauldron,id/campaigns/nationallandscapes/AustraliasGreenCauldron.htm
CAMPAIGN,id/campaigns/nationallandscapes/FlindersRanges,id/campaigns/nationallandscapes/FlindersRanges.htm
CAMPAIGN,id/campaigns/nationallandscapes/AustraliasRedCentre,id/campaigns/nationallandscapes/AustraliasRedCentre.htm
CAMPAIGN,id/campaigns/nationallandscapes/GreatBarrierReef,id/campaigns/nationallandscapes/GreatBarrierReef.htm
CAMPAIGN,id/campaigns/nationallandscapes/GreatOceanRoad,id/campaigns/nationallandscapes/GreatOceanRoad.htm
CAMPAIGN,id/campaigns/nationallandscapes/GreaterBlueMountains,id/campaigns/nationallandscapes/GreaterBlueMountains.htm
CAMPAIGN,id/campaigns/nationallandscapes/Great-South-West-Edge,id/campaigns/nationallandscapes/Great-South-West-Edge.htm
CAMPAIGN,id/campaigns/nationallandscapes/Australias-Timeless-North,id/campaigns/nationallandscapes/Australias-Timeless-North.htm
CAMPAIGN,id/campaigns/nationallandscapes/KangarooIsland,id/campaigns/nationallandscapes/KangarooIsland.htm
CAMPAIGN,id/campaigns/nationallandscapes/NingalooSharkBay,id/campaigns/nationallandscapes/NingalooSharkBay.htm
CAMPAIGN,id/campaigns/nationallandscapes/SydneyHarbour,id/campaigns/nationallandscapes/SydneyHarbour.htm
CAMPAIGN,id/campaigns/nationallandscapes/TasmaniasIslandHeritage,id/campaigns/nationallandscapes/TasmaniasIslandHeritage.htm
CAMPAIGN,id/campaigns/nationallandscapes/TheKimberley,id/campaigns/nationallandscapes/TheKimberley.htm
CAMPAIGN,id/campaigns/nationallandscapes/wettropics,id/campaigns/nationallandscapes/wettropics.htm
CAMPAIGN,id/campaigns/nothinglike/au,id/campaigns/nothinglike/au/index.htm
CAMPAIGN,id/campaigns/nothinglike/au/bungle-bungles,id/campaigns/nothinglike/au/bungle-bungles.htm
CAMPAIGN,id/campaigns/nothinglike/au/bungle-bungles-product1,id/campaigns/nothinglike/au/bungle-bungles-product1.htm
CAMPAIGN,id/campaigns/nothinglike/au/bungle-bungles-product2,id/campaigns/nothinglike/au/bungle-bungles-product2.htm
CAMPAIGN,id/campaigns/nothinglike/au/bungle-bungles-product3,id/campaigns/nothinglike/au/bungle-bungles-product3.htm
CAMPAIGN,id/campaigns/nothinglike/au/bungle-bungles-product4,id/campaigns/nothinglike/au/bungle-bungles-product4.htm
CAMPAIGN,id/campaigns/nothinglike/au/bungle-bungles-product5,id/campaigns/nothinglike/au/bungle-bungles-product5.htm
CAMPAIGN,id/campaigns/nothinglike/au/bungle-bungles-product6,id/campaigns/nothinglike/au/bungle-bungles-product6.htm
CAMPAIGN,id/campaigns/nothinglike/au/bungle-bungles-product7,id/campaigns/nothinglike/au/bungle-bungles-product7.htm
CAMPAIGN,id/campaigns/nothinglike/au/bungle-bungles-product8,id/campaigns/nothinglike/au/bungle-bungles-product8.htm
CAMPAIGN,id/campaigns/nothinglike/au/bungle-bungles-product9,id/campaigns/nothinglike/au/bungle-bungles-product9.htm
CAMPAIGN,id/campaigns/nothinglike/au/bungle-bungles-product10,id/campaigns/nothinglike/au/bungle-bungles-product10.htm
CAMPAIGN,id/campaigns/nothinglike/au/bungle-bungles-itinerary,id/campaigns/nothinglike/au/bungle-bungles-itinerary.htm
CAMPAIGN,id/campaigns/nothinglike/au/bungle-bungles-itinerary2,id/campaigns/nothinglike/au/bungle-bungles-itinerary2.htm
CAMPAIGN,id/campaigns/nothinglike/au/bungle-bungles-itinerary3,id/campaigns/nothinglike/au/bungle-bungles-itinerary3.htm
CAMPAIGN,id/campaigns/nothinglike/au/bungle-bungles-itinerary4,id/campaigns/nothinglike/au/bungle-bungles-itinerary4.htm
CAMPAIGN,id/campaigns/nothinglike/au/bungle-bungles-experiences,id/campaigns/nothinglike/au/bungle-bungles-experiences.htm
CAMPAIGN,id/campaigns/nothinglike/au/canberra,id/campaigns/nothinglike/au/canberra.htm
CAMPAIGN,id/campaigns/nothinglike/au/canberra-product1,id/campaigns/nothinglike/au/canberra-product1.htm
CAMPAIGN,id/campaigns/nothinglike/au/canberra-product2,id/campaigns/nothinglike/au/canberra-product2.htm
CAMPAIGN,id/campaigns/nothinglike/au/canberra-product3,id/campaigns/nothinglike/au/canberra-product3.htm
CAMPAIGN,id/campaigns/nothinglike/au/canberra-product4,id/campaigns/nothinglike/au/canberra-product4.htm
CAMPAIGN,id/campaigns/nothinglike/au/canberra-product5,id/campaigns/nothinglike/au/canberra-product5.htm
CAMPAIGN,id/campaigns/nothinglike/au/canberra-product6,id/campaigns/nothinglike/au/canberra-product6.htm
CAMPAIGN,id/campaigns/nothinglike/au/canberra-product7,id/campaigns/nothinglike/au/canberra-product7.htm
CAMPAIGN,id/campaigns/nothinglike/au/canberra-product8,id/campaigns/nothinglike/au/canberra-product8.htm
CAMPAIGN,id/campaigns/nothinglike/au/canberra-product9,id/campaigns/nothinglike/au/canberra-product9.htm
CAMPAIGN,id/campaigns/nothinglike/au/canberra-product10,id/campaigns/nothinglike/au/canberra-product10.htm
CAMPAIGN,id/campaigns/nothinglike/au/canberra-product11,id/campaigns/nothinglike/au/canberra-product11.htm
CAMPAIGN,id/campaigns/nothinglike/au/canberra-itinerary,id/campaigns/nothinglike/au/canberra-itinerary.htm
CAMPAIGN,id/campaigns/nothinglike/au/canberra-itinerary2,id/campaigns/nothinglike/au/canberra-itinerary2.htm
CAMPAIGN,id/campaigns/nothinglike/au/canberra-itinerary3,id/campaigns/nothinglike/au/canberra-itinerary3.htm
CAMPAIGN,id/campaigns/nothinglike/au/canberra-itinerary4,id/campaigns/nothinglike/au/canberra-itinerary4.htm
CAMPAIGN,id/campaigns/nothinglike/au/canberra-experiences,id/campaigns/nothinglike/au/canberra-experiences.htm
CAMPAIGN,id/campaigns/nothinglike/au/cape-leveque,id/campaigns/nothinglike/au/cape-leveque.htm
CAMPAIGN,id/campaigns/nothinglike/au/cape-leveque-product1,id/campaigns/nothinglike/au/cape-leveque-product1.htm
CAMPAIGN,id/campaigns/nothinglike/au/cape-leveque-product2,id/campaigns/nothinglike/au/cape-leveque-product2.htm
CAMPAIGN,id/campaigns/nothinglike/au/cape-leveque-product3,id/campaigns/nothinglike/au/cape-leveque-product3.htm
CAMPAIGN,id/campaigns/nothinglike/au/cape-leveque-product4,id/campaigns/nothinglike/au/cape-leveque-product4.htm
CAMPAIGN,id/campaigns/nothinglike/au/cape-leveque-product5,id/campaigns/nothinglike/au/cape-leveque-product5.htm
CAMPAIGN,id/campaigns/nothinglike/au/cape-leveque-product6,id/campaigns/nothinglike/au/cape-leveque-product6.htm
CAMPAIGN,id/campaigns/nothinglike/au/cape-leveque-product7,id/campaigns/nothinglike/au/cape-leveque-product7.htm
CAMPAIGN,id/campaigns/nothinglike/au/cape-leveque-product8,id/campaigns/nothinglike/au/cape-leveque-product8.htm
CAMPAIGN,id/campaigns/nothinglike/au/cape-leveque-product9,id/campaigns/nothinglike/au/cape-leveque-product9.htm
CAMPAIGN,id/campaigns/nothinglike/au/cape-leveque-product10,id/campaigns/nothinglike/au/cape-leveque-product10.htm
CAMPAIGN,id/campaigns/nothinglike/au/cape-leveque-itinerary,id/campaigns/nothinglike/au/cape-leveque-itinerary.htm
CAMPAIGN,id/campaigns/nothinglike/au/cape-leveque-itinerary2,id/campaigns/nothinglike/au/cape-leveque-itinerary2.htm
CAMPAIGN,id/campaigns/nothinglike/au/cape-leveque-itinerary3,id/campaigns/nothinglike/au/cape-leveque-itinerary3.htm
CAMPAIGN,id/campaigns/nothinglike/au/cape-leveque-itinerary4,id/campaigns/nothinglike/au/cape-leveque-itinerary4.htm
CAMPAIGN,id/campaigns/nothinglike/au/cape-leveque-itinerary5,id/campaigns/nothinglike/au/cape-leveque-itinerary5.htm
CAMPAIGN,id/campaigns/nothinglike/au/cape-leveque-experiences,id/campaigns/nothinglike/au/cape-leveque-experiences.htm
CAMPAIGN,id/campaigns/nothinglike/au/el-questro,id/campaigns/nothinglike/au/el-questro.htm
CAMPAIGN,id/campaigns/nothinglike/au/el-questro-product1,id/campaigns/nothinglike/au/el-questro-product1.htm
CAMPAIGN,id/campaigns/nothinglike/au/el-questro-product2,id/campaigns/nothinglike/au/el-questro-product2.htm
CAMPAIGN,id/campaigns/nothinglike/au/el-questro-product3,id/campaigns/nothinglike/au/el-questro-product3.htm
CAMPAIGN,id/campaigns/nothinglike/au/el-questro-product4,id/campaigns/nothinglike/au/el-questro-product4.htm
CAMPAIGN,id/campaigns/nothinglike/au/el-questro-product5,id/campaigns/nothinglike/au/el-questro-product5.htm
CAMPAIGN,id/campaigns/nothinglike/au/el-questro-product6,id/campaigns/nothinglike/au/el-questro-product6.htm
CAMPAIGN,id/campaigns/nothinglike/au/el-questro-product7,id/campaigns/nothinglike/au/el-questro-product7.htm
CAMPAIGN,id/campaigns/nothinglike/au/el-questro-product8,id/campaigns/nothinglike/au/el-questro-product8.htm
CAMPAIGN,id/campaigns/nothinglike/au/el-questro-product9,id/campaigns/nothinglike/au/el-questro-product9.htm
CAMPAIGN,id/campaigns/nothinglike/au/el-questro-product10,id/campaigns/nothinglike/au/el-questro-product10.htm
CAMPAIGN,id/campaigns/nothinglike/au/el-questro-itinerary,id/campaigns/nothinglike/au/el-questro-itinerary.htm
CAMPAIGN,id/campaigns/nothinglike/au/el-questro-itinerary2,id/campaigns/nothinglike/au/el-questro-itinerary2.htm
CAMPAIGN,id/campaigns/nothinglike/au/el-questro-itinerary3,id/campaigns/nothinglike/au/el-questro-itinerary3.htm
CAMPAIGN,id/campaigns/nothinglike/au/el-questro-itinerary4,id/campaigns/nothinglike/au/el-questro-itinerary4.htm
CAMPAIGN,id/campaigns/nothinglike/au/el-questro-experiences,id/campaigns/nothinglike/au/el-questro-experiences.htm
CAMPAIGN,id/campaigns/nothinglike/au/freycinet,id/campaigns/nothinglike/au/freycinet.htm
CAMPAIGN,id/campaigns/nothinglike/au/freycinet-product1,id/campaigns/nothinglike/au/freycinet-product1.htm
CAMPAIGN,id/campaigns/nothinglike/au/freycinet-product2,id/campaigns/nothinglike/au/freycinet-product2.htm
CAMPAIGN,id/campaigns/nothinglike/au/freycinet-product3,id/campaigns/nothinglike/au/freycinet-product3.htm
CAMPAIGN,id/campaigns/nothinglike/au/freycinet-product5,id/campaigns/nothinglike/au/freycinet-product5.htm
CAMPAIGN,id/campaigns/nothinglike/au/freycinet-product6,id/campaigns/nothinglike/au/freycinet-product6.htm
CAMPAIGN,id/campaigns/nothinglike/au/freycinet-product7,id/campaigns/nothinglike/au/freycinet-product7.htm
CAMPAIGN,id/campaigns/nothinglike/au/freycinet-product8,id/campaigns/nothinglike/au/freycinet-product8.htm
CAMPAIGN,id/campaigns/nothinglike/au/freycinet-product9,id/campaigns/nothinglike/au/freycinet-product9.htm
CAMPAIGN,id/campaigns/nothinglike/au/freycinet-product10,id/campaigns/nothinglike/au/freycinet-product10.htm
CAMPAIGN,id/campaigns/nothinglike/au/freycinet-itinerary,id/campaigns/nothinglike/au/freycinet-itinerary.htm
CAMPAIGN,id/campaigns/nothinglike/au/freycinet-itinerary2,id/campaigns/nothinglike/au/freycinet-itinerary2.htm
CAMPAIGN,id/campaigns/nothinglike/au/freycinet-itinerary3,id/campaigns/nothinglike/au/freycinet-itinerary3.htm
CAMPAIGN,id/campaigns/nothinglike/au/freycinet-itinerary4,id/campaigns/nothinglike/au/freycinet-itinerary4.htm
CAMPAIGN,id/campaigns/nothinglike/au/freycinet-itinerary5,id/campaigns/nothinglike/au/freycinet-itinerary5.htm
CAMPAIGN,id/campaigns/nothinglike/au/freycinet-experiences,id/campaigns/nothinglike/au/freycinet-experiences.htm
CAMPAIGN,id/campaigns/nothinglike/au/gold-coast,id/campaigns/nothinglike/au/gold-coast.htm
CAMPAIGN,id/campaigns/nothinglike/au/gold-coast-product1,id/campaigns/nothinglike/au/gold-coast-product1.htm
CAMPAIGN,id/campaigns/nothinglike/au/gold-coast-product2,id/campaigns/nothinglike/au/gold-coast-product2.htm
CAMPAIGN,id/campaigns/nothinglike/au/gold-coast-product3,id/campaigns/nothinglike/au/gold-coast-product3.htm
CAMPAIGN,id/campaigns/nothinglike/au/gold-coast-product4,id/campaigns/nothinglike/au/gold-coast-product4.htm
CAMPAIGN,id/campaigns/nothinglike/au/gold-coast-product5,id/campaigns/nothinglike/au/gold-coast-product5.htm
CAMPAIGN,id/campaigns/nothinglike/au/gold-coast-product6,id/campaigns/nothinglike/au/gold-coast-product6.htm
CAMPAIGN,id/campaigns/nothinglike/au/gold-coast-product7,id/campaigns/nothinglike/au/gold-coast-product7.htm
CAMPAIGN,id/campaigns/nothinglike/au/gold-coast-product8,id/campaigns/nothinglike/au/gold-coast-product8.htm
CAMPAIGN,id/campaigns/nothinglike/au/gold-coast-product9,id/campaigns/nothinglike/au/gold-coast-product9.htm
CAMPAIGN,id/campaigns/nothinglike/au/gold-coast-product10,id/campaigns/nothinglike/au/gold-coast-product10.htm
CAMPAIGN,id/campaigns/nothinglike/au/gold-coast-itinerary,id/campaigns/nothinglike/au/gold-coast-itinerary.htm
CAMPAIGN,id/campaigns/nothinglike/au/gold-coast-itinerary2,id/campaigns/nothinglike/au/gold-coast-itinerary2.htm
CAMPAIGN,id/campaigns/nothinglike/au/gold-coast-itinerary3,id/campaigns/nothinglike/au/gold-coast-itinerary3.htm
CAMPAIGN,id/campaigns/nothinglike/au/gold-coast-itinerary4,id/campaigns/nothinglike/au/gold-coast-itinerary4.htm
CAMPAIGN,id/campaigns/nothinglike/au/gold-coast-experiences,id/campaigns/nothinglike/au/gold-coast-experiences.htm
CAMPAIGN,id/campaigns/nothinglike/au/great-ocean-road,id/campaigns/nothinglike/au/great-ocean-road.htm
CAMPAIGN,id/campaigns/nothinglike/au/great-ocean-road-product1,id/campaigns/nothinglike/au/great-ocean-road-product1.htm
CAMPAIGN,id/campaigns/nothinglike/au/great-ocean-road-product2,id/campaigns/nothinglike/au/great-ocean-road-product2.htm
CAMPAIGN,id/campaigns/nothinglike/au/great-ocean-road-product3,id/campaigns/nothinglike/au/great-ocean-road-product3.htm
CAMPAIGN,id/campaigns/nothinglike/au/great-ocean-road-product4,id/campaigns/nothinglike/au/great-ocean-road-product4.htm
CAMPAIGN,id/campaigns/nothinglike/au/great-ocean-road-product5,id/campaigns/nothinglike/au/great-ocean-road-product5.htm
CAMPAIGN,id/campaigns/nothinglike/au/great-ocean-road-product6,id/campaigns/nothinglike/au/great-ocean-road-product6.htm
CAMPAIGN,id/campaigns/nothinglike/au/great-ocean-road-product7,id/campaigns/nothinglike/au/great-ocean-road-product7.htm
CAMPAIGN,id/campaigns/nothinglike/au/great-ocean-road-product8,id/campaigns/nothinglike/au/great-ocean-road-product8.htm
CAMPAIGN,id/campaigns/nothinglike/au/great-ocean-road-itinerary,id/campaigns/nothinglike/au/great-ocean-road-itinerary.htm
CAMPAIGN,id/campaigns/nothinglike/au/great-ocean-road-itinerary2,id/campaigns/nothinglike/au/great-ocean-road-itinerary2.htm
CAMPAIGN,id/campaigns/nothinglike/au/great-ocean-road-itinerary3,id/campaigns/nothinglike/au/great-ocean-road-itinerary3.htm
CAMPAIGN,id/campaigns/nothinglike/au/great-ocean-road-itinerary4,id/campaigns/nothinglike/au/great-ocean-road-itinerary4.htm
CAMPAIGN,id/campaigns/nothinglike/au/great-ocean-road-itinerary5,id/campaigns/nothinglike/au/great-ocean-road-itinerary5.htm
CAMPAIGN,id/campaigns/nothinglike/au/great-ocean-road-experiences,id/campaigns/nothinglike/au/great-ocean-road-experiences.htm
CAMPAIGN,id/campaigns/nothinglike/au/hayman-island,id/campaigns/nothinglike/au/hayman-island.htm
CAMPAIGN,id/campaigns/nothinglike/au/hayman-island-product1,id/campaigns/nothinglike/au/hayman-island-product1.htm
CAMPAIGN,id/campaigns/nothinglike/au/hayman-island-product2,id/campaigns/nothinglike/au/hayman-island-product2.htm
CAMPAIGN,id/campaigns/nothinglike/au/hayman-island-product3,id/campaigns/nothinglike/au/hayman-island-product3.htm
CAMPAIGN,id/campaigns/nothinglike/au/hayman-island-product4,id/campaigns/nothinglike/au/hayman-island-product4.htm
CAMPAIGN,id/campaigns/nothinglike/au/hayman-island-product6,id/campaigns/nothinglike/au/hayman-island-product6.htm
CAMPAIGN,id/campaigns/nothinglike/au/hayman-island-product7,id/campaigns/nothinglike/au/hayman-island-product7.htm
CAMPAIGN,id/campaigns/nothinglike/au/hayman-island-product8,id/campaigns/nothinglike/au/hayman-island-product8.htm
CAMPAIGN,id/campaigns/nothinglike/au/hayman-island-product9,id/campaigns/nothinglike/au/hayman-island-product9.htm
CAMPAIGN,id/campaigns/nothinglike/au/hayman-island-product10,id/campaigns/nothinglike/au/hayman-island-product10.htm
CAMPAIGN,id/campaigns/nothinglike/au/hayman-island-itinerary,id/campaigns/nothinglike/au/hayman-island-itinerary.htm
CAMPAIGN,id/campaigns/nothinglike/au/hayman-island-itinerary2,id/campaigns/nothinglike/au/hayman-island-itinerary2.htm
CAMPAIGN,id/campaigns/nothinglike/au/hayman-island-itinerary3,id/campaigns/nothinglike/au/hayman-island-itinerary3.htm
CAMPAIGN,id/campaigns/nothinglike/au/hayman-island-itinerary4,id/campaigns/nothinglike/au/hayman-island-itinerary4.htm
CAMPAIGN,id/campaigns/nothinglike/au/hayman-island-experiences,id/campaigns/nothinglike/au/hayman-island-experiences.htm
CAMPAIGN,id/campaigns/nothinglike/au/kangaroo-island,id/campaigns/nothinglike/au/kangaroo-island.htm
CAMPAIGN,id/campaigns/nothinglike/au/kangaroo-island-product1,id/campaigns/nothinglike/au/kangaroo-island-product1.htm
CAMPAIGN,id/campaigns/nothinglike/au/kangaroo-island-product2,id/campaigns/nothinglike/au/kangaroo-island-product2.htm
CAMPAIGN,id/campaigns/nothinglike/au/kangaroo-island-product3,id/campaigns/nothinglike/au/kangaroo-island-product3.htm
CAMPAIGN,id/campaigns/nothinglike/au/kangaroo-island-product4,id/campaigns/nothinglike/au/kangaroo-island-product4.htm
CAMPAIGN,id/campaigns/nothinglike/au/kangaroo-island-product5,id/campaigns/nothinglike/au/kangaroo-island-product5.htm
CAMPAIGN,id/campaigns/nothinglike/au/kangaroo-island-product6,id/campaigns/nothinglike/au/kangaroo-island-product6.htm
CAMPAIGN,id/campaigns/nothinglike/au/kangaroo-island-product7,id/campaigns/nothinglike/au/kangaroo-island-product7.htm
CAMPAIGN,id/campaigns/nothinglike/au/kangaroo-island-product8,id/campaigns/nothinglike/au/kangaroo-island-product8.htm
CAMPAIGN,id/campaigns/nothinglike/au/kangaroo-island-product9,id/campaigns/nothinglike/au/kangaroo-island-product9.htm
CAMPAIGN,id/campaigns/nothinglike/au/kangaroo-island-product10,id/campaigns/nothinglike/au/kangaroo-island-product10.htm
CAMPAIGN,id/campaigns/nothinglike/au/kangaroo-island-itinerary,id/campaigns/nothinglike/au/kangaroo-island-itinerary.htm
CAMPAIGN,id/campaigns/nothinglike/au/kangaroo-island-itinerary2,id/campaigns/nothinglike/au/kangaroo-island-itinerary2.htm
CAMPAIGN,id/campaigns/nothinglike/au/kangaroo-island-itinerary3,id/campaigns/nothinglike/au/kangaroo-island-itinerary3.htm
CAMPAIGN,id/campaigns/nothinglike/au/kangaroo-island-experiences,id/campaigns/nothinglike/au/kangaroo-island-experiences.htm
CAMPAIGN,id/campaigns/nothinglike/au/lizard-island,id/campaigns/nothinglike/au/lizard-island.htm
CAMPAIGN,id/campaigns/nothinglike/au/lizard-island-product1,id/campaigns/nothinglike/au/lizard-island-product1.htm
CAMPAIGN,id/campaigns/nothinglike/au/lizard-island-product2,id/campaigns/nothinglike/au/lizard-island-product2.htm
CAMPAIGN,id/campaigns/nothinglike/au/lizard-island-product3,id/campaigns/nothinglike/au/lizard-island-product3.htm
CAMPAIGN,id/campaigns/nothinglike/au/lizard-island-product5,id/campaigns/nothinglike/au/lizard-island-product5.htm
CAMPAIGN,id/campaigns/nothinglike/au/lizard-island-product6,id/campaigns/nothinglike/au/lizard-island-product6.htm
CAMPAIGN,id/campaigns/nothinglike/au/lizard-island-product7,id/campaigns/nothinglike/au/lizard-island-product7.htm
CAMPAIGN,id/campaigns/nothinglike/au/lizard-island-product8,id/campaigns/nothinglike/au/lizard-island-product8.htm
CAMPAIGN,id/campaigns/nothinglike/au/lizard-island-product9,id/campaigns/nothinglike/au/lizard-island-product9.htm
CAMPAIGN,id/campaigns/nothinglike/au/melbourne,id/campaigns/nothinglike/au/melbourne.htm
CAMPAIGN,id/campaigns/nothinglike/au/melbourne-product1,id/campaigns/nothinglike/au/melbourne-product1.htm
CAMPAIGN,id/campaigns/nothinglike/au/melbourne-product2,id/campaigns/nothinglike/au/melbourne-product2.htm
CAMPAIGN,id/campaigns/nothinglike/au/melbourne-product3,id/campaigns/nothinglike/au/melbourne-product3.htm
CAMPAIGN,id/campaigns/nothinglike/au/melbourne-product4,id/campaigns/nothinglike/au/melbourne-product4.htm
CAMPAIGN,id/campaigns/nothinglike/au/melbourne-product5,id/campaigns/nothinglike/au/melbourne-product5.htm
CAMPAIGN,id/campaigns/nothinglike/au/melbourne-product6,id/campaigns/nothinglike/au/melbourne-product6.htm
CAMPAIGN,id/campaigns/nothinglike/au/melbourne-product7,id/campaigns/nothinglike/au/melbourne-product7.htm
CAMPAIGN,id/campaigns/nothinglike/au/melbourne-product8,id/campaigns/nothinglike/au/melbourne-product8.htm
CAMPAIGN,id/campaigns/nothinglike/au/melbourne-product9,id/campaigns/nothinglike/au/melbourne-product9.htm
CAMPAIGN,id/campaigns/nothinglike/au/melbourne-product10,id/campaigns/nothinglike/au/melbourne-product10.htm
CAMPAIGN,id/campaigns/nothinglike/au/melbourne-itinerary,id/campaigns/nothinglike/au/melbourne-itinerary.htm
CAMPAIGN,id/campaigns/nothinglike/au/melbourne-itinerary2,id/campaigns/nothinglike/au/melbourne-itinerary2.htm
CAMPAIGN,id/campaigns/nothinglike/au/melbourne-itinerary3,id/campaigns/nothinglike/au/melbourne-itinerary3.htm
CAMPAIGN,id/campaigns/nothinglike/au/melbourne-itinerary4,id/campaigns/nothinglike/au/melbourne-itinerary4.htm
CAMPAIGN,id/campaigns/nothinglike/au/melbourne-experiences,id/campaigns/nothinglike/au/melbourne-experiences.htm
CAMPAIGN,id/campaigns/nothinglike/au/sydney,id/campaigns/nothinglike/au/sydney.htm
CAMPAIGN,id/campaigns/nothinglike/au/sydney-product1,id/campaigns/nothinglike/au/sydney-product1.htm
CAMPAIGN,id/campaigns/nothinglike/au/sydney-product2,id/campaigns/nothinglike/au/sydney-product2.htm
CAMPAIGN,id/campaigns/nothinglike/au/sydney-product3,id/campaigns/nothinglike/au/sydney-product3.htm
CAMPAIGN,id/campaigns/nothinglike/au/sydney-product4,id/campaigns/nothinglike/au/sydney-product4.htm
CAMPAIGN,id/campaigns/nothinglike/au/sydney-product5,id/campaigns/nothinglike/au/sydney-product5.htm
CAMPAIGN,id/campaigns/nothinglike/au/sydney-product6,id/campaigns/nothinglike/au/sydney-product6.htm
CAMPAIGN,id/campaigns/nothinglike/au/sydney-product7,id/campaigns/nothinglike/au/sydney-product7.htm
CAMPAIGN,id/campaigns/nothinglike/au/sydney-product8,id/campaigns/nothinglike/au/sydney-product8.htm
CAMPAIGN,id/campaigns/nothinglike/au/sydney-product9,id/campaigns/nothinglike/au/sydney-product9.htm
CAMPAIGN,id/campaigns/nothinglike/au/sydney-product10,id/campaigns/nothinglike/au/sydney-product10.htm
CAMPAIGN,id/campaigns/nothinglike/au/sydney-product11,id/campaigns/nothinglike/au/sydney-product11.htm
CAMPAIGN,id/campaigns/nothinglike/au/sydney-itinerary,id/campaigns/nothinglike/au/sydney-itinerary.htm
CAMPAIGN,id/campaigns/nothinglike/au/sydney-itinerary2,id/campaigns/nothinglike/au/sydney-itinerary2.htm
CAMPAIGN,id/campaigns/nothinglike/au/sydney-itinerary3,id/campaigns/nothinglike/au/sydney-itinerary3.htm
CAMPAIGN,id/campaigns/nothinglike/au/sydney-itinerary4,id/campaigns/nothinglike/au/sydney-itinerary4.htm
CAMPAIGN,id/campaigns/nothinglike/au/sydney-experiences,id/campaigns/nothinglike/au/sydney-experiences.htm
CAMPAIGN,id/campaigns/nothinglike/au/uluru,id/campaigns/nothinglike/au/uluru.htm
CAMPAIGN,id/campaigns/nothinglike/au/uluru-product1,id/campaigns/nothinglike/au/uluru-product1.htm
CAMPAIGN,id/campaigns/nothinglike/au/uluru-product2,id/campaigns/nothinglike/au/uluru-product2.htm
CAMPAIGN,id/campaigns/nothinglike/au/uluru-product3,id/campaigns/nothinglike/au/uluru-product3.htm
CAMPAIGN,id/campaigns/nothinglike/au/uluru-product4,id/campaigns/nothinglike/au/uluru-product4.htm
CAMPAIGN,id/campaigns/nothinglike/au/uluru-product5,id/campaigns/nothinglike/au/uluru-product5.htm
CAMPAIGN,id/campaigns/nothinglike/au/uluru-product6,id/campaigns/nothinglike/au/uluru-product6.htm
CAMPAIGN,id/campaigns/nothinglike/au/uluru-product7,id/campaigns/nothinglike/au/uluru-product7.htm
CAMPAIGN,id/campaigns/nothinglike/au/uluru-product8,id/campaigns/nothinglike/au/uluru-product8.htm
CAMPAIGN,id/campaigns/nothinglike/au/uluru-product9,id/campaigns/nothinglike/au/uluru-product9.htm
CAMPAIGN,id/campaigns/nothinglike/au/uluru-itinerary,id/campaigns/nothinglike/au/uluru-itinerary.htm
CAMPAIGN,id/campaigns/nothinglike/au/uluru-experiences,id/campaigns/nothinglike/au/uluru-experiences.htm
CAMPAIGN,id/campaigns/nothinglike/au/wolgan-valley,id/campaigns/nothinglike/au/wolgan-valley.htm
CAMPAIGN,id/campaigns/nothinglike/au/wolgan-valley-product1,id/campaigns/nothinglike/au/wolgan-valley-product1.htm
CAMPAIGN,id/campaigns/nothinglike/au/wolgan-valley-product2,id/campaigns/nothinglike/au/wolgan-valley-product2.htm
CAMPAIGN,id/campaigns/nothinglike/au/wolgan-valley-product3,id/campaigns/nothinglike/au/wolgan-valley-product3.htm
CAMPAIGN,id/campaigns/nothinglike/au/wolgan-valley-product4,id/campaigns/nothinglike/au/wolgan-valley-product4.htm
CAMPAIGN,id/campaigns/nothinglike/au/wolgan-valley-product5,id/campaigns/nothinglike/au/wolgan-valley-product5.htm
CAMPAIGN,id/campaigns/nothinglike/au/wolgan-valley-product6,id/campaigns/nothinglike/au/wolgan-valley-product6.htm
CAMPAIGN,id/campaigns/nothinglike/au/wolgan-valley-product7,id/campaigns/nothinglike/au/wolgan-valley-product7.htm
CAMPAIGN,id/campaigns/nothinglike/au/wolgan-valley-product8,id/campaigns/nothinglike/au/wolgan-valley-product8.htm
CAMPAIGN,id/campaigns/nothinglike/au/wolgan-valley-product9,id/campaigns/nothinglike/au/wolgan-valley-product9.htm
CAMPAIGN,id/campaigns/nothinglike/au/wolgan-valley-product10,id/campaigns/nothinglike/au/wolgan-valley-product10.htm
CAMPAIGN,id/campaigns/nothinglike/au/wolgan-valley-itinerary,id/campaigns/nothinglike/au/wolgan-valley-itinerary.htm
CAMPAIGN,id/campaigns/nothinglike/au/wolgan-valley-itinerary2,id/campaigns/nothinglike/au/wolgan-valley-itinerary2.htm
CAMPAIGN,id/campaigns/nothinglike/au/wolgan-valley-itinerary3,id/campaigns/nothinglike/au/wolgan-valley-itinerary3.htm
CAMPAIGN,id/campaigns/nothinglike/au/wolgan-valley-itinerary4,id/campaigns/nothinglike/au/wolgan-valley-itinerary4.htm
CAMPAIGN,id/campaigns/nothinglike/au/wolgan-valley-itinerary5,id/campaigns/nothinglike/au/wolgan-valley-itinerary5.htm
CAMPAIGN,id/campaigns/nothinglike/au/wolgan-valley-itinerary6,id/campaigns/nothinglike/au/wolgan-valley-itinerary6.htm
CAMPAIGN,id/campaigns/nothinglike/au/wolgan-valley-experiences,id/campaigns/nothinglike/au/wolgan-valley-experiences.htm
ARTICLE,id/planning/australian-public-holidays,id/plan/before-you-go/australian-public-holidays
ARTICLE,id/planning/australian-school-holidays,id/plan/before-you-go/australian-school-holidays
ARTICLE,id/planning/health-safety,id/plan/before-you-go/health-safety
ARTICLE,id/planning/useful-tips,id/plan/before-you-go/useful-tips
ARTICLE,id/articles/australias-animals,id/about/key-facts/australias-animals
ARTICLE,id/articles/heritage-attractions,id/about/culture-history/australian-culture/heritage-attractions
ARTICLE,id/planning/backpacker-essentials,id/plan/before-you-go/work-volunteer-study/backpacker-essentials
ARTICLE,id/planning/backpacker-precincts,id/plan/before-you-go/work-volunteer-study/backpacker-precincts
ARTICLE,id/planning/youth-visa,id/plan/before-you-go/work-volunteer-study/youth-visa
ARTICLE,id/planning/planning-a-trip,id/plan/before-you-go/planning-a-trip
ARTICLE,id/articles/foa-holiday-favourites-au,foa-holiday-favourites-au
ARTICLE,id/articles/foa-holiday-favourites-john-bertrand-au,foa-holiday-favourites-john-bertrand-au
ARTICLE,id/articles/foa-holiday-favourites-terri-irwin-au,foa-holiday-favourites-terri-irwin-au
ARTICLE,id/articles/foa-holiday-favourites-david-whitehill-au,foa-holiday-favourites-david-whitehill-au
ARTICLE,id/articles/foa-holiday-favourites-steve-liebman-au,foa-holiday-favourites-steve-liebman-au
ARTICLE,id/articles/foa-holiday-favourites-sophie-falkiner-au,foa-holiday-favourites-sophie-falkiner-au
CAMPAIGN,id/campaigns/makingtracks/index,id/campaigns/makingtracks/index.htm
CAMPAIGN,id/campaigns/makingtracks/meet-the-musician-Andy-Bull,id/campaigns/makingtracks/meet-the-musician-Andy-Bull.htm
CAMPAIGN,id/campaigns/makingtracks/meet-the-musician-Desmond-NeySmith,id/campaigns/makingtracks/meet-the-musician-Desmond-NeySmith.htm
CAMPAIGN,id/campaigns/makingtracks/meet-the-musician-Dewayne-Everett-Smith,id/campaigns/makingtracks/meet-the-musician-Dewayne-Everett-Smith.htm
CAMPAIGN,id/campaigns/makingtracks/meet-the-musician-Irene-Chen,id/campaigns/makingtracks/meet-the-musician-Irene-Chen.htm
CAMPAIGN,id/campaigns/makingtracks/meet-the-musician-Jasmine-Beam,id/campaigns/makingtracks/meet-the-musician-Jasmine-Beam.htm
CAMPAIGN,id/campaigns/makingtracks/meet-the-musician-Luke-Web,id/campaigns/makingtracks/meet-the-musician-Luke-Web.htm
CAMPAIGN,id/campaigns/makingtracks/meet-the-musician-Samuel-Blair,id/campaigns/makingtracks/meet-the-musician-Samuel-Blair.htm
CAMPAIGN,id/campaigns/makingtracks/meet-the-musician-Stu-Cullen,id/campaigns/makingtracks/meet-the-musician-Stu-Cullen.htm
CAMPAIGN,id/campaigns/makingtracks/musical-pairs-luke-desmond,id/campaigns/makingtracks/musical-pairs-luke-desmond.htm
CAMPAIGN,id/campaigns/makingtracks/musical-pairs-andy-irene,id/campaigns/makingtracks/musical-pairs-andy-irene.htm
CAMPAIGN,id/campaigns/makingtracks/musical-pairs-dewayne-jasmine,id/campaigns/makingtracks/musical-pairs-dewayne-jasmine.htm
CAMPAIGN,id/campaigns/makingtracks/musical-pairs-stu-samuel,id/campaigns/makingtracks/musical-pairs-stu-samuel.htm